native_fs_hz,frequency_hz,magnitude_db,phase_rad
200,0,np.float64(-1.9286549331065743e-15),0
200,0.048828125,np.float64(-5.1358058767233754e-05),-0.00624447366
200,0.09765625,-0.0002054200826,-0.01248879285
200,0.146484375,-0.000462149619,-0.01873280315
200,0.1953125,-0.0008214859299,-0.02497635024
200,0.244140625,-0.001283344016,-0.03121927995
200,0.29296875,-0.00184761465,-0.03746143834
200,0.341796875,-0.002514164421,-0.04370267169
200,0.390625,-0.003282835787,-0.0499428266
200,0.439453125,-0.004153447136,-0.05618175003
200,0.48828125,-0.00512579286,-0.06241928934
200,0.537109375,-0.006199643437,-0.06865529236
200,0.5859375,-0.007374745519,-0.07488960742
200,0.634765625,-0.008650822033,-0.08112208339
200,0.68359375,-0.01002757229,-0.08735256976
200,0.732421875,-0.01150467211,-0.09358091668
200,0.78125,-0.01308177393,-0.09980697499
200,0.830078125,-0.01475850696,-0.1060305963
200,0.87890625,-0.01653447733,-0.112251633
200,0.927734375,-0.01840926822,-0.1184699383
200,0.9765625,-0.02038244005,-0.1246853663
200,1.025390625,-0.02245353061,-0.1308977722
200,1.07421875,-0.02462205529,-0.1371070119
200,1.123046875,-0.02688750725,-0.1433129426
200,1.171875,-0.02924935756,-0.1495154224
200,1.220703125,-0.03170705551,-0.1557143105
200,1.26953125,-0.0342600287,-0.1619094675
200,1.318359375,-0.03690768336,-0.1681007549
200,1.3671875,-0.0396494045,-0.1742880356
200,1.416015625,-0.04248455618,-0.1804711739
200,1.46484375,-0.04541248175,-0.1866500351
200,1.513671875,-0.04843250408,-0.1928244861
200,1.5625,-0.05154392579,-0.1989943953
200,1.611328125,-0.05474602958,-0.2051596323
200,1.66015625,-0.05803807841,-0.2113200683
200,1.708984375,-0.06141931582,-0.217475576
200,1.7578125,-0.0648889662,-0.2236260296
200,1.806640625,-0.06844623505,-0.2297713051
200,1.85546875,-0.07209030928,-0.23591128
200,1.904296875,-0.07582035752,-0.2420458332
200,1.953125,-0.07963553037,-0.2481748458
200,2.001953125,-0.08353496075,-0.2542982001
200,2.05078125,-0.08751776416,-0.2604157806
200,2.099609375,-0.09158303902,-0.2665274732
200,2.1484375,-0.09572986698,-0.2726331659
200,2.197265625,-0.09995731322,-0.2787327485
200,2.24609375,-0.1042644268,-0.2848261125
200,2.294921875,-0.1086502409,-0.2909131513
200,2.34375,-0.1131137733,-0.2969937605
200,2.392578125,-0.1176540265,-0.3030678374
200,2.44140625,-0.1222699883,-0.3091352813
200,2.490234375,-0.126960632,-0.3151959936
200,2.5390625,-0.1317249165,-0.3212498775
200,2.587890625,-0.1365617872,-0.3272968384
200,2.63671875,-0.1414701759,-0.3333367837
200,2.685546875,-0.1464490011,-0.339369623
200,2.734375,-0.1514971686,-0.3453952678
200,2.783203125,-0.156613572,-0.3514136317
200,2.83203125,-0.1617970923,-0.3574246307
200,2.880859375,-0.1670465991,-0.3634281827
200,2.9296875,-0.1723609505,-0.3694242077
200,2.978515625,-0.1777389934,-0.3754126281
200,3.02734375,-0.183179564,-0.3813933684
200,3.076171875,-0.1886814883,-0.3873663551
200,3.125,-0.194243582,-0.3933315171
200,3.173828125,-0.1998646513,-0.3992887856
200,3.22265625,-0.2055434928,-0.4052380937
200,3.271484375,-0.2112788943,-0.4111793772
200,3.3203125,-0.217069635,-0.4171125737
200,3.369140625,-0.2229144854,-0.4230376232
200,3.41796875,-0.2288122084,-0.4289544681
200,3.466796875,-0.234761559,-0.4348630529
200,3.515625,-0.2407612849,-0.4407633244
200,3.564453125,-0.246810127,-0.4466552316
200,3.61328125,-0.2529068192,-0.452538726
200,3.662109375,-0.2590500895,-0.4584137612
200,3.7109375,-0.2652386595,-0.4642802929
200,3.759765625,-0.2714712453,-0.4701382796
200,3.80859375,-0.2777465577,-0.4759876815
200,3.857421875,-0.2840633023,-0.4818284614
200,3.90625,-0.2904201802,-0.4876605843
200,3.955078125,-0.2968158877,-0.4934840175
200,4.00390625,-0.3032491175,-0.4992987306
200,4.052734375,-0.3097185582,-0.5051046953
200,4.1015625,-0.3162228949,-0.5109018858
200,4.150390625,-0.3227608096,-0.5166902785
200,4.19921875,-0.3293309813,-0.5224698518
200,4.248046875,-0.3359320867,-0.5282405867
200,4.296875,-0.3425627997,-0.5340024662
200,4.345703125,-0.3492217926,-0.5397554758
200,4.39453125,-0.3559077358,-0.5454996029
200,4.443359375,-0.3626192981,-0.5512348374
200,4.4921875,-0.3693551473,-0.5569611712
200,4.541015625,-0.3761139502,-0.5626785987
200,4.58984375,-0.382894373,-0.5683871161
200,4.638671875,-0.3896950814,-0.5740867221
200,4.6875,-0.396514741,-0.5797774175
200,4.736328125,-0.4033520175,-0.5854592052
200,4.78515625,-0.410205577,-0.5911320904
200,4.833984375,-0.4170740863,-0.5967960802
200,4.8828125,-0.4239562128,-0.6024511842
200,4.931640625,-0.4308506253,-0.6080974138
200,4.98046875,-0.4377559936,-0.6137347826
200,5.029296875,-0.4446709893,-0.6193633065
200,5.078125,-0.4515942856,-0.6249830032
200,5.126953125,-0.4585245578,-0.6305938926
200,5.17578125,-0.4654604833,-0.6361959967
200,5.224609375,-0.4724007421,-0.6417893395
200,5.2734375,-0.4793440166,-0.6473739471
200,5.322265625,-0.4862889922,-0.6529498476
200,5.37109375,-0.4932343572,-0.658517071
200,5.419921875,-0.5001788031,-0.6640756495
200,5.46875,-0.507121025,-0.669625617
200,5.517578125,-0.5140597214,-0.6751670098
200,5.56640625,-0.5209935946,-0.6806998656
200,5.615234375,-0.5279213508,-0.6862242246
200,5.6640625,-0.5348417006,-0.6917401285
200,5.712890625,-0.5417533585,-0.6972476211
200,5.76171875,-0.5486550437,-0.702746748
200,5.810546875,-0.5555454799,-0.7082375569
200,5.859375,-0.5624233957,-0.7137200971
200,5.908203125,-0.5692875245,-0.7191944198
200,5.95703125,-0.5761366047,-0.7246605782
200,6.005859375,-0.5829693801,-0.7301186272
200,6.0546875,-0.5897845998,-0.7355686235
200,6.103515625,-0.5965810183,-0.7410106256
200,6.15234375,-0.6033573959,-0.7464446938
200,6.201171875,-0.6101124983,-0.7518708902
200,6.25,-0.6168450976,-0.7572892785
200,6.298828125,-0.6235539714,-0.7626999243
200,6.34765625,-0.6302379038,-0.7681028948
200,6.396484375,-0.6368956849,-0.773498259
200,6.4453125,-0.6435261113,-0.7788860874
200,6.494140625,-0.650127986,-0.7842664525
200,6.54296875,-0.6567001184,-0.7896394282
200,6.591796875,-0.6632413249,-0.79500509
200,6.640625,-0.6697504285,-0.8003635153
200,6.689453125,-0.6762262589,-0.8057147828
200,6.73828125,-0.682667653,-0.8110589731
200,6.787109375,-0.6890734548,-0.8163961681
200,6.8359375,-0.6954425151,-0.8217264515
200,6.884765625,-0.7017736922,-0.8270499085
200,6.93359375,-0.7080658516,-0.8323666258
200,6.982421875,-0.7143178663,-0.8376766916
200,7.03125,-0.7205286166,-0.8429801958
200,7.080078125,-0.7266969905,-0.8482772296
200,7.12890625,-0.7328218834,-0.8535678859
200,7.177734375,-0.7389021987,-0.8588522588
200,7.2265625,-0.7449368472,-0.8641304441
200,7.275390625,-0.7509247477,-0.8694025391
200,7.32421875,-0.7568648269,-0.8746686423
200,7.373046875,-0.7627560195,-0.8799288539
200,7.421875,-0.7685972679,-0.8851832753
200,7.470703125,-0.774387523,-0.8904320094
200,7.51953125,-0.7801257435,-0.8956751607
200,7.568359375,-0.7858108963,-0.9009128347
200,7.6171875,-0.7914419568,-0.9061451386
200,7.666015625,-0.7970179083,-0.9113721808
200,7.71484375,-0.8025377428,-0.9165940711
200,7.763671875,-0.8080004604,-0.9218109208
200,7.8125,-0.8134050698,-0.9270228422
200,7.861328125,-0.8187505882,-0.9322299492
200,7.91015625,-0.8240360411,-0.937432357
200,7.958984375,-0.829260463,-0.942630182
200,8.0078125,-0.8344228965,-0.947823542
200,8.056640625,-0.8395223933,-0.953012556
200,8.10546875,-0.8445580136,-0.9581973445
200,8.154296875,-0.8495288264,-0.9633780289
200,8.203125,-0.8544339095,-0.9685547322
200,8.251953125,-0.8592723494,-0.9737275785
200,8.30078125,-0.8640432418,-0.9788966933
200,8.349609375,-0.868745691,-0.9840622031
200,8.3984375,-0.8733788103,-0.989224236
200,8.447265625,-0.8779417223,-0.9943829209
200,8.49609375,-0.8824335581,-0.9995383883
200,8.544921875,-0.8868534585,-1.00469077
200,8.59375,-0.891200573,-1.009840198
200,8.642578125,-0.8954740603,-1.014986807
200,8.69140625,-0.8996730885,-1.020130732
200,8.740234375,-0.9037968348,-1.02527211
200,8.7890625,-0.9078444857,-1.030411077
200,8.837890625,-0.9118152371,-1.035547774
200,8.88671875,-0.9157082941,-1.040682339
200,8.935546875,-0.9195228714,-1.045814914
200,8.984375,-0.9232581932,-1.050945641
200,9.033203125,-0.926913493,-1.056074664
200,9.08203125,-0.9304880139,-1.061202127
200,9.130859375,-0.9339810088,-1.066328177
200,9.1796875,-0.93739174,-1.07145296
200,9.228515625,-0.9407194797,-1.076576625
200,9.27734375,-0.9439635096,-1.08169932
200,9.326171875,-0.9471231214,-1.086821196
200,9.375,-0.9501976166,-1.091942405
200,9.423828125,-0.9531863066,-1.0970631
200,9.47265625,-0.9560885127,-1.102183434
200,9.521484375,-0.9589035664,-1.107303563
200,9.5703125,-0.961630809,-1.112423643
200,9.619140625,-0.9642695922,-1.117543831
200,9.66796875,-0.9668192778,-1.122664285
200,9.716796875,-0.9692792377,-1.127785166
200,9.765625,-0.9716488544,-1.132906634
200,9.814453125,-0.9739275207,-1.138028851
200,9.86328125,-0.9761146398,-1.14315198
200,9.912109375,-0.9782096255,-1.148276185
200,9.9609375,-0.9802119023,-1.153401632
200,10.00976562,-0.9821209051,-1.158528487
200,10.05859375,-0.98393608,-1.163656918
200,10.10742187,-0.9856568835,-1.168787093
200,10.15625,-0.9872827835,-1.173919183
200,10.20507812,-0.9888132586,-1.179053358
200,10.25390625,-0.9902477985,-1.184189791
200,10.30273438,-0.9915859045,-1.189328655
200,10.3515625,-0.9928270887,-1.194470124
200,10.40039062,-0.9939708749,-1.199614374
200,10.44921875,-0.9950167984,-1.204761582
200,10.49804688,-0.9959644059,-1.209911926
200,10.546875,-0.9968132562,-1.215065584
200,10.59570312,-0.9975629195,-1.220222737
200,10.64453125,-0.9982129783,-1.225383567
200,10.69335938,-0.9987630268,-1.230548255
200,10.7421875,-0.9992126718,-1.235716986
200,10.79101562,-0.9995615321,-1.240889944
200,10.83984375,-0.9998092389,-1.246067316
200,10.88867188,-0.9999554363,-1.251249287
200,10.9375,-0.9999997808,-1.256436047
200,10.98632812,-0.9999419418,-1.261627785
200,11.03515625,-0.9997816017,-1.266824692
200,11.08398437,-0.9995184561,-1.272026959
200,11.1328125,-0.9991522137,-1.277234779
200,11.18164062,-0.998682597,-1.282448347
200,11.23046875,-0.9981093416,-1.287667857
200,11.27929688,-0.9974321974,-1.292893506
200,11.328125,-0.9966509276,-1.298125491
200,11.37695312,-0.9957653102,-1.303364012
200,11.42578125,-0.9947751368,-1.308609268
200,11.47460938,-0.993680214,-1.31386146
200,11.5234375,-0.9924803627,-1.31912079
200,11.57226562,-0.9911754189,-1.324387462
200,11.62109375,-0.9897652333,-1.329661681
200,11.66992187,-0.9882496721,-1.334943652
200,11.71875,-0.9866286169,-1.340233581
200,11.76757812,-0.9849019647,-1.345531678
200,11.81640625,-0.9830696288,-1.350838151
200,11.86523438,-0.981131538,-1.35615321
200,11.9140625,-0.979087638,-1.361477068
200,11.96289062,-0.9769378906,-1.366809937
200,12.01171875,-0.9746822745,-1.37215203
200,12.06054687,-0.9723207855,-1.377503563
200,12.109375,-0.9698534364,-1.382864752
200,12.15820312,-0.9672802577,-1.388235814
200,12.20703125,-0.9646012976,-1.393616968
200,12.25585938,-0.9618166224,-1.399008433
200,12.3046875,-0.9589263165,-1.404410431
200,12.35351562,-0.9559304829,-1.409823181
200,12.40234375,-0.9528292435,-1.415246909
200,12.45117188,-0.9496227393,-1.420681838
200,12.5,-0.9463111306,-1.426128193
200,12.54882812,-0.9428945975,-1.4315862
200,12.59765625,-0.93937334,-1.437056086
200,12.64648437,-0.9357475785,-1.442538081
200,12.6953125,-0.9320175539,-1.448032414
200,12.74414062,-0.928183528,-1.453539315
200,12.79296875,-0.9242457839,-1.459059017
200,12.84179688,-0.9202046262,-1.46459175
200,12.890625,-0.9160603816,-1.470137751
200,12.93945312,-0.9118133986,-1.475697252
200,12.98828125,-0.9074640488,-1.481270491
200,13.03710938,-0.9030127263,-1.486857703
200,13.0859375,-0.8984598487,-1.492459127
200,13.13476562,-0.8938058571,-1.498075001
200,13.18359375,-0.8890512167,-1.503705564
200,13.23242187,-0.884196417,-1.509351057
200,13.28125,-0.8792419722,-1.515011723
200,13.33007812,-0.8741884218,-1.520687802
200,13.37890625,-0.8690363306,-1.526379537
200,13.42773438,-0.8637862893,-1.532087174
200,13.4765625,-0.8584389151,-1.537810957
200,13.52539062,-0.8529948515,-1.543551131
200,13.57421875,-0.8474547694,-1.549307942
200,13.62304687,-0.8418193671,-1.555081638
200,13.671875,-0.8360893708,-1.560872466
200,13.72070312,-0.8302655348,-1.566680675
200,13.76953125,-0.8243486426,-1.572506514
200,13.81835938,-0.8183395064,-1.578350232
200,13.8671875,-0.8122389681,-1.58421208
200,13.91601562,-0.8060478997,-1.590092307
200,13.96484375,-0.7997672037,-1.595991166
200,14.01367188,-0.7933978132,-1.601908908
200,14.0625,-0.7869406928,-1.607845785
200,14.11132812,-0.7803968388,-1.61380205
200,14.16015625,-0.7737672797,-1.619777954
200,14.20898437,-0.7670530767,-1.625773751
200,14.2578125,-0.7602553238,-1.631789695
200,14.30664062,-0.7533751488,-1.637826038
200,14.35546875,-0.7464137133,-1.643883034
200,14.40429688,-0.7393722134,-1.649960936
200,14.453125,-0.7322518799,-1.656059999
200,14.50195312,-0.7250539791,-1.662180474
200,14.55078125,-0.7177798129,-1.668322617
200,14.59960938,-0.7104307193,-1.674486679
200,14.6484375,-0.703008073,-1.680672913
200,14.69726562,-0.6955132857,-1.686881573
200,14.74609375,-0.6879478066,-1.69311291
200,14.79492187,-0.6803131228,-1.699367175
200,14.84375,-0.6726107598,-1.705644621
200,14.89257812,-0.6648422815,-1.711945497
200,14.94140625,-0.6570092914,-1.718270054
200,14.99023438,-0.6491134323,-1.724618539
200,15.0390625,-0.641156387,-1.730991202
200,15.08789062,-0.6331398786,-1.73738829
200,15.13671875,-0.625065671,-1.743810048
200,15.18554687,-0.6169355691,-1.750256721
200,15.234375,-0.6087514194,-1.756728554
200,15.28320312,-0.6005151101,-1.763225788
200,15.33203125,-0.5922285716,-1.769748664
200,15.38085938,-0.5838937766,-1.776297423
200,15.4296875,-0.5755127408,-1.782872301
200,15.47851562,-0.5670875229,-1.789473534
200,15.52734375,-0.5586202249,-1.796101356
200,15.57617188,-0.5501129924,-1.802756
200,15.625,-0.5415680151,-1.809437695
200,15.67382812,-0.5329875264,-1.816146668
200,15.72265625,-0.5243738043,-1.822883146
200,15.77148437,-0.5157291711,-1.82964735
200,15.8203125,-0.5070559939,-1.836439501
200,15.86914062,-0.4983566843,-1.843259817
200,15.91796875,-0.4896336992,-1.850108511
200,15.96679688,-0.4808895401,-1.856985794
200,16.015625,-0.4721267536,-1.863891876
200,16.06445312,-0.4633479316,-1.870826961
200,16.11328125,-0.4545557107,-1.87779125
200,16.16210938,-0.4457527727,-1.88478494
200,16.2109375,-0.4369418445,-1.891808227
200,16.25976562,-0.4281256975,-1.898861299
200,16.30859375,-0.4193071481,-1.905944342
200,16.35742188,-0.4104890571,-1.913057538
200,16.40625,-0.4016743297,-1.920201065
200,16.45507812,-0.3928659152,-1.927375093
200,16.50390625,-0.3840668065,-1.934579792
200,16.55273437,-0.3752800402,-1.941815324
200,16.6015625,-0.3665086956,-1.949081845
200,16.65039062,-0.3577558949,-1.95637951
200,16.69921875,-0.3490248022,-1.963708463
200,16.74804688,-0.3403186236,-1.971068847
200,16.796875,-0.3316406057,-1.978460796
200,16.84570312,-0.3229940358,-1.985884441
200,16.89453125,-0.3143822409,-1.993339902
200,16.94335938,-0.3058085868,-2.000827298
200,16.9921875,-0.2972764775,-2.008346738
200,17.04101562,-0.2887893544,-2.015898326
200,17.08984375,-0.2803506951,-2.023482156
200,17.13867188,-0.2719640127,-2.031098319
200,17.1875,-0.2636328546,-2.038746896
200,17.23632812,-0.2553608013,-2.046427961
200,17.28515625,-0.2471514657,-2.05414158
200,17.33398438,-0.239008491,-2.061887812
200,17.3828125,-0.2309355504,-2.069666707
200,17.43164062,-0.2229363448,-2.077478307
200,17.48046875,-0.215014602,-2.085322645
200,17.52929687,-0.207174075,-2.093199747
200,17.578125,-0.19941854,-2.101109628
200,17.62695312,-0.1917517955,-2.109052294
200,17.67578125,-0.1841776599,-2.117027745
200,17.72460938,-0.1766999701,-2.125035967
200,17.7734375,-0.1693225791,-2.13307694
200,17.82226562,-0.1620493547,-2.141150632
200,17.87109375,-0.1548841771,-2.149257003
200,17.91992188,-0.1478309367,-2.157396002
200,17.96875,-0.1408935321,-2.165567567
200,18.01757812,-0.1340758677,-2.173771627
200,18.06640625,-0.1273818516,-2.182008099
200,18.11523438,-0.1208153927,-2.190276892
200,18.1640625,-0.1143803988,-2.1985779
200,18.21289062,-0.1080807736,-2.206911011
200,18.26171875,-0.1019204142,-2.215276097
200,18.31054688,-0.09590320863,-2.223673024
200,18.359375,-0.09003303254,-2.232101642
200,18.40820312,-0.08431374683,-2.240561793
200,18.45703125,-0.07874919452,-2.249053305
200,18.50585937,-0.07334319781,-2.257575998
200,18.5546875,-0.06809955505,-2.266129676
200,18.60351562,-0.06302203757,-2.274714135
200,18.65234375,-0.05811438661,-2.283329157
200,18.70117187,-0.05338031,-2.291974513
200,18.75,-0.04882347893,-2.300649964
200,18.79882812,-0.04444752462,-2.309355257
200,18.84765625,-0.04025603492,-2.318090127
200,18.89648438,-0.0362525509,-2.326854299
200,18.9453125,-0.03244056337,-2.335647486
200,18.99414062,-0.02882350937,-2.344469387
200,19.04296875,-0.02540476866,-2.353319693
200,19.09179688,-0.02218766011,-2.36219808
200,19.140625,-0.01917543813,-2.371104215
200,19.18945312,-0.01637128903,-2.380037752
200,19.23828125,-0.01377832741,-2.388998335
200,19.28710938,-0.01139959245,-2.397985595
200,19.3359375,-0.009238044342,-2.406999155
200,19.38476562,-0.007296560535,-2.416038623
200,19.43359375,-0.005577932132,-2.425103599
200,19.48242188,-0.004084860211,-2.434193672
200,19.53125,-0.002819952184,-2.443308421
200,19.58007812,-0.001785718178,-2.452447413
200,19.62890625,-0.0009845674191,-2.461610208
200,19.67773437,-0.000418804667,-2.470796354
200,19.7265625,np.float64(-9.0626665869485e-05),-2.48000539
200,19.77539062,np.float64(-2.1186427825577783e-06),-2.489236846
200,19.82421875,-0.0001552508476,-2.498490244
200,19.87304688,-0.000551875144,-2.507765096
200,19.921875,-0.001193721655,-2.517060907
200,19.97070312,-0.002082395471,-2.526377174
200,20.01953125,-0.003219373424,-2.535713385
200,20.06835938,-0.004606000931,-2.545069022
200,20.1171875,-0.00624348892,-2.554443561
200,20.16601562,-0.008132910834,-2.56383647
200,20.21484375,-0.01027519973,-2.573247212
200,20.26367188,-0.01267114544,-2.582675243
200,20.3125,-0.01532139191,-2.592120017
200,20.36132812,-0.01822643452,-2.601580979
200,20.41015625,-0.02138661762,-2.611057574
200,20.45898438,-0.02480213211,-2.62054924
200,20.5078125,-0.02847301318,-2.630055414
200,20.55664062,-0.03239913813,-2.639575528
200,20.60546875,-0.03658022435,-2.649109014
200,20.65429687,-0.04101582736,-2.6586553
200,20.703125,-0.0457053391,-2.668213815
200,20.75195312,-0.0506479862,-2.677783987
200,20.80078125,-0.05584282851,-2.687365241
200,20.84960938,-0.06128875771,-2.696957006
200,20.8984375,-0.06698449604,-2.706558709
200,20.94726562,-0.07292859526,-2.716169781
200,20.99609375,-0.07911943559,-2.725789654
200,21.04492188,-0.085555225,-2.735417762
200,21.09375,-0.09223399846,-2.745053543
200,21.14257812,-0.09915361742,-2.754696438
200,21.19140625,-0.1063117695,-2.764345893
200,21.24023438,-0.113705968,-2.77400136
200,21.2890625,-0.1213335522,-2.783662294
200,21.33789062,-0.1291916871,-2.793328158
200,21.38671875,-0.1372773635,-2.802998421
200,21.43554688,-0.1455873987,-2.81267256
200,21.484375,-0.1541184368,-2.822350058
200,21.53320312,-0.1628669489,-2.832030408
200,21.58203125,-0.1718292345,-2.841713113
200,21.63085937,-0.1810014218,-2.851397683
200,21.6796875,-0.1903794689,-2.861083639
200,21.72851562,-0.199959165,-2.870770515
200,21.77734375,-0.2097361313,-2.880457854
200,21.82617187,-0.2197058226,-2.89014521
200,21.875,-0.2298635287,-2.899832152
200,21.92382812,-0.2402043759,-2.90951826
200,21.97265625,-0.2507233285,-2.919203128
200,22.02148438,-0.261415191,-2.928886365
200,22.0703125,-0.2722746093,-2.938567594
200,22.11914062,-0.2832960732,-2.948246452
200,22.16796875,-0.2944739181,-2.957922592
200,22.21679688,-0.3058023271,-2.967595685
200,22.265625,-0.3172753334,-2.977265416
200,22.31445312,-0.3288868222,-2.98693149
200,22.36328125,-0.3406305331,-2.996593626
200,22.41210938,-0.3525000625,-3.006251563
200,22.4609375,-0.3644888661,-3.01590506
200,22.50976562,-0.376590261,-3.025553893
200,22.55859375,-0.3887974285,-3.035197858
200,22.60742187,-0.4011034165,-3.04483677
200,22.65625,-0.4135011419,-3.054470467
200,22.70507812,-0.4259833934,-3.064098804
200,22.75390625,-0.4385428339,-3.073721662
200,22.80273437,-0.4511720034,-3.08333894
200,22.8515625,-0.463863321,-3.09295056
200,22.90039062,-0.4766090883,-3.102556467
200,22.94921875,-0.4894014913,-3.112156629
200,22.99804688,-0.5022326034,-3.121751037
200,23.046875,-0.515094388,-3.131339706
200,23.09570312,-0.5279787011,-3.140922675
200,23.14453125,-0.5408772935,-3.150500008
200,23.19335938,-0.5537818138,-3.160071793
200,23.2421875,-0.5666838108,-3.169638146
200,23.29101562,-0.5795747361,-3.179199206
200,23.33984375,-0.5924459462,-3.188755139
200,23.38867188,-0.6052887055,-3.198306139
200,23.4375,-0.6180941884,-3.207852426
200,23.48632812,-0.6308534817,-3.217394247
200,23.53515625,-0.6435575871,-3.226931878
200,23.58398438,-0.6561974234,-3.236465623
200,23.6328125,-0.6687638291,-3.245995815
200,23.68164062,-0.6812475642,-3.255522816
200,23.73046875,-0.6936393127,-3.265047018
200,23.77929687,-0.7059296851,-3.274568844
200,23.828125,-0.7181092198,-3.284088746
200,23.87695312,-0.7301683861,-3.293607208
200,23.92578125,-0.7420975858,-3.303124746
200,23.97460938,-0.7538871555,-3.312641909
200,24.0234375,-0.7655273686,-3.322159278
200,24.07226562,-0.7770084377,-3.331677468
200,24.12109375,-0.7883205159,-3.341197126
200,24.16992188,-0.7994536999,-3.350718936
200,24.21875,-0.8103980313,-3.360243618
200,24.26757812,-0.821143499,-3.369771924
200,24.31640625,-0.8316800413,-3.379304648
200,24.36523438,-0.8419975478,-3.388842617
200,24.4140625,-0.8520858621,-3.398386698
200,24.46289062,-0.8619347835,-3.407937797
200,24.51171875,-0.8715340695,-3.41749686
200,24.56054688,-0.8808734381,-3.427064874
200,24.609375,-0.8899425705,-3.436642866
200,24.65820312,-0.8987311132,-3.446231906
200,24.70703125,-0.9072286811,-3.45583311
200,24.75585937,-0.91542486,-3.465447635
200,24.8046875,-0.9233092097,-3.475076686
200,24.85351562,-0.9308712672,-3.484721514
200,24.90234375,-0.9381005498,-3.494383419
200,24.95117187,-0.9449865588,-3.504063749
200,25,-0.9515187834,-3.513763903
200,25.04882812,-0.9576867046,-3.523485333
200,25.09765625,-0.9634797997,-3.533229543
200,25.14648438,-0.9688875468,-3.542998092
200,25.1953125,-0.9738994302,-3.552792596
200,25.24414062,-0.9785049458,-3.56261473
200,25.29296875,-0.9826936068,-3.572466227
200,25.34179688,-0.9864549506,-3.582348883
200,25.390625,-0.9897785453,-3.592264557
200,25.43945312,-0.9926539978,-3.602215174
200,25.48828125,-0.9950709615,-3.612202726
200,25.53710938,-0.9970191456,-3.622229275
200,25.5859375,-0.9984883249,-3.632296954
200,25.63476562,-0.9994683498,-3.642407972
200,25.68359375,-0.9999491586,-3.652564614
200,25.73242187,-0.9999207891,-3.662769243
200,25.78125,-0.9993733929,-3.673024305
200,25.83007812,-0.9982972495,-3.683332332
200,25.87890625,-0.9966827828,-3.69369594
200,25.92773437,-0.9945205781,-3.704117839
200,25.9765625,-0.9918014012,-3.71460083
200,26.02539062,-0.9885162188,-3.725147811
200,26.07421875,-0.9846562208,-3.735761783
200,26.12304688,-0.9802128445,-3.746445846
200,26.171875,-0.9751778006,-3.757203211
200,26.22070312,-0.9695431019,-3.768037198
200,26.26953125,-0.9633010939,-3.77895124
200,26.31835938,-0.9564444883,-3.789948891
200,26.3671875,-0.9489663994,-3.801033828
200,26.41601562,-0.9408603829,-3.812209851
200,26.46484375,-0.932120479,-3.823480894
200,26.51367188,-0.9227412576,-3.834851025
200,26.5625,-0.9127178687,-3.846324452
200,26.61132812,-0.9020460961,-3.857905527
200,26.66015625,-0.8907224152,-3.869598751
200,26.70898437,-0.8787440563,-3.881408778
200,26.7578125,-0.8661090721,-3.89334042
200,26.80664062,-0.8528164113,-3.905398651
200,26.85546875,-0.8388659974,-3.917588614
200,26.90429687,-0.8242588138,-3.929915622
200,26.953125,-0.8089969961,-3.942385166
200,27.00195312,-0.7930839303,-3.955002916
200,27.05078125,-0.7765243595,-3.967774728
200,27.09960938,-0.759324498,-3.980706646
200,27.1484375,-0.7414921541,-3.993804909
200,27.19726562,-0.7230368619,-4.007075948
200,27.24609375,-0.7039700219,-4.020526397
200,27.29492188,-0.6843050526,-4.034163087
200,27.34375,-0.6640575517,-4.047993056
200,27.39257812,-0.6432454687,-4.062023542
200,27.44140625,-0.6218892883,-4.076261989
200,27.49023438,-0.6000122265,-4.090716043
200,27.5390625,-0.5776404378,-4.105393552
200,27.58789062,-0.554803236,-4.120302559
200,27.63671875,-0.5315333265,-4.135451303
200,27.68554688,-0.5078670524,-4.150848204
200,27.734375,-0.4838446529,-4.166501861
200,27.78320312,-0.4595105342,-4.182421038
200,27.83203125,-0.4349135525,-4.198614651
200,27.88085937,-0.4101073091,-4.215091752
200,27.9296875,-0.3851504553,-4.231861505
200,27.97851562,-0.3601070069,-4.24893317
200,28.02734375,-0.3350466667,-4.26631607
200,28.07617187,-0.3100451519,-4.284019563
200,28.125,-0.2851845251,-4.302053004
200,28.17382812,-0.2605535243,-4.320425704
200,28.22265625,-0.2362478896,-4.339146884
200,28.27148438,-0.2123706805,-4.358225625
200,28.3203125,-0.1890325799,-4.377670804
200,28.36914062,-0.1663521777,-4.397491033
200,28.41796875,-0.144456227,-4.417694585
200,28.46679688,-0.1234798659,-4.438289319
200,28.515625,-0.1035667951,-4.459282588
200,28.56445312,-0.08486940185,-4.48068115
200,28.61328125,-0.06754881955,-4.502491065
200,28.66210938,-0.05177491213,-4.524717591
200,28.7109375,-0.03772617053,-4.547365068
200,28.75976562,-0.02558950928,-4.570436802
200,28.80859375,-0.01555995051,-4.593934938
200,28.85742187,-0.007840182993,-4.617860335
200,28.90625,-0.002639984535,-4.64221244
200,28.95507812,-0.0001754968428,-4.666989156
200,29.00390625,-0.0006683439824,-4.692186716
200,29.05273437,-0.004344587532,-4.717799566
200,29.1015625,-0.01143351456,-4.743820244
200,29.15039062,-0.02216625808,-4.770239286
200,29.19921875,-0.03677425395,-4.797045126
200,29.24804688,-0.05548754285,-4.824224033
200,29.296875,-0.0785329314,-4.851760053
200,29.34570312,-0.1061320321,-4.879634983
200,29.39453125,-0.1384992075,-4.907828371
200,29.44335938,-0.1758394494,-4.936317541
200,29.4921875,-0.2183462301,-4.965077653
200,29.54101562,-0.2661993653,-4.994081797
200,29.58984375,-0.319562934,-5.023301118
200,29.63867188,-0.3785833012,-5.052704974
200,29.6875,-0.4433872905,-5.082261126
200,29.73632812,-0.514080552,-5.111935964
200,29.78515625,-0.5907461686,-5.141694746
200,29.83398437,-0.6734435383,-5.171501876
200,29.8828125,-0.7622075632,-5.201321183
200,29.93164062,-0.8570481686,-5.231116227
200,29.98046875,-0.9579501658,-5.260850595
200,30.02929687,-1.064873463,-5.290488214
200,30.078125,-1.177753618,-5.319993639
200,30.12695312,-1.296502715,-5.34933234
200,30.17578125,-1.421010547,-5.378470969
200,30.22460938,-1.551146057,-5.407377597
200,30.2734375,-1.686759023,-5.436021936
200,30.32226562,-1.827681914,-5.464375514
200,30.37109375,-1.973731898,-5.492411835
200,30.41992188,-2.124712932,-5.520106493
200,30.46875,-2.280417909,-5.547437259
200,30.51757812,-2.440630803,-5.574384132
200,30.56640625,-2.605128776,-5.600929363
200,30.61523438,-2.773684218,-5.627057444
200,30.6640625,-2.946066678,-5.652755079
200,30.71289062,-3.12204468,-5.678011122
200,30.76171875,-3.301387383,-5.702816505
200,30.81054687,-3.483866092,-5.727164145
200,30.859375,-3.6692556,-5.751048835
200,30.90820312,-3.857335364,-5.774467132
200,30.95703125,-4.047890514,-5.797417232
200,31.00585937,-4.240712699,-5.819898846
200,31.0546875,-4.43560078,-5.841913068
200,31.10351562,-4.632361379,-5.863462249
200,31.15234375,-4.830809286,-5.88454987
200,31.20117187,-5.030767755,-5.90518042
200,31.25,-5.232068681,-5.925359279
200,31.29882812,-5.434552684,-5.945092604
200,31.34765625,-5.638069109,-5.964387225
200,31.39648438,-5.842475947,-5.983250548
200,31.4453125,-6.047639702,-6.001690458
200,31.49414062,-6.2534352,-6.019715241
200,31.54296875,-6.459745361,-6.0373335
200,31.59179688,-6.666460932,-6.054554091
200,31.640625,-6.873480203,-6.071386055
200,31.68945312,-7.080708695,-6.087838561
200,31.73828125,-7.288058841,-6.103920858
200,31.78710938,-7.495449658,-6.119642228
200,31.8359375,-7.702806414,-6.135011943
200,31.88476562,-7.910060301,-6.150039236
200,31.93359375,-8.117148105,-6.164733266
200,31.98242187,-8.324011884,-6.179103093
200,32.03125,-8.530598656,-6.193157657
200,32.08007812,-8.736860096,-6.206905757
200,32.12890625,-8.942752243,-6.220356036
200,32.17773438,-9.148235216,-6.233516969
200,32.2265625,-9.35327295,-6.246396851
200,32.27539062,-9.557832935,-6.259003789
200,32.32421875,-9.761885977,-6.271345695
200,32.37304687,-9.965405962,-6.283430285
200,32.421875,-10.16836964,-6.29526507
200,32.47070312,-10.37075644,-6.306857359
200,32.51953125,-10.57254821,-6.318214256
200,32.56835937,-10.77372914,-6.329342662
200,32.6171875,-10.97428549,-6.340249274
200,32.66601562,-11.1742055,-6.350940589
200,32.71484375,-11.37347919,-6.361422906
200,32.76367187,-11.57209827,-6.371702328
200,32.8125,-11.77005598,-6.381784767
200,32.86132812,-11.96734695,-6.391675947
200,32.91015625,-12.16396714,-6.401381408
200,32.95898438,-12.35991369,-6.410906512
200,33.0078125,-12.55518484,-6.420256446
200,33.05664062,-12.74977985,-6.429436224
200,33.10546875,-12.94369889,-6.438450699
200,33.15429688,-13.13694297,-6.44730456
200,33.203125,-13.32951388,-6.456002342
200,33.25195312,-13.52141413,-6.464548428
200,33.30078125,-13.71264685,-6.472947055
200,33.34960938,-13.90321576,-6.481202318
200,33.3984375,-14.09312513,-6.489318176
200,33.44726562,-14.2823797,-6.497298454
200,33.49609375,-14.47098466,-6.505146851
200,33.54492188,-14.65894557,-6.51286694
200,33.59375,-14.84626837,-6.520462176
200,33.64257812,-15.03295933,-6.5279359
200,33.69140625,-15.219025,-6.535291338
200,33.74023438,-15.40447217,-6.542531614
200,33.7890625,-15.58930789,-6.549659743
200,33.83789062,-15.7735394,-6.556678646
200,33.88671875,-15.95717413,-6.563591143
200,33.93554688,-16.14021966,-6.570399964
200,33.984375,-16.32268373,-6.57710775
200,34.03320312,-16.50457417,-6.583717053
200,34.08203125,-16.68589894,-6.590230347
200,34.13085938,-16.86666609,-6.59665002
200,34.1796875,-17.04688374,-6.602978389
200,34.22851562,-17.22656006,-6.609217692
200,34.27734375,-17.40570329,-6.615370099
200,34.32617188,-17.5843217,-6.621437709
200,34.375,-17.76242359,-6.627422555
200,34.42382812,-17.94001729,-6.633326607
200,34.47265625,-18.11711114,-6.639151773
200,34.52148437,-18.29371347,-6.6448999
200,34.5703125,-18.46983264,-6.65057278
200,34.61914062,-18.64547697,-6.656172149
200,34.66796875,-18.82065479,-6.66169969
200,34.71679687,-18.99537441,-6.667157033
200,34.765625,-19.16964412,-6.672545761
200,34.81445312,-19.34347216,-6.677867408
200,34.86328125,-19.51686678,-6.683123462
200,34.91210938,-19.68983617,-6.688315368
200,34.9609375,-19.8623885,-6.693444526
200,35.00976562,-20.03453189,-6.698512297
200,35.05859375,-20.20627443,-6.703519999
200,35.10742188,-20.37762417,-6.708468916
200,35.15625,-20.54858912,-6.713360291
200,35.20507812,-20.71917723,-6.718195334
200,35.25390625,-20.88939642,-6.722975218
200,35.30273438,-21.05925457,-6.727701084
200,35.3515625,-21.2287595,-6.732374042
200,35.40039062,-21.39791898,-6.736995167
200,35.44921875,-21.56674076,-6.741565508
200,35.49804688,-21.73523252,-6.746086083
200,35.546875,-21.90340189,-6.750557883
200,35.59570312,-22.07125648,-6.754981869
200,35.64453125,-22.23880382,-6.75935898
200,35.69335938,-22.40605142,-6.763690127
200,35.7421875,-22.57300673,-6.767976197
200,35.79101562,-22.73967716,-6.772218053
200,35.83984375,-22.90607008,-6.776416535
200,35.88867188,-23.07219281,-6.780572462
200,35.9375,-23.23805264,-6.78468663
200,35.98632812,-23.40365679,-6.788759816
200,36.03515625,-23.56901248,-6.792792775
200,36.08398438,-23.73412685,-6.796786244
200,36.1328125,-23.89900703,-6.80074094
200,36.18164062,-24.0636601,-6.804657563
200,36.23046875,-24.2280931,-6.808536793
200,36.27929688,-24.39231305,-6.812379297
200,36.328125,-24.55632693,-6.816185721
200,36.37695312,-24.72014167,-6.819956697
200,36.42578125,-24.8837642,-6.823692842
200,36.47460937,-25.0472014,-6.827394756
200,36.5234375,-25.21046011,-6.831063028
200,36.57226562,-25.37354718,-6.834698227
200,36.62109375,-25.53646939,-6.838300915
200,36.66992187,-25.69923354,-6.841871634
200,36.71875,-25.86184638,-6.845410919
200,36.76757812,-26.02431463,-6.848919288
200,36.81640625,-26.18664502,-6.852397249
200,36.86523437,-26.34884425,-6.855845298
200,36.9140625,-26.51091899,-6.859263918
200,36.96289062,-26.67287591,-6.862653584
200,37.01171875,-26.83472166,-6.866014757
200,37.06054688,-26.99646289,-6.869347888
200,37.109375,-27.15810621,-6.87265342
200,37.15820312,-27.31965827,-6.875931784
200,37.20703125,-27.48112567,-6.879183402
200,37.25585938,-27.64251503,-6.882408686
200,37.3046875,-27.80383295,-6.885608039
200,37.35351562,-27.96508604,-6.888781857
200,37.40234375,-28.1262809,-6.891930525
200,37.45117188,-28.28742416,-6.895054421
200,37.5,-28.44852242,-6.898153914
200,37.54882812,-28.6095823,-6.901229367
200,37.59765625,-28.77061043,-6.904281131
200,37.64648438,-28.93161345,-6.907309555
200,37.6953125,-29.09259801,-6.910314977
200,37.74414062,-29.25357077,-6.913297729
200,37.79296875,-29.41453841,-6.916258136
200,37.84179688,-29.57550763,-6.919196516
200,37.890625,-29.73648514,-6.922113182
200,37.93945312,-29.89747768,-6.925008438
200,37.98828125,-30.05849201,-6.927882584
200,38.03710938,-30.21953492,-6.930735913
200,38.0859375,-30.38061322,-6.933568712
200,38.13476562,-30.54173377,-6.936381263
200,38.18359375,-30.70290344,-6.939173842
200,38.23242188,-30.86412915,-6.941946718
200,38.28125,-31.02541784,-6.944700158
200,38.33007812,-31.18677651,-6.947434422
200,38.37890625,-31.34821219,-6.950149763
200,38.42773438,-31.50973196,-6.952846433
200,38.4765625,-31.67134295,-6.955524677
200,38.52539062,-31.83305232,-6.958184735
200,38.57421875,-31.99486731,-6.960826842
200,38.62304687,-32.15679519,-6.963451232
200,38.671875,-32.31884331,-6.96605813
200,38.72070312,-32.48101907,-6.96864776
200,38.76953125,-32.64332992,-6.97122034
200,38.81835937,-32.80578341,-6.973776086
200,38.8671875,-32.96838713,-6.976315208
200,38.91601562,-33.13114875,-6.978837913
200,38.96484375,-33.29407603,-6.981344404
200,39.01367187,-33.45717678,-6.983834881
200,39.0625,-33.62045892,-6.98630954
200,39.11132812,-33.78393045,-6.988768573
200,39.16015625,-33.94759945,-6.99121217
200,39.20898438,-34.11147409,-6.993640515
200,39.2578125,-34.27556265,-6.996053792
200,39.30664062,-34.43987352,-6.99845218
200,39.35546875,-34.60441516,-7.000835854
200,39.40429688,-34.76919618,-7.003204988
200,39.453125,-34.93422526,-7.005559752
200,39.50195312,-35.09951123,-7.007900314
200,39.55078125,-35.26506304,-7.010226836
200,39.59960938,-35.43088974,-7.012539482
200,39.6484375,-35.59700055,-7.01483841
200,39.69726562,-35.7634048,-7.017123775
200,39.74609375,-35.93011195,-7.019395733
200,39.79492188,-36.09713165,-7.021654432
200,39.84375,-36.26447366,-7.023900023
200,39.89257812,-36.43214791,-7.026132651
200,39.94140625,-36.60016452,-7.02835246
200,39.99023438,-36.76853374,-7.030559591
200,40.0390625,-36.93726602,-7.032754184
200,40.08789062,-37.10637198,-7.034936374
200,40.13671875,-37.27586244,-7.037106298
200,40.18554688,-37.44574842,-7.039264086
200,40.234375,-37.61604113,-7.04140987
200,40.28320312,-37.786752,-7.043543778
200,40.33203125,-37.95789268,-7.045665937
200,40.38085938,-38.12947504,-7.04777647
200,40.4296875,-38.30151119,-7.0498755
200,40.47851562,-38.4740135,-7.051963147
200,40.52734375,-38.64699456,-7.054039531
200,40.57617187,-38.82046726,-7.056104768
200,40.625,-38.99444474,-7.058158973
200,40.67382812,-39.16894044,-7.06020226
200,40.72265625,-39.34396808,-7.062234739
200,40.77148437,-39.5195417,-7.064256522
200,40.8203125,-39.69567564,-7.066267715
200,40.86914062,-39.87238461,-7.068268427
200,40.91796875,-40.04968362,-7.070258762
200,40.96679687,-40.22758805,-7.072238823
200,41.015625,-40.40611367,-7.074208713
200,41.06445312,-40.58527662,-7.076168532
200,41.11328125,-40.76509345,-7.07811838
200,41.16210938,-40.94558111,-7.080058353
200,41.2109375,-41.12675701,-7.081988548
200,41.25976562,-41.30863901,-7.08390906
200,41.30859375,-41.49124541,-7.085819983
200,41.35742188,-41.67459505,-7.087721409
200,41.40625,-41.85870725,-7.089613427
200,41.45507812,-42.04360187,-7.091496129
200,41.50390625,-42.22929933,-7.093369603
200,41.55273438,-42.41582063,-7.095233935
200,41.6015625,-42.60318738,-7.097089211
200,41.65039062,-42.79142181,-7.098935516
200,41.69921875,-42.98054683,-7.100772935
200,41.74804688,-43.17058602,-7.102601548
200,41.796875,-43.3615637,-7.104421438
200,41.84570312,-43.55350493,-7.106232684
200,41.89453125,-43.74643556,-7.108035365
200,41.94335938,-43.94038228,-7.109829561
200,41.9921875,-44.13537262,-7.111615347
200,42.04101562,-44.33143505,-7.113392799
200,42.08984375,-44.52859895,-7.115161994
200,42.13867188,-44.72689473,-7.116923003
200,42.1875,-44.92635382,-7.118675901
200,42.23632812,-45.12700875,-7.12042076
200,42.28515625,-45.32889321,-7.12215765
200,42.33398438,-45.5320421,-7.123886641
200,42.3828125,-45.73649158,-7.125607804
200,42.43164062,-45.94227915,-7.127321206
200,42.48046875,-46.14944373,-7.129026915
200,42.52929688,-46.35802572,-7.130724997
200,42.578125,-46.56806708,-7.132415519
200,42.62695312,-46.77961142,-7.134098544
200,42.67578125,-46.99270408,-7.135774138
200,42.72460937,-47.20739227,-7.137442363
200,42.7734375,-47.42372512,-7.139103282
200,42.82226562,-47.64175382,-7.140756957
200,42.87109375,-47.86153175,-7.142403449
200,42.91992187,-48.08311458,-7.144042818
200,42.96875,-48.30656044,-7.145675124
200,43.01757812,-48.53193006,-7.147300424
200,43.06640625,-48.75928691,-7.148918778
200,43.11523437,-48.98869742,-7.150530242
200,43.1640625,-49.22023112,-7.152134874
200,43.21289062,-49.45396088,-7.153732729
200,43.26171875,-49.6899631,-7.155323862
200,43.31054688,-49.92831798,-7.156908328
200,43.359375,-50.16910977,-7.158486181
200,43.40820312,-50.41242703,-7.160057475
200,43.45703125,-50.65836297,-7.161622261
200,43.50585938,-50.90701577,-7.163180593
200,43.5546875,-51.15848892,-7.164732521
200,43.60351562,-51.41289168,-7.166278097
200,43.65234375,-51.67033947,-7.16781737
200,43.70117188,-51.93095437,-7.169350391
200,43.75,-52.19486562,-7.170877208
200,43.79882812,-52.46221026,-7.17239787
200,43.84765625,-52.73313372,-7.173912425
200,43.89648438,-53.00779055,-7.175420921
200,43.9453125,-53.28634519,-7.176923404
200,43.99414062,-53.56897287,-7.17841992
200,44.04296875,-53.85586058,-7.179910517
200,44.09179688,-54.14720812,-7.181395238
200,44.140625,-54.44322933,-7.182874128
200,44.18945312,-54.74415346,-7.184347233
200,44.23828125,-55.05022668,-7.185814596
200,44.28710938,-55.3617138,-7.18727626
200,44.3359375,-55.67890021,-7.188732268
200,44.38476562,-56.00209409,-7.190182662
200,44.43359375,-56.3316289,-7.191627485
200,44.48242188,-56.66786625,-7.193066777
200,44.53125,-57.01119919,-7.19450058
200,44.58007812,-57.36205591,-7.195928935
200,44.62890625,-57.72090417,-7.197351882
200,44.67773437,-58.08825627,-7.198769459
200,44.7265625,-58.46467493,-7.200181708
200,44.77539062,-58.85078018,-7.201588665
200,44.82421875,-59.24725738,-7.202990371
200,44.87304687,-59.65486683,-7.204386862
200,44.921875,-60.07445503,-7.205778177
200,44.97070312,-60.50696836,-7.207164352
200,45.01953125,-60.95346938,-7.208545426
200,45.06835937,-61.41515673,-7.209921433
200,45.1171875,-61.89338944,-7.21129241
200,45.16601562,-62.38971689,-7.212658394
200,45.21484375,-62.9059162,-7.214019418
200,45.26367187,-63.44403915,-7.215375519
200,45.3125,-64.00647195,-7.21672673
200,45.36132812,-64.59601218,-7.218073087
200,45.41015625,-65.21596918,-7.219414622
200,45.45898438,-65.87029709,-7.22075137
200,45.5078125,-66.56377417,-7.222083364
200,45.55664062,-67.30224907,-7.223410636
200,45.60546875,-68.09298669,-7.22473322
200,45.65429688,-68.94516599,-7.226051146
200,45.703125,-69.87061783,-7.227364449
200,45.75195312,-70.88495664,-7.228673158
200,45.80078125,-72.0093886,-7.229977305
200,45.84960938,-73.27374849,-7.231276921
200,45.8984375,-74.72192672,-7.232572038
200,45.94726562,-76.42237374,-7.233862684
200,45.99609375,-78.49072346,-7.235148891
200,46.04492188,-81.14650244,-7.236430687
200,46.09375,-84.89339912,-7.237708103
200,46.14257812,-91.42119983,-7.238981168
200,46.19140625,-111.6620027,-4.098657257
200,46.24023438,-90.04350222,-4.099921705
200,46.2890625,-84.47770976,-4.101181888
200,46.33789062,-81.17134586,-4.102437834
200,46.38671875,-78.82628245,-4.10368957
200,46.43554688,-77.01678272,-4.104937125
200,46.484375,-75.54927234,-4.106180524
200,46.53320312,-74.31923523,-4.107419796
200,46.58203125,-73.26377963,-4.108654967
200,46.63085938,-72.34210399,-4.109886063
200,46.6796875,-71.52622779,-4.111113112
200,46.72851562,-70.79612577,-4.112336138
200,46.77734375,-70.13697167,-4.113555168
200,46.82617187,-69.53748116,-4.114770228
200,46.875,-68.98886646,-4.115981342
200,46.92382812,-68.48415031,-4.117188536
200,46.97265625,-68.01770046,-4.118391834
200,47.02148437,-67.58490485,-4.119591261
200,47.0703125,-67.18193923,-4.120786842
200,47.11914062,-66.80559743,-4.1219786
200,47.16796875,-66.45316497,-4.123166561
200,47.21679687,-66.12232349,-4.124350746
200,47.265625,-65.81107721,-4.125531181
200,47.31445312,-65.51769585,-4.126707888
200,47.36328125,-65.24066951,-4.12788089
200,47.41210938,-64.97867281,-4.12905021
200,47.4609375,-64.73053605,-4.130215871
200,47.50976562,-64.49522174,-4.131377896
200,47.55859375,-64.27180547,-4.132536306
200,47.60742188,-64.05946004,-4.133691124
200,47.65625,-63.85744232,-4.134842372
200,47.70507812,-63.66508229,-4.135990071
200,47.75390625,-63.48177373,-4.137134243
200,47.80273438,-63.30696642,-4.13827491
200,47.8515625,-63.14015947,-4.139412091
200,47.90039062,-62.98089558,-4.140545809
200,47.94921875,-62.8287562,-4.141676084
200,47.99804688,-62.68335723,-4.142802937
200,48.046875,-62.54434541,-4.143926388
200,48.09570312,-62.41139509,-4.145046458
200,48.14453125,-62.28420546,-4.146163165
200,48.19335938,-62.16249808,-4.147276532
200,48.2421875,-62.04601475,-4.148386576
200,48.29101562,-61.93451561,-4.149493318
200,48.33984375,-61.82777745,-4.150596777
200,48.38867188,-61.72559223,-4.151696972
200,48.4375,-61.62776572,-4.152793922
200,48.48632812,-61.53411636,-4.153887647
200,48.53515625,-61.44447416,-4.154978165
200,48.58398438,-61.35867977,-4.156065494
200,48.6328125,-61.27658361,-4.157149654
200,48.68164062,-61.19804512,-4.158230662
200,48.73046875,-61.12293204,-4.159308536
200,48.77929687,-61.05111979,-4.160383295
200,48.828125,-60.98249088,-4.161454956
200,48.87695312,-60.91693445,-4.162523537
200,48.92578125,-60.85434571,-4.163589055
200,48.97460937,-60.79462558,-4.164651529
200,49.0234375,-60.73768028,-4.165710975
200,49.07226562,-60.68342095,-4.16676741
200,49.12109375,-60.63176334,-4.167820852
200,49.16992187,-60.58262749,-4.168871317
200,49.21875,-60.53593748,-4.169918821
200,49.26757812,-60.49162115,-4.170963382
200,49.31640625,-60.44960988,-4.172005017
200,49.36523437,-60.40983838,-4.17304374
200,49.4140625,-60.37224444,-4.174079569
200,49.46289062,-60.33676882,-4.175112519
200,49.51171875,-60.30335501,-4.176142607
200,49.56054688,-60.27194914,-4.177169848
200,49.609375,-60.24249976,-4.178194258
200,49.65820312,-60.21495775,-4.179215852
200,49.70703125,-60.18927618,-4.180234646
200,49.75585938,-60.1654102,-4.181250656
200,49.8046875,-60.1433169,-4.182263896
200,49.85351562,-60.12295526,-4.183274381
200,49.90234375,-60.10428599,-4.184282127
200,49.95117188,-60.08727149,-4.185287149
200,50,-60.07187575,-4.18628946
200,50.04882812,-60.05806427,-4.187289076
200,50.09765625,-60.04580399,-4.188286011
200,50.14648438,-60.03506321,-4.189280279
200,50.1953125,-60.02581153,-4.190271896
200,50.24414062,-60.01801981,-4.191260874
200,50.29296875,-60.01166008,-4.192247229
200,50.34179688,-60.00670553,-4.193230973
200,50.390625,-60.00313039,-4.194212122
200,50.43945312,-60.00090996,-4.195190688
200,50.48828125,-60.00002052,-4.196166685
200,50.53710938,-60.00043931,-4.197140127
200,50.5859375,-60.00214445,-4.198111028
200,50.63476562,-60.00511497,-4.1990794
200,50.68359375,-60.00933071,-4.200045257
200,50.73242188,-60.01477232,-4.201008612
200,50.78125,-60.02142124,-4.201969478
200,50.83007812,-60.02925964,-4.202927868
200,50.87890625,-60.03827039,-4.203883795
200,50.92773437,-60.04843709,-4.204837272
200,50.9765625,-60.05974396,-4.20578831
200,51.02539062,-60.07217588,-4.206736924
200,51.07421875,-60.08571837,-4.207683125
200,51.12304687,-60.10035751,-4.208626926
200,51.171875,-60.11607998,-4.209568339
200,51.22070312,-60.13287302,-4.210507376
200,51.26953125,-60.1507244,-4.21144405
200,51.31835937,-60.16962241,-4.212378372
200,51.3671875,-60.18955588,-4.213310355
200,51.41601562,-60.21051409,-4.214240009
200,51.46484375,-60.23248682,-4.215167348
200,51.51367187,-60.25546433,-4.216092383
200,51.5625,-60.27943731,-4.217015124
200,51.61132812,-60.3043969,-4.217935585
200,51.66015625,-60.33033466,-4.218853776
200,51.70898438,-60.35724259,-4.219769709
200,51.7578125,-60.38511308,-4.220683395
200,51.80664062,-60.41393893,-4.221594845
200,51.85546875,-60.44371331,-4.22250407
200,51.90429688,-60.4744298,-4.223411082
200,51.953125,-60.50608234,-4.224315891
200,52.00195312,-60.53866523,-4.225218508
200,52.05078125,-60.57217314,-4.226118945
200,52.09960938,-60.60660111,-4.227017211
200,52.1484375,-60.64194448,-4.227913318
200,52.19726562,-60.67819897,-4.228807276
200,52.24609375,-60.71536064,-4.229699095
200,52.29492188,-60.75342585,-4.230588787
200,52.34375,-60.79239131,-4.231476361
200,52.39257812,-60.83225406,-4.232361828
200,52.44140625,-60.87301145,-4.233245197
200,52.49023438,-60.91466114,-4.23412648
200,52.5390625,-60.95720111,-4.235005687
200,52.58789062,-61.00062966,-4.235882827
200,52.63671875,-61.04494539,-4.23675791
200,52.68554688,-61.09014722,-4.237630946
200,52.734375,-61.13623435,-4.238501945
200,52.78320312,-61.18320631,-4.239370917
200,52.83203125,-61.23106293,-4.240237872
200,52.88085937,-61.27980434,-4.241102818
200,52.9296875,-61.32943097,-4.241965767
200,52.97851562,-61.37994357,-4.242826726
200,53.02734375,-61.43134317,-4.243685706
200,53.07617187,-61.48363112,-4.244542717
200,53.125,-61.53680909,-4.245397766
200,53.17382812,-61.59087903,-4.246250865
200,53.22265625,-61.64584322,-4.247102021
200,53.27148437,-61.70170425,-4.247951244
200,53.3203125,-61.75846501,-4.248798543
200,53.36914062,-61.81612873,-4.249643927
200,53.41796875,-61.87469895,-4.250487405
200,53.46679687,-61.93417953,-4.251328986
200,53.515625,-61.99457467,-4.252168679
200,53.56445312,-62.0558889,-4.253006492
200,53.61328125,-62.11812708,-4.253842435
200,53.66210938,-62.18129443,-4.254676515
200,53.7109375,-62.2453965,-4.255508742
200,53.75976562,-62.31043921,-4.256339125
200,53.80859375,-62.37642882,-4.25716767
200,53.85742188,-62.443372,-4.257994388
200,53.90625,-62.51127576,-4.258819287
200,53.95507812,-62.5801475,-4.259642374
200,54.00390625,-62.64999502,-4.260463658
200,54.05273438,-62.72082653,-4.261283148
200,54.1015625,-62.79265063,-4.262100851
200,54.15039062,-62.86547637,-4.262916776
200,54.19921875,-62.9393132,-4.26373093
200,54.24804688,-63.01417104,-4.264543323
200,54.296875,-63.09006025,-4.265353961
200,54.34570312,-63.16699167,-4.266162853
200,54.39453125,-63.24497663,-4.266970006
200,54.44335938,-63.32402693,-4.267775429
200,54.4921875,-63.40415491,-4.268579129
200,54.54101562,-63.48537343,-4.269381114
200,54.58984375,-63.56769589,-4.270181392
200,54.63867188,-63.65113626,-4.270979969
200,54.6875,-63.73570909,-4.271776855
200,54.73632812,-63.82142955,-4.272572056
200,54.78515625,-63.9083134,-4.27336558
200,54.83398438,-63.99637708,-4.274157434
200,54.8828125,-64.08563769,-4.274947627
200,54.93164062,-64.17611302,-4.275736164
200,54.98046875,-64.26782159,-4.276523054
200,55.02929687,-64.36078268,-4.277308303
200,55.078125,-64.45501634,-4.278091919
200,55.12695312,-64.55054342,-4.27887391
200,55.17578125,-64.64738566,-4.279654282
200,55.22460937,-64.74556563,-4.280433042
200,55.2734375,-64.84510686,-4.281210197
200,55.32226562,-64.94603382,-4.281985755
200,55.37109375,-65.04837199,-4.282759723
200,55.41992187,-65.15214791,-4.283532106
200,55.46875,-65.25738918,-4.284302914
200,55.51757812,-65.36412459,-4.285072151
200,55.56640625,-65.47238411,-4.285839825
200,55.61523437,-65.58219896,-4.286605942
200,55.6640625,-65.69360171,-4.28737051
200,55.71289062,-65.80662628,-4.288133536
200,55.76171875,-65.92130808,-4.288895024
200,55.81054688,-66.03768403,-4.289654984
200,55.859375,-66.15579267,-4.29041342
200,55.90820312,-66.27567423,-4.291170339
200,55.95703125,-66.39737074,-4.291925749
200,56.00585938,-66.52092609,-4.292679654
200,56.0546875,-66.64638618,-4.293432063
200,56.10351562,-66.77379902,-4.294182981
200,56.15234375,-66.90321482,-4.294932414
200,56.20117188,-67.03468614,-4.295680369
200,56.25,-67.16826807,-4.296426852
200,56.29882812,-67.3040183,-4.29717187
200,56.34765625,-67.44199735,-4.297915428
200,56.39648438,-67.58226869,-4.298657533
200,56.4453125,-67.72489899,-4.29939819
200,56.49414062,-67.86995828,-4.300137407
200,56.54296875,-68.01752017,-4.300875188
200,56.59179688,-68.16766212,-4.30161154
200,56.640625,-68.32046568,-4.30234647
200,56.68945312,-68.47601676,-4.303079982
200,56.73828125,-68.63440598,-4.303812083
200,56.78710938,-68.79572897,-4.304542779
200,56.8359375,-68.96008675,-4.305272075
200,56.88476562,-69.12758613,-4.305999978
200,56.93359375,-69.29834015,-4.306726493
200,56.98242187,-69.47246858,-4.307451626
200,57.03125,-69.65009841,-4.308175382
200,57.08007812,-69.83136449,-4.308897768
200,57.12890625,-70.01641014,-4.309618789
200,57.17773437,-70.20538787,-4.310338451
200,57.2265625,-70.39846016,-4.311056758
200,57.27539062,-70.59580038,-4.311773718
200,57.32421875,-70.79759373,-4.312489335
200,57.37304687,-71.00403834,-4.313203614
200,57.421875,-71.2153465,-4.313916562
200,57.47070312,-71.431746,-4.314628184
200,57.51953125,-71.65348172,-4.315338485
200,57.56835937,-71.88081729,-4.31604747
200,57.6171875,-72.11403712,-4.316755145
200,57.66601562,-72.35344859,-4.317461516
200,57.71484375,-72.59938455,-4.318166587
200,57.76367187,-72.85220626,-4.318870364
200,57.8125,-73.11230664,-4.319572851
200,57.86132812,-73.38011411,-4.320274055
200,57.91015625,-73.65609698,-4.320973981
200,57.95898438,-73.94076849,-4.321672633
200,58.0078125,-74.23469281,-4.322370016
200,58.05664062,-74.53849192,-4.323066137
200,58.10546875,-74.8528538,-4.323760999
200,58.15429688,-75.17854208,-4.324454608
200,58.203125,-75.51640755,-4.325146969
200,58.25195312,-75.86740191,-4.325838087
200,58.30078125,-76.23259436,-4.326527966
200,58.34960938,-76.61319175,-4.327216613
200,58.3984375,-77.01056324,-4.327904031
200,58.44726562,-77.42627079,-4.328590225
200,58.49609375,-77.86210701,-4.329275202
200,58.54492188,-78.32014304,-4.329958964
200,58.59375,-78.80278924,-4.330641517
200,58.64257812,-79.31287364,-4.331322867
200,58.69140625,-79.85374425,-4.332003017
200,58.74023438,-80.42940491,-4.332681972
200,58.7890625,-81.04469856,-4.333359737
200,58.83789062,-81.70555932,-4.334036317
200,58.88671875,-82.41936711,-4.334711716
200,58.93554688,-83.195459,-4.335385939
200,58.984375,-84.04588894,-4.336058991
200,59.03320312,-84.98659598,-4.336730876
200,59.08203125,-86.03927693,-4.337401599
200,59.13085937,-87.23454392,-4.338071164
200,59.1796875,-88.6175955,-4.338739576
200,59.22851562,-90.25926543,-4.339406839
200,59.27734375,-92.28003357,-4.340072958
200,59.32617187,-94.91101867,-4.340737937
200,59.375,-98.69224403,-4.341401781
200,59.42382812,-105.5161362,-4.342064494
200,59.47265625,-119.9003305,-1.201133427
200,59.52148437,-102.7257292,-1.20179389
200,59.5703125,-97.33820995,-1.202453236
200,59.61914062,-94.04501953,-1.203111469
200,59.66796875,-91.66817605,-1.203768592
200,59.71679687,-89.80829787,-1.20442461
200,59.765625,-88.28095121,-1.205079527
200,59.81445312,-86.98562747,-1.205733347
200,59.86328125,-85.86146832,-1.206386075
200,59.91210938,-84.86881333,-1.207037715
200,59.9609375,-83.98037144,-1.207688271
200,60.00976562,-83.17655818,-1.208337747
200,60.05859375,-82.44284199,-1.208986147
200,60.10742188,-81.76814277,-1.209633475
200,60.15625,-81.14381854,-1.210279736
200,60.20507812,-80.56299871,-1.210924933
200,60.25390625,-80.02013076,-1.211569071
200,60.30273438,-79.51066319,-1.212212153
200,60.3515625,-79.03081851,-1.212854183
200,60.40039062,-78.57742707,-1.213495166
200,60.44921875,-78.14780325,-1.214135105
200,60.49804688,-77.73965166,-1.214774005
200,60.546875,-77.35099498,-1.215411869
200,60.59570312,-76.9801178,-1.216048701
200,60.64453125,-76.62552227,-1.216684505
200,60.69335938,-76.28589283,-1.217319285
200,60.7421875,-75.96006773,-1.217953044
200,60.79101562,-75.64701597,-1.218585788
200,60.83984375,-75.34581836,-1.219217518
200,60.88867188,-75.05565194,-1.21984824
200,60.9375,-74.77577696,-1.220477956
200,60.98632812,-74.50552604,-1.221106672
200,61.03515625,-74.24429501,-1.221734389
200,61.08398437,-73.9915352,-1.222361113
200,61.1328125,-73.7467468,-1.222986846
200,61.18164062,-73.50947324,-1.223611593
200,61.23046875,-73.27929632,-1.224235357
200,61.27929687,-73.05583208,-1.224858142
200,61.328125,-72.83872708,-1.225479951
200,61.37695312,-72.62765531,-1.226100788
200,61.42578125,-72.42231539,-1.226720657
200,61.47460937,-72.22242815,-1.227339561
200,61.5234375,-72.02773449,-1.227957503
200,61.57226562,-71.83799354,-1.228574488
200,61.62109375,-71.65298093,-1.229190519
200,61.66992187,-71.47248735,-1.229805599
200,61.71875,-71.29631724,-1.230419731
200,61.76757812,-71.12428756,-1.23103292
200,61.81640625,-70.9562268,-1.231645168
200,61.86523437,-70.79197399,-1.23225648
200,61.9140625,-70.63137788,-1.232866858
200,61.96289062,-70.47429615,-1.233476306
200,62.01171875,-70.32059473,-1.234084828
200,62.06054688,-70.17014716,-1.234692426
200,62.109375,-70.02283406,-1.235299104
200,62.15820312,-69.87854257,-1.235904866
200,62.20703125,-69.73716589,-1.236509714
200,62.25585938,-69.59860288,-1.237113653
200,62.3046875,-69.46275764,-1.237716684
200,62.35351562,-69.32953915,-1.238318813
200,62.40234375,-69.19886097,-1.238920041
200,62.45117188,-69.07064092,-1.239520373
200,62.5,-68.9448008,-1.24011981
200,62.54882812,-68.82126614,-1.240718358
200,62.59765625,-68.69996597,-1.241316018
200,62.64648438,-68.58083262,-1.241912795
200,62.6953125,-68.46380146,-1.24250869
200,62.74414062,-68.3488108,-1.243103708
200,62.79296875,-68.23580165,-1.243697851
200,62.84179688,-68.1247176,-1.244291123
200,62.890625,-68.01550466,-1.244883527
200,62.93945312,-67.90811111,-1.245475066
200,62.98828125,-67.80248739,-1.246065742
200,63.03710938,-67.698586,-1.24665556
200,63.0859375,-67.59636133,-1.247244522
200,63.13476562,-67.49576962,-1.24783263
200,63.18359375,-67.39676882,-1.248419889
200,63.23242187,-67.29931855,-1.249006302
200,63.28125,-67.20337994,-1.24959187
200,63.33007812,-67.10891562,-1.250176598
200,63.37890625,-67.01588962,-1.250760488
200,63.42773437,-66.9242673,-1.251343543
200,63.4765625,-66.83401527,-1.251925766
200,63.52539062,-66.74510136,-1.25250716
200,63.57421875,-66.65749456,-1.253087728
200,63.62304687,-66.57116492,-1.253667474
200,63.671875,-66.48608356,-1.254246399
200,63.72070312,-66.40222259,-1.254824506
200,63.76953125,-66.31955505,-1.255401799
200,63.81835937,-66.23805491,-1.255978281
200,63.8671875,-66.157697,-1.256553954
200,63.91601562,-66.07845697,-1.257128821
200,63.96484375,-66.00031126,-1.257702886
200,64.01367188,-65.92323709,-1.258276149
200,64.0625,-65.84721238,-1.258848616
200,64.11132812,-65.77221576,-1.259420288
200,64.16015625,-65.69822651,-1.259991168
200,64.20898437,-65.62522457,-1.260561259
200,64.2578125,-65.55319049,-1.261130564
200,64.30664062,-65.48210538,-1.261699085
200,64.35546875,-65.41195094,-1.262266825
200,64.40429688,-65.34270941,-1.262833787
200,64.453125,-65.27436355,-1.263399974
200,64.50195312,-65.20689661,-1.263965388
200,64.55078125,-65.14029234,-1.264530032
200,64.59960937,-65.07453492,-1.265093909
200,64.6484375,-65.00960901,-1.265657021
200,64.69726562,-64.94549968,-1.26621937
200,64.74609375,-64.88219243,-1.266780961
200,64.79492188,-64.81967313,-1.267341795
200,64.84375,-64.75792805,-1.267901874
200,64.89257812,-64.69694384,-1.268461202
200,64.94140625,-64.63670749,-1.269019781
200,64.99023437,-64.57720633,-1.269577614
200,65.0390625,-64.51842804,-1.270134703
200,65.08789062,-64.46036062,-1.27069105
200,65.13671875,-64.40299235,-1.271246659
200,65.18554688,-64.34631183,-1.271801532
200,65.234375,-64.29030796,-1.272355671
200,65.28320312,-64.2349699,-1.272909079
200,65.33203125,-64.18028709,-1.273461758
200,65.38085938,-64.12624921,-1.274013712
200,65.4296875,-64.07284623,-1.274564941
200,65.47851562,-64.02006833,-1.27511545
200,65.52734375,-63.96790594,-1.27566524
200,65.57617188,-63.91634972,-1.276214313
200,65.625,-63.86539054,-1.276762673
200,65.67382812,-63.81501951,-1.277310322
200,65.72265625,-63.76522792,-1.277857262
200,65.77148438,-63.71600727,-1.278403495
200,65.8203125,-63.66734926,-1.278949024
200,65.86914062,-63.61924578,-1.279493851
200,65.91796875,-63.5716889,-1.280037979
200,65.96679688,-63.52467087,-1.28058141
200,66.015625,-63.4781841,-1.281124147
200,66.06445312,-63.4322212,-1.281666192
200,66.11328125,-63.3867749,-1.282207546
200,66.16210938,-63.34183812,-1.282748213
200,66.2109375,-63.29740393,-1.283288195
200,66.25976562,-63.25346553,-1.283827494
200,66.30859375,-63.21001629,-1.284366112
200,66.35742187,-63.1670497,-1.284904052
200,66.40625,-63.12455939,-1.285441317
200,66.45507812,-63.08253914,-1.285977907
200,66.50390625,-63.04098285,-1.286513826
200,66.55273438,-62.99988453,-1.287049076
200,66.6015625,-62.95923833,-1.287583659
200,66.65039062,-62.91903852,-1.288117578
200,66.69921875,-62.87927948,-1.288650833
200,66.74804687,-62.8399557,-1.289183429
200,66.796875,-62.80106179,-1.289715367
200,66.84570312,-62.76259245,-1.290246649
200,66.89453125,-62.72454251,-1.290777277
200,66.94335938,-62.68690687,-1.291307255
200,66.9921875,-62.64968056,-1.291836582
200,67.04101562,-62.61285869,-1.292365263
200,67.08984375,-62.57643645,-1.292893299
200,67.13867187,-62.54040916,-1.293420693
200,67.1875,-62.50477218,-1.293947446
200,67.23632812,-62.46952101,-1.29447356
200,67.28515625,-62.43465119,-1.294999038
200,67.33398438,-62.40015837,-1.295523882
200,67.3828125,-62.36603826,-1.296048094
200,67.43164062,-62.33228668,-1.296571676
200,67.48046875,-62.29889949,-1.29709463
200,67.52929688,-62.26587265,-1.297616959
200,67.578125,-62.23320219,-1.298138664
200,67.62695312,-62.20088419,-1.298659747
200,67.67578125,-62.16891484,-1.299180211
200,67.72460938,-62.13729037,-1.299700057
200,67.7734375,-62.10600707,-1.300219288
200,67.82226562,-62.07506131,-1.300737906
200,67.87109375,-62.04444953,-1.301255912
200,67.91992188,-62.01416822,-1.301773309
200,67.96875,-61.98421393,-1.302290098
200,68.01757812,-61.95458327,-1.302806283
200,68.06640625,-61.92527292,-1.303321864
200,68.11523438,-61.8962796,-1.303836844
200,68.1640625,-61.8676001,-1.304351224
200,68.21289062,-61.83923126,-1.304865007
200,68.26171875,-61.81116996,-1.305378195
200,68.31054688,-61.78341315,-1.30589079
200,68.359375,-61.75595783,-1.306402793
200,68.40820312,-61.72880103,-1.306914207
200,68.45703125,-61.70193984,-1.307425033
200,68.50585937,-61.67537142,-1.307935274
200,68.5546875,-61.64909294,-1.308444931
200,68.60351562,-61.62310163,-1.308954006
200,68.65234375,-61.59739478,-1.309462501
200,68.70117188,-61.57196969,-1.309970419
200,68.75,-61.54682375,-1.310477761
200,68.79882812,-61.52195434,-1.310984528
200,68.84765625,-61.49735893,-1.311490723
200,68.89648437,-61.47303499,-1.311996348
200,68.9453125,-61.44898004,-1.312501405
200,68.99414062,-61.42519167,-1.313005894
200,69.04296875,-61.40166746,-1.31350982
200,69.09179688,-61.37840506,-1.314013182
200,69.140625,-61.35540215,-1.314515983
200,69.18945312,-61.33265643,-1.315018225
200,69.23828125,-61.31016566,-1.315519909
200,69.28710938,-61.28792761,-1.316021038
200,69.3359375,-61.2659401,-1.316521613
200,69.38476562,-61.24420099,-1.317021637
200,69.43359375,-61.22270814,-1.31752111
200,69.48242188,-61.20145947,-1.318020034
200,69.53125,-61.18045293,-1.318518413
200,69.58007812,-61.15968649,-1.319016246
200,69.62890625,-61.13915816,-1.319513537
200,69.67773438,-61.11886596,-1.320010286
200,69.7265625,-61.09880797,-1.320506496
200,69.77539062,-61.07898226,-1.321002168
200,69.82421875,-61.05938697,-1.321497304
200,69.87304688,-61.04002024,-1.321991906
200,69.921875,-61.02088023,-1.322485976
200,69.97070312,-61.00196515,-1.322979515
200,70.01953125,-60.98327323,-1.323472524
200,70.06835938,-60.96480272,-1.323965007
200,70.1171875,-60.94655189,-1.324456964
200,70.16601562,-60.92851904,-1.324948397
200,70.21484375,-60.9107025,-1.325439308
200,70.26367187,-60.89310061,-1.325929699
200,70.3125,-60.87571175,-1.32641957
200,70.36132812,-60.85853431,-1.326908925
200,70.41015625,-60.84156671,-1.327397765
200,70.45898438,-60.82480739,-1.32788609
200,70.5078125,-60.80825481,-1.328373904
200,70.55664062,-60.79190745,-1.328861207
200,70.60546875,-60.77576381,-1.329348001
200,70.65429687,-60.75982242,-1.329834288
200,70.703125,-60.74408182,-1.33032007
200,70.75195312,-60.72854058,-1.330805348
200,70.80078125,-60.71319728,-1.331290124
200,70.84960938,-60.69805052,-1.331774399
200,70.8984375,-60.68309893,-1.332258176
200,70.94726562,-60.66834115,-1.332741455
200,70.99609375,-60.65377583,-1.333224238
200,71.04492187,-60.63940165,-1.333706527
200,71.09375,-60.62521731,-1.334188324
200,71.14257812,-60.61122153,-1.334669629
200,71.19140625,-60.59741302,-1.335150446
200,71.24023438,-60.58379055,-1.335630774
200,71.2890625,-60.57035286,-1.336110617
200,71.33789062,-60.55709875,-1.336589975
200,71.38671875,-60.54402701,-1.337068849
200,71.43554688,-60.53113644,-1.337547243
200,71.484375,-60.51842589,-1.338025156
200,71.53320312,-60.50589418,-1.338502591
200,71.58203125,-60.49354019,-1.338979549
200,71.63085938,-60.48136278,-1.339456032
200,71.6796875,-60.46936085,-1.339932041
200,71.72851562,-60.45753329,-1.340407578
200,71.77734375,-60.44587903,-1.340882644
200,71.82617188,-60.43439699,-1.341357241
200,71.875,-60.42308612,-1.34183137
200,71.92382812,-60.41194537,-1.342305033
200,71.97265625,-60.40097374,-1.342778231
200,72.02148438,-60.39017019,-1.343250966
200,72.0703125,-60.37953372,-1.34372324
200,72.11914062,-60.36906336,-1.344195053
200,72.16796875,-60.35875812,-1.344666408
200,72.21679688,-60.34861704,-1.345137305
200,72.265625,-60.33863917,-1.345607746
200,72.31445312,-60.32882357,-1.346077733
200,72.36328125,-60.31916933,-1.346547268
200,72.41210937,-60.30967551,-1.347016351
200,72.4609375,-60.30034123,-1.347484984
200,72.50976562,-60.29116558,-1.347953168
200,72.55859375,-60.2821477,-1.348420906
200,72.60742188,-60.2732867,-1.348888197
200,72.65625,-60.26458174,-1.349355045
200,72.70507812,-60.25603197,-1.34982145
200,72.75390625,-60.24763656,-1.350287414
200,72.80273437,-60.23939467,-1.350752937
200,72.8515625,-60.2313055,-1.351218023
200,72.90039062,-60.22336824,-1.351682671
200,72.94921875,-60.21558209,-1.352146883
200,72.99804688,-60.20794628,-1.352610661
200,73.046875,-60.20046003,-1.353074007
200,73.09570312,-60.19312257,-1.353536921
200,73.14453125,-60.18593316,-1.353999404
200,73.19335937,-60.17889105,-1.354461459
200,73.2421875,-60.1719955,-1.354923087
200,73.29101562,-60.16524579,-1.355384289
200,73.33984375,-60.1586412,-1.355845066
200,73.38867188,-60.15218102,-1.35630542
200,73.4375,-60.14586456,-1.356765352
200,73.48632812,-60.13969113,-1.357224864
200,73.53515625,-60.13366004,-1.357683956
200,73.58398438,-60.12777063,-1.358142631
200,73.6328125,-60.12202223,-1.358600889
200,73.68164062,-60.11641419,-1.359058732
200,73.73046875,-60.11094586,-1.359516161
200,73.77929688,-60.1056166,-1.359973178
200,73.828125,-60.10042579,-1.360429784
200,73.87695312,-60.09537279,-1.360885979
200,73.92578125,-60.09045701,-1.361341767
200,73.97460938,-60.08567782,-1.361797147
200,74.0234375,-60.08103464,-1.362252121
200,74.07226562,-60.07652687,-1.362706691
200,74.12109375,-60.07215394,-1.363160857
200,74.16992188,-60.06791526,-1.363614622
200,74.21875,-60.06381026,-1.364067986
200,74.26757812,-60.0598384,-1.36452095
200,74.31640625,-60.05599911,-1.364973517
200,74.36523438,-60.05229184,-1.365425686
200,74.4140625,-60.04871607,-1.36587746
200,74.46289062,-60.04527126,-1.36632884
200,74.51171875,-60.04195688,-1.366779827
200,74.56054687,-60.03877242,-1.367230422
200,74.609375,-60.03571736,-1.367680627
200,74.65820312,-60.0327912,-1.368130442
200,74.70703125,-60.02999345,-1.36857987
200,74.75585938,-60.02732361,-1.36902891
200,74.8046875,-60.0247812,-1.369477566
200,74.85351562,-60.02236574,-1.369925837
200,74.90234375,-60.02007676,-1.370373725
200,74.95117187,-60.0179138,-1.370821231
200,75,-60.0158764,-1.371268357
200,75.04882812,-60.0139641,-1.371715104
200,75.09765625,-60.01217645,-1.372161472
200,75.14648438,-60.01051303,-1.372607464
200,75.1953125,-60.00897339,-1.37305308
200,75.24414062,-60.00755711,-1.373498322
200,75.29296875,-60.00626376,-1.373943191
200,75.34179687,-60.00509293,-1.374387687
200,75.390625,-60.00404421,-1.374831813
200,75.43945312,-60.00311719,-1.375275569
200,75.48828125,-60.00231147,-1.375718957
200,75.53710938,-60.00162667,-1.376161977
200,75.5859375,-60.00106239,-1.376604632
200,75.63476562,-60.00061826,-1.377046922
200,75.68359375,-60.00029389,-1.377488848
200,75.73242188,-60.00008892,-1.377930411
200,75.78125,-60.00000297,-1.378371614
200,75.83007812,-60.0000357,-1.378812456
200,75.87890625,-60.00018674,-1.379252939
200,75.92773438,-60.00045574,-1.379693065
200,75.9765625,-60.00084237,-1.380132833
200,76.02539062,-60.00134628,-1.380572247
200,76.07421875,-60.00196713,-1.381011306
200,76.12304688,-60.00270461,-1.381450012
200,76.171875,-60.00355838,-1.381888365
200,76.22070312,-60.00452813,-1.382326368
200,76.26953125,-60.00561355,-1.382764022
200,76.31835938,-60.00681432,-1.383201326
200,76.3671875,-60.00813014,-1.383638283
200,76.41601562,-60.00956071,-1.384074894
200,76.46484375,-60.01110575,-1.38451116
200,76.51367188,-60.01276495,-1.384947081
200,76.5625,-60.01453804,-1.38538266
200,76.61132812,-60.01642474,-1.385817896
200,76.66015625,-60.01842476,-1.386252792
200,76.70898437,-60.02053785,-1.386687348
200,76.7578125,-60.02276374,-1.387121566
200,76.80664062,-60.02510216,-1.387555446
200,76.85546875,-60.02755285,-1.38798899
200,76.90429688,-60.03011558,-1.388422199
200,76.953125,-60.03279008,-1.388855074
200,77.00195312,-60.03557612,-1.389287615
200,77.05078125,-60.03847346,-1.389719825
200,77.09960937,-60.04148186,-1.390151704
200,77.1484375,-60.0446011,-1.390583253
200,77.19726562,-60.04783095,-1.391014473
200,77.24609375,-60.05117119,-1.391445366
200,77.29492188,-60.0546216,-1.391875932
200,77.34375,-60.05818197,-1.392306173
200,77.39257812,-60.0618521,-1.392736089
200,77.44140625,-60.06563178,-1.393165682
200,77.49023437,-60.06952081,-1.393594953
200,77.5390625,-60.07351899,-1.394023903
200,77.58789062,-60.07762614,-1.394452532
200,77.63671875,-60.08184207,-1.394880842
200,77.68554688,-60.0861666,-1.395308834
200,77.734375,-60.09059954,-1.395736509
200,77.78320312,-60.09514073,-1.396163869
200,77.83203125,-60.09978999,-1.396590913
200,77.88085938,-60.10454715,-1.397017643
200,77.9296875,-60.10941207,-1.397444061
200,77.97851562,-60.11438457,-1.397870167
200,78.02734375,-60.1194645,-1.398295962
200,78.07617188,-60.12465172,-1.398721447
200,78.125,-60.12994608,-1.399146623
200,78.17382812,-60.13534743,-1.399571492
200,78.22265625,-60.14085564,-1.399996054
200,78.27148438,-60.14647058,-1.400420311
200,78.3203125,-60.15219211,-1.400844262
200,78.36914062,-60.1580201,-1.40126791
200,78.41796875,-60.16395444,-1.401691256
200,78.46679687,-60.16999501,-1.4021143
200,78.515625,-60.17614169,-1.402537043
200,78.56445312,-60.18239437,-1.402959487
200,78.61328125,-60.18875295,-1.403381632
200,78.66210938,-60.19521732,-1.403803479
200,78.7109375,-60.20178738,-1.40422503
200,78.75976562,-60.20846303,-1.404646285
200,78.80859375,-60.21524419,-1.405067245
200,78.85742187,-60.22213077,-1.405487912
200,78.90625,-60.22912269,-1.405908286
200,78.95507812,-60.23621985,-1.406328368
200,79.00390625,-60.24342219,-1.40674816
200,79.05273438,-60.25072964,-1.407167661
200,79.1015625,-60.25814212,-1.407586874
200,79.15039062,-60.26565957,-1.4080058
200,79.19921875,-60.27328193,-1.408424438
200,79.24804687,-60.28100914,-1.40884279
200,79.296875,-60.28884115,-1.409260858
200,79.34570312,-60.2967779,-1.409678641
200,79.39453125,-60.30481935,-1.410096142
200,79.44335938,-60.31296546,-1.410513361
200,79.4921875,-60.32121619,-1.410930298
200,79.54101562,-60.3295715,-1.411346955
200,79.58984375,-60.33803135,-1.411763333
200,79.63867187,-60.34659573,-1.412179433
200,79.6875,-60.35526461,-1.412595255
200,79.73632812,-60.36403797,-1.413010802
200,79.78515625,-60.37291578,-1.413426072
200,79.83398438,-60.38189805,-1.413841068
200,79.8828125,-60.39098475,-1.414255791
200,79.93164062,-60.40017588,-1.414670241
200,79.98046875,-60.40947144,-1.415084419
200,80.02929688,-60.41887143,-1.415498327
200,80.078125,-60.42837585,-1.415911964
200,80.12695312,-60.43798472,-1.416325333
200,80.17578125,-60.44769805,-1.416738434
200,80.22460938,-60.45751585,-1.417151267
200,80.2734375,-60.46743815,-1.417563834
200,80.32226562,-60.47746496,-1.417976137
200,80.37109375,-60.48759631,-1.418388174
200,80.41992188,-60.49783224,-1.418799949
200,80.46875,-60.50817278,-1.41921146
200,80.51757812,-60.51861797,-1.419622711
200,80.56640625,-60.52916784,-1.4200337
200,80.61523437,-60.53982246,-1.420444429
200,80.6640625,-60.55058186,-1.4208549
200,80.71289062,-60.5614461,-1.421265113
200,80.76171875,-60.57241523,-1.421675068
200,80.81054688,-60.58348933,-1.422084767
200,80.859375,-60.59466844,-1.422494211
200,80.90820312,-60.60595265,-1.4229034
200,80.95703125,-60.61734201,-1.423312336
200,81.00585937,-60.62883662,-1.423721019
200,81.0546875,-60.64043655,-1.42412945
200,81.10351562,-60.65214187,-1.42453763
200,81.15234375,-60.66395269,-1.42494556
200,81.20117188,-60.67586909,-1.425353241
200,81.25,-60.68789116,-1.425760673
200,81.29882812,-60.70001901,-1.426167859
200,81.34765625,-60.71225273,-1.426574797
200,81.39648437,-60.72459244,-1.42698149
200,81.4453125,-60.73703824,-1.427387938
200,81.49414062,-60.74959026,-1.427794141
200,81.54296875,-60.7622486,-1.428200102
200,81.59179688,-60.77501338,-1.42860582
200,81.640625,-60.78788475,-1.429011297
200,81.68945312,-60.80086282,-1.429416534
200,81.73828125,-60.81394773,-1.42982153
200,81.78710938,-60.82713962,-1.430226288
200,81.8359375,-60.84043863,-1.430630808
200,81.88476562,-60.85384491,-1.431035091
200,81.93359375,-60.86735861,-1.431439137
200,81.98242188,-60.88097987,-1.431842948
200,82.03125,-60.89470887,-1.432246524
200,82.08007812,-60.90854576,-1.432649866
200,82.12890625,-60.92249071,-1.433052975
200,82.17773438,-60.93654389,-1.433455852
200,82.2265625,-60.95070547,-1.433858498
200,82.27539062,-60.96497563,-1.434260913
200,82.32421875,-60.97935457,-1.434663099
200,82.37304688,-60.99384246,-1.435065056
200,82.421875,-61.00843949,-1.435466785
200,82.47070312,-61.02314587,-1.435868286
200,82.51953125,-61.03796179,-1.436269562
200,82.56835938,-61.05288746,-1.436670611
200,82.6171875,-61.06792309,-1.437071436
200,82.66601562,-61.08306889,-1.437472038
200,82.71484375,-61.09832507,-1.437872416
200,82.76367187,-61.11369187,-1.438272571
200,82.8125,-61.1291695,-1.438672506
200,82.86132812,-61.14475821,-1.439072219
200,82.91015625,-61.16045821,-1.439471713
200,82.95898438,-61.17626977,-1.439870988
200,83.0078125,-61.19219311,-1.440270045
200,83.05664062,-61.20822849,-1.440668884
200,83.10546875,-61.22437617,-1.441067506
200,83.15429687,-61.2406364,-1.441465913
200,83.203125,-61.25700944,-1.441864104
200,83.25195312,-61.27349557,-1.442262082
200,83.30078125,-61.29009506,-1.442659846
200,83.34960938,-61.30680818,-1.443057397
200,83.3984375,-61.32363522,-1.443454736
200,83.44726562,-61.34057647,-1.443851865
200,83.49609375,-61.35763221,-1.444248783
200,83.54492187,-61.37480275,-1.444645491
200,83.59375,-61.39208839,-1.445041991
200,83.64257812,-61.40948944,-1.445438283
200,83.69140625,-61.42700621,-1.445834367
200,83.74023438,-61.44463901,-1.446230246
200,83.7890625,-61.46238817,-1.446625919
200,83.83789062,-61.48025402,-1.447021386
200,83.88671875,-61.49823689,-1.44741665
200,83.93554688,-61.51633712,-1.447811711
200,83.984375,-61.53455506,-1.448206569
200,84.03320312,-61.55289105,-1.448601225
200,84.08203125,-61.57134545,-1.448995681
200,84.13085938,-61.58991862,-1.449389936
200,84.1796875,-61.60861092,-1.449783991
200,84.22851562,-61.62742273,-1.450177848
200,84.27734375,-61.64635442,-1.450571507
200,84.32617188,-61.66540638,-1.450964969
200,84.375,-61.684579,-1.451358235
200,84.42382812,-61.70387266,-1.451751305
200,84.47265625,-61.72328778,-1.45214418
200,84.52148438,-61.74282475,-1.452536861
200,84.5703125,-61.76248399,-1.452929348
200,84.61914062,-61.78226592,-1.453321643
200,84.66796875,-61.80217095,-1.453713746
200,84.71679688,-61.82219953,-1.454105658
200,84.765625,-61.84235209,-1.45449738
200,84.81445312,-61.86262906,-1.454888911
200,84.86328125,-61.88303091,-1.455280254
200,84.91210937,-61.90355808,-1.455671409
200,84.9609375,-61.92421104,-1.456062377
200,85.00976562,-61.94499026,-1.456453157
200,85.05859375,-61.9658962,-1.456843752
200,85.10742188,-61.98692936,-1.457234162
200,85.15625,-62.00809023,-1.457624387
200,85.20507812,-62.02937929,-1.458014428
200,85.25390625,-62.05079704,-1.458404287
200,85.30273437,-62.07234401,-1.458793963
200,85.3515625,-62.09402071,-1.459183458
200,85.40039062,-62.11582765,-1.459572771
200,85.44921875,-62.13776537,-1.459961905
200,85.49804688,-62.15983441,-1.46035086
200,85.546875,-62.18203531,-1.460739635
200,85.59570312,-62.20436863,-1.461128233
200,85.64453125,-62.22683492,-1.461516654
200,85.69335937,-62.24943476,-1.461904898
200,85.7421875,-62.27216871,-1.462292966
200,85.79101562,-62.29503737,-1.46268086
200,85.83984375,-62.31804133,-1.463068579
200,85.88867188,-62.34118117,-1.463456124
200,85.9375,-62.36445752,-1.463843497
200,85.98632812,-62.38787098,-1.464230698
200,86.03515625,-62.41142219,-1.464617727
200,86.08398438,-62.43511176,-1.465004585
200,86.1328125,-62.45894035,-1.465391273
200,86.18164062,-62.4829086,-1.465777792
200,86.23046875,-62.50701718,-1.466164142
200,86.27929688,-62.53126673,-1.466550324
200,86.328125,-62.55565796,-1.466936339
200,86.37695312,-62.58019153,-1.467322188
200,86.42578125,-62.60486814,-1.467707871
200,86.47460938,-62.6296885,-1.468093388
200,86.5234375,-62.65465331,-1.468478742
200,86.57226562,-62.67976331,-1.468863931
200,86.62109375,-62.70501921,-1.469248957
200,86.66992187,-62.73042177,-1.469633822
200,86.71875,-62.75597174,-1.470018524
200,86.76757812,-62.78166987,-1.470403065
200,86.81640625,-62.80751693,-1.470787447
200,86.86523438,-62.83351372,-1.471171668
200,86.9140625,-62.85966102,-1.471555731
200,86.96289062,-62.88595963,-1.471939636
200,87.01171875,-62.91241037,-1.472323383
200,87.06054687,-62.93901406,-1.472706973
200,87.109375,-62.96577154,-1.473090407
200,87.15820312,-62.99268365,-1.473473686
200,87.20703125,-63.01975125,-1.47385681
200,87.25585938,-63.04697522,-1.47423978
200,87.3046875,-63.07435643,-1.474622596
200,87.35351562,-63.10189578,-1.47500526
200,87.40234375,-63.12959417,-1.475387772
200,87.45117187,-63.15745251,-1.475770132
200,87.5,-63.18547175,-1.476152342
200,87.54882812,-63.21365281,-1.476534401
200,87.59765625,-63.24199666,-1.476916311
200,87.64648438,-63.27050426,-1.477298073
200,87.6953125,-63.29917659,-1.477679686
200,87.74414062,-63.32801465,-1.478061153
200,87.79296875,-63.35701944,-1.478442472
200,87.84179687,-63.38619199,-1.478823646
200,87.890625,-63.41553333,-1.479204674
200,87.93945312,-63.4450445,-1.479585557
200,87.98828125,-63.47472658,-1.479966297
200,88.03710938,-63.50458064,-1.480346893
200,88.0859375,-63.53460778,-1.480727346
200,88.13476562,-63.56480909,-1.481107657
200,88.18359375,-63.59518571,-1.481487828
200,88.23242188,-63.62573878,-1.481867857
200,88.28125,-63.65646944,-1.482247746
200,88.33007812,-63.68737887,-1.482627496
200,88.37890625,-63.71846825,-1.483007107
200,88.42773438,-63.74973879,-1.48338658
200,88.4765625,-63.7811917,-1.483765916
200,88.52539062,-63.81282823,-1.484145115
200,88.57421875,-63.84464963,-1.484524178
200,88.62304688,-63.87665717,-1.484903105
200,88.671875,-63.90885213,-1.485281897
200,88.72070312,-63.94123583,-1.485660556
200,88.76953125,-63.97380959,-1.48603908
200,88.81835937,-64.00657476,-1.486417472
200,88.8671875,-64.03953271,-1.486795732
200,88.91601562,-64.0726848,-1.48717386
200,88.96484375,-64.10603246,-1.487551857
200,89.01367188,-64.1395771,-1.487929724
200,89.0625,-64.17332016,-1.488307462
200,89.11132812,-64.20726312,-1.48868507
200,89.16015625,-64.24140745,-1.48906255
200,89.20898437,-64.27575467,-1.489439902
200,89.2578125,-64.3103063,-1.489817127
200,89.30664062,-64.34506389,-1.490194225
200,89.35546875,-64.38002902,-1.490571198
200,89.40429688,-64.41520329,-1.490948046
200,89.453125,-64.45058832,-1.491324769
200,89.50195312,-64.48618576,-1.491701368
200,89.55078125,-64.52199726,-1.492077844
200,89.59960937,-64.55802454,-1.492454197
200,89.6484375,-64.59426929,-1.492830429
200,89.69726562,-64.63073329,-1.493206538
200,89.74609375,-64.66741828,-1.493582528
200,89.79492188,-64.70432608,-1.493958397
200,89.84375,-64.7414585,-1.494334146
200,89.89257812,-64.77881741,-1.494709777
200,89.94140625,-64.81640467,-1.495085289
200,89.99023437,-64.85422222,-1.495460684
200,90.0390625,-64.89227197,-1.495835962
200,90.08789062,-64.93055591,-1.496211123
200,90.13671875,-64.96907602,-1.496586169
200,90.18554688,-65.00783436,-1.4969611
200,90.234375,-65.04683297,-1.497335916
200,90.28320312,-65.08607395,-1.497710618
200,90.33203125,-65.12555944,-1.498085207
200,90.38085938,-65.16529159,-1.498459684
200,90.4296875,-65.2052726,-1.498834048
200,90.47851562,-65.2455047,-1.499208301
200,90.52734375,-65.28599016,-1.499582443
200,90.57617188,-65.32673128,-1.499956475
200,90.625,-65.36773041,-1.500330398
200,90.67382812,-65.40898991,-1.500704211
200,90.72265625,-65.45051222,-1.501077917
200,90.77148438,-65.49229979,-1.501451514
200,90.8203125,-65.5343551,-1.501825005
200,90.86914062,-65.57668072,-1.502198388
200,90.91796875,-65.6192792,-1.502571667
200,90.96679687,-65.66215319,-1.502944839
200,91.015625,-65.70530534,-1.503317908
200,91.06445312,-65.74873837,-1.503690872
200,91.11328125,-65.79245504,-1.504063733
200,91.16210938,-65.83645815,-1.50443649
200,91.2109375,-65.88075055,-1.504809146
200,91.25976562,-65.92533516,-1.5051817
200,91.30859375,-65.97021491,-1.505554153
200,91.35742187,-66.01539282,-1.505926506
200,91.40625,-66.06087195,-1.506298759
200,91.45507812,-66.10665539,-1.506670913
200,91.50390625,-66.15274631,-1.507042968
200,91.55273438,-66.19914794,-1.507414925
200,91.6015625,-66.24586355,-1.507786784
200,91.65039062,-66.29289647,-1.508158547
200,91.69921875,-66.34025011,-1.508530214
200,91.74804687,-66.38792791,-1.508901785
200,91.796875,-66.43593341,-1.509273261
200,91.84570312,-66.48427017,-1.509644643
200,91.89453125,-66.53294186,-1.510015931
200,91.94335938,-66.58195219,-1.510387126
200,91.9921875,-66.63130494,-1.510758228
200,92.04101562,-66.68100398,-1.511129238
200,92.08984375,-66.73105322,-1.511500157
200,92.13867187,-66.78145669,-1.511870985
200,92.1875,-66.83221844,-1.512241722
200,92.23632812,-66.88334265,-1.51261237
200,92.28515625,-66.93483355,-1.512982929
200,92.33398438,-66.98669546,-1.5133534
200,92.3828125,-67.03893277,-1.513723782
200,92.43164062,-67.09154999,-1.514094078
200,92.48046875,-67.14455169,-1.514464287
200,92.52929688,-67.19794253,-1.514834409
200,92.578125,-67.25172728,-1.515204446
200,92.62695312,-67.30591079,-1.515574398
200,92.67578125,-67.36049802,-1.515944266
200,92.72460938,-67.41549403,-1.51631405
200,92.7734375,-67.47090397,-1.516683751
200,92.82226562,-67.52673311,-1.51705337
200,92.87109375,-67.58298682,-1.517422906
200,92.91992188,-67.63967058,-1.517792361
200,92.96875,-67.69679001,-1.518161735
200,93.01757812,-67.75435081,-1.518531029
200,93.06640625,-67.81235882,-1.518900244
200,93.11523437,-67.87082002,-1.519269379
200,93.1640625,-67.92974049,-1.519638436
200,93.21289062,-67.98912647,-1.520007414
200,93.26171875,-68.04898431,-1.520376316
200,93.31054688,-68.10932052,-1.520745141
200,93.359375,-68.17014174,-1.521113889
200,93.40820312,-68.23145476,-1.521482562
200,93.45703125,-68.29326655,-1.52185116
200,93.50585937,-68.35558418,-1.522219684
200,93.5546875,-68.41841495,-1.522588133
200,93.60351562,-68.48176627,-1.52295651
200,93.65234375,-68.54564575,-1.523324814
200,93.70117188,-68.61006118,-1.523693045
200,93.75,-68.67502053,-1.524061205
200,93.79882812,-68.74053193,-1.524429294
200,93.84765625,-68.80660375,-1.524797313
200,93.89648437,-68.87324453,-1.525165262
200,93.9453125,-68.94046303,-1.525533141
200,93.99414062,-69.00826822,-1.525900952
200,94.04296875,-69.07666929,-1.526268695
200,94.09179688,-69.14567566,-1.52663637
200,94.140625,-69.21529698,-1.527003979
200,94.18945312,-69.28554315,-1.527371521
200,94.23828125,-69.35642432,-1.527738997
200,94.28710938,-69.4279509,-1.528106408
200,94.3359375,-69.50013357,-1.528473754
200,94.38476562,-69.57298328,-1.528841036
200,94.43359375,-69.64651129,-1.529208254
200,94.48242188,-69.72072913,-1.52957541
200,94.53125,-69.79564866,-1.529942503
200,94.58007812,-69.87128206,-1.530309534
200,94.62890625,-69.94764182,-1.530676504
200,94.67773438,-70.02474079,-1.531043413
200,94.7265625,-70.10259219,-1.531410263
200,94.77539062,-70.18120958,-1.531777052
200,94.82421875,-70.26060692,-1.532143783
200,94.87304687,-70.34079856,-1.532510455
200,94.921875,-70.42179928,-1.532877069
200,94.97070312,-70.50362428,-1.533243626
200,95.01953125,-70.58628919,-1.533610126
200,95.06835938,-70.66981013,-1.53397657
200,95.1171875,-70.75420368,-1.534342959
200,95.16601562,-70.83948694,-1.534709292
200,95.21484375,-70.92567751,-1.535075571
200,95.26367187,-71.01279356,-1.535441796
200,95.3125,-71.10085379,-1.535807968
200,95.36132812,-71.18987753,-1.536174086
200,95.41015625,-71.2798847,-1.536540153
200,95.45898438,-71.37089586,-1.536906168
200,95.5078125,-71.46293224,-1.537272131
200,95.55664062,-71.55601577,-1.537638044
200,95.60546875,-71.65016911,-1.538003908
200,95.65429687,-71.74541568,-1.538369721
200,95.703125,-71.84177969,-1.538735486
200,95.75195312,-71.93928619,-1.539101202
200,95.80078125,-72.03796108,-1.539466871
200,95.84960938,-72.1378312,-1.539832493
200,95.8984375,-72.23892432,-1.540198067
200,95.94726562,-72.34126922,-1.540563596
200,95.99609375,-72.44489572,-1.540929079
200,96.04492187,-72.54983475,-1.541294518
200,96.09375,-72.65611838,-1.541659911
200,96.14257812,-72.76377989,-1.542025261
200,96.19140625,-72.87285387,-1.542390568
200,96.24023438,-72.98337619,-1.542755832
200,96.2890625,-73.09538418,-1.543121053
200,96.33789062,-73.20891663,-1.543486233
200,96.38671875,-73.32401388,-1.543851372
200,96.43554688,-73.44071796,-1.54421647
200,96.484375,-73.55907259,-1.544581529
200,96.53320312,-73.67912337,-1.544946548
200,96.58203125,-73.80091781,-1.545311528
200,96.63085938,-73.92450549,-1.54567647
200,96.6796875,-74.04993816,-1.546041374
200,96.72851562,-74.17726985,-1.54640624
200,96.77734375,-74.30655707,-1.54677107
200,96.82617188,-74.43785887,-1.547135864
200,96.875,-74.5712371,-1.547500623
200,96.92382812,-74.70675649,-1.547865346
200,96.97265625,-74.84448489,-1.548230035
200,97.02148437,-74.98449348,-1.54859469
200,97.0703125,-75.12685696,-1.548959312
200,97.11914062,-75.27165378,-1.549323901
200,97.16796875,-75.41896643,-1.549688457
200,97.21679688,-75.56888172,-1.550052982
200,97.265625,-75.72149104,-1.550417476
200,97.31445312,-75.87689075,-1.550781939
200,97.36328125,-76.03518249,-1.551146373
200,97.41210937,-76.19647363,-1.551510776
200,97.4609375,-76.36087764,-1.551875151
200,97.50976562,-76.52851464,-1.552239497
200,97.55859375,-76.69951186,-1.552603816
200,97.60742188,-76.87400427,-1.552968107
200,97.65625,-77.05213515,-1.553332371
200,97.70507812,-77.23405688,-1.55369661
200,97.75390625,-77.41993163,-1.554060822
200,97.80273437,-77.6099323,-1.55442501
200,97.8515625,-77.80424342,-1.554789172
200,97.90039062,-78.00306227,-1.555153311
200,97.94921875,-78.20660006,-1.555517427
200,97.99804688,-78.41508326,-1.555881519
200,98.046875,-78.62875511,-1.556245589
200,98.09570312,-78.84787736,-1.556609638
200,98.14453125,-79.07273214,-1.556973665
200,98.19335937,-79.30362416,-1.557337671
200,98.2421875,-79.54088319,-1.557701657
200,98.29101562,-79.78486685,-1.558065624
200,98.33984375,-80.03596391,-1.558429571
200,98.38867188,-80.29459792,-1.5587935
200,98.4375,-80.56123158,-1.559157411
200,98.48632812,-80.83637164,-1.559521305
200,98.53515625,-81.12057473,-1.559885181
200,98.58398438,-81.41445411,-1.560249041
200,98.6328125,-81.7186876,-1.560612886
200,98.68164062,-82.03402703,-1.560976715
200,98.73046875,-82.36130934,-1.561340529
200,98.77929688,-82.70147002,-1.56170433
200,98.828125,-83.05555915,-1.562068116
200,98.87695312,-83.42476095,-1.56243189
200,98.92578125,-83.81041762,-1.562795651
200,98.97460938,-84.21405879,-1.5631594
200,99.0234375,-84.6374381,-1.563523138
200,99.07226562,-85.08257918,-1.563886864
200,99.12109375,-85.55183416,-1.564250581
200,99.16992187,-86.04795875,-1.564614287
200,99.21875,-86.5742103,-1.564977985
200,99.26757812,-87.1344774,-1.565341673
200,99.31640625,-87.73345434,-1.565705354
200,99.36523438,-88.37688033,-1.566069026
200,99.4140625,-89.07187461,-1.566432692
200,99.46289062,-89.82741783,-1.566796351
200,99.51171875,-90.65506337,-1.567160004
200,99.56054687,-91.57002485,-1.567523652
200,99.609375,-92.59290679,-1.567887295
200,99.65820312,-93.75259706,-1.568250934
200,99.70703125,-95.09140401,-1.568614568
200,99.75585938,-96.67491991,-1.5689782
200,99.8046875,-98.61303097,-1.569341828
200,99.85351562,-101.1117363,-1.569705455
200,99.90234375,-104.633512,-1.57006908
200,99.95117187,-110.6540821,-1.570432704
500,0,-1,0
500,0.1220703125,-0.9996457474,-0.01414195129
500,0.244140625,-0.9985833409,-0.02828714702
500,0.3662109375,-0.9968138355,-0.0424388307
500,0.48828125,-0.9943389904,-0.0566002439
500,0.6103515625,-0.9911612714,-0.07077462534
500,0.732421875,-0.9872838535,-0.08496520983
500,0.8544921875,-0.9827106244,-0.09917522725
500,0.9765625,-0.9774461887,-0.1134079015
500,1.098632812,-0.9714958728,-0.1276664491
500,1.220703125,-0.9648657304,-0.1419540786
500,1.342773438,-0.9575625492,-0.1562739884
500,1.46484375,-0.9495938573,-0.1706293663
500,1.586914063,-0.9409679309,-0.1850233871
500,1.708984375,-0.9316938024,-0.1994592119
500,1.831054688,-0.9217812685,-0.2139399858
500,1.953125,-0.9112408995,-0.2284688365
500,2.075195312,-0.9000840483,-0.2430488719
500,2.197265625,-0.8883228602,-0.2576831783
500,2.319335938,-0.875970282,-0.2723748185
500,2.44140625,-0.8630400727,-0.2871268285
500,2.563476563,-0.8495468126,-0.301942216
500,2.685546875,-0.8355059137,-0.3168239566
500,2.807617188,-0.8209336289,-0.3317749919
500,2.9296875,-0.8058470614,-0.3467982255
500,3.051757813,-0.7902641736,-0.3618965203
500,3.173828125,-0.7742037955,-0.3770726948
500,3.295898438,-0.7576856323,-0.3923295191
500,3.41796875,-0.7407302707,-0.4076697113
500,3.540039063,-0.7233591853,-0.4230959334
500,3.662109375,-0.7055947427,-0.4386107864
500,3.784179688,-0.6874602044,-0.4542168062
500,3.90625,-0.6689797292,-0.4699164588
500,4.028320312,-0.6501783719,-0.4857121346
500,4.150390625,-0.631082082,-0.5016061441
500,4.272460938,-0.6117176989,-0.5176007116
500,4.39453125,-0.5921129453,-0.5336979699
500,4.516601562,-0.5722964176,-0.5498999542
500,4.638671875,-0.5522975737,-0.5662085966
500,4.760742188,-0.5321467179,-0.582625719
500,4.8828125,-0.5118749817,-0.5991530275
500,5.004882812,-0.4915143018,-0.6157921051
500,5.126953125,-0.4710973941,-0.632544406
500,5.249023438,-0.4506577235,-0.6494112481
500,5.37109375,-0.4302294696,-0.6663938063
500,5.493164062,-0.4098474878,-0.6834931063
500,5.615234375,-0.389547266,-0.700710017
500,5.737304688,-0.3693648763,-0.7180452443
500,5.859375,-0.349336922,-0.7354993241
500,5.981445312,-0.3295004789,-0.753072616
500,6.103515625,-0.3098930321,-0.7707652969
500,6.225585938,-0.2905524068,-0.7885773546
500,6.34765625,-0.2715166948,-0.8065085825
500,6.469726562,-0.2528241742,-0.8245585735
500,6.591796875,-0.2345132256,-0.8427267155
500,6.713867188,-0.2166222412,-0.8610121861
500,6.8359375,-0.1991895308,-0.8794139492
500,6.958007812,-0.1822532213,-0.8979307508
500,7.080078125,-0.1658511526,-0.9165611166
500,7.202148438,-0.1500207691,-0.9353033496
500,7.32421875,-0.1347990065,-0.9541555287
500,7.446289062,-0.1202221764,-0.973115508
500,7.568359375,-0.1063258469,-0.9921809171
500,7.690429688,-0.09314472094,-1.011349163
500,7.8125,-0.08071251291,-1.03061743
500,7.934570312,-0.06906182409,-1.049982686
500,8.056640625,-0.05822401738,-1.069441684
500,8.178710938,-0.04822909238,-1.08899097
500,8.30078125,-0.03910556143,-1.108626886
500,8.422851562,-0.03088032745,-1.128345581
500,8.544921875,-0.02357856454,-1.148143016
500,8.666992188,-0.01722360193,-1.168014977
500,8.7890625,-0.01183681237,-1.187957083
500,8.911132812,-0.007437505757,-1.207964799
500,9.033203125,-0.004042828666,-1.228033449
500,9.155273438,-0.001667670831,-1.248158229
500,9.27734375,-0.000324579153,-1.268334221
500,9.399414062,np.float64(-2.36800405282755e-05),-1.28855641
500,9.521484375,-0.0007726107066,-1.308819698
500,9.643554688,-0.00257646002,-1.329118923
500,9.765625,-0.005437719419,-1.349448873
500,9.887695312,-0.009356244306,-1.369804308
500,10.00976562,-0.01432922627,-1.390179975
500,10.13183594,-0.02035117635,-1.410570627
500,10.25390625,-0.02741391953,-1.43097104
500,10.37597656,-0.03550660038,-1.451376036
500,10.49804688,-0.04461569998,-1.471780497
500,10.62011719,-0.0547250637,-1.492179382
500,10.7421875,-0.0658159398,-1.512567751
500,10.86425781,-0.07786702834,-1.532940775
500,10.98632812,-0.09085453999,-1.55329376
500,11.10839844,-0.1047522643,-1.573622156
500,11.23046875,-0.1195316465,-1.59392158
500,11.35253906,-0.1351618729,-1.614187822
500,11.47460938,-0.1516099629,-1.634416868
500,11.59667969,-0.1688408685,-1.654604908
500,11.71875,-0.1868175787,-1.674748347
500,11.84082031,-0.2055012299,-1.694843822
500,11.96289062,-0.2248512192,-1.714888204
500,12.08496094,-0.2448253226,-1.734878614
500,12.20703125,-0.2653798142,-1.754812429
500,12.32910156,-0.2864695879,-1.774687287
500,12.45117188,-0.3080482801,-1.794501097
500,12.57324219,-0.330068392,-1.81425204
500,12.6953125,-0.3524814122,-1.833938578
500,12.81738281,-0.3752379374,-1.853559452
500,12.93945312,-0.3982877919,-1.87311369
500,13.06152344,-0.4215801442,-1.892600605
500,13.18359375,-0.4450636218,-1.912019796
500,13.30566406,-0.4686864219,-1.931371151
500,13.42773438,-0.4923964189,-1.950654846
500,13.54980469,-0.5161412686,-1.96987134
500,13.671875,-0.5398685075,-1.989021381
500,13.79394531,-0.5635256486,-2.008105998
500,13.91601562,-0.5870602725,-2.0271265
500,14.03808594,-0.6104201146,-2.046084478
500,14.16015625,-0.6335531474,-2.064981796
500,14.28222656,-0.6564076593,-2.083820594
500,14.40429688,-0.6789323286,-2.10260328
500,14.52636719,-0.7010762938,-2.12133253
500,14.6484375,-0.7227892203,-2.140011286
500,14.77050781,-0.7440213634,-2.158642749
500,14.89257812,-0.7647236278,-2.177230381
500,15.01464844,-0.784847625,-2.195777898
500,15.13671875,-0.8043457273,-2.21428927
500,15.25878906,-0.8231711199,-2.23276872
500,15.38085938,-0.8412778514,-2.251220717
500,15.50292969,-0.858620883,-2.26964998
500,15.625,-0.8751561361,-2.288061473
500,15.74707031,-0.8908405405,-2.306460405
500,15.86914062,-0.9056320821,-2.324852229
500,15.99121094,-0.9194898511,-2.343242641
500,16.11328125,-0.932374092,-2.361637582
500,16.23535156,-0.9442462543,-2.380043234
500,16.35742188,-0.9550690465,-2.398466027
500,16.47949219,-0.9648064923,-2.416912635
500,16.6015625,-0.9734239906,-2.435389977
500,16.72363281,-0.9808883796,-2.453905222
500,16.84570312,-0.9871680055,-2.472465791
500,16.96777344,-0.9922327971,-2.491079354
500,17.08984375,-0.9960543461,-2.509753838
500,17.21191406,-0.9986059944,-2.528497427
500,17.33398438,-0.9998629291,-2.547318567
500,17.45605469,-0.9998022863,-2.566225965
500,17.578125,-0.9984032628,-2.585228594
500,17.70019531,-0.9956472389,-2.604335697
500,17.82226562,-0.9915179116,-2.623556787
500,17.94433594,-0.9860014387,-2.642901652
500,18.06640625,-0.9790865959,-2.662380352
500,18.18847656,-0.970764946,-2.682003226
500,18.31054688,-0.9610310232,-2.701780889
500,18.43261719,-0.9498825301,-2.721724231
500,18.5546875,-0.9373205509,-2.741844419
500,18.67675781,-0.9233497801,-2.76215289
500,18.79882812,-0.9079787665,-2.782661348
500,18.92089844,-0.8912201741,-2.803381758
500,19.04296875,-0.8730910593,-2.824326337
500,19.16503906,-0.8536131642,-2.845507543
500,19.28710938,-0.8328132256,-2.866938059
500,19.40917969,-0.8107233,-2.888630778
500,19.53125,-0.7873811016,-2.910598782
500,19.65332031,-0.7628303536,-2.932855313
500,19.77539062,-0.7371211494,-2.955413745
500,19.89746094,-0.7103103215,-2.97828755
500,20.01953125,-0.6824618149,-3.001490254
500,20.14160156,-0.6536470597,-3.02503539
500,20.26367188,-0.6239453385,-3.048936444
500,20.38574219,-0.5934441422,-3.073206792
500,20.5078125,-0.5622395059,-3.097859632
500,20.62988281,-0.5304363177,-3.122907902
500,20.75195312,-0.4981485883,-3.148364197
500,20.87402344,-0.4654996725,-3.174240667
500,20.99609375,-0.4326224272,-3.200548917
500,21.11816406,-0.3996592932,-3.227299889
500,21.24023438,-0.366762285,-3.254503735
500,21.36230469,-0.3340928719,-3.28216969
500,21.484375,-0.3018217317,-3.310305929
500,21.60644531,-0.2701283606,-3.338919417
500,21.72851563,-0.2392005192,-3.368015762
500,21.85058594,-0.2092334968,-3.397599055
500,21.97265625,-0.1804291787,-3.427671715
500,22.09472656,-0.1529948986,-3.458234338
500,22.21679688,-0.1271420665,-3.489285545
500,22.33886719,-0.1030845618,-3.520821846
500,22.4609375,-0.0810368899,-3.552837515
500,22.58300781,-0.06121210273,-3.585324481
500,22.70507812,-0.04381949418,-3.618272252
500,22.82714844,-0.02906208686,-3.651667855
500,22.94921875,-0.01713393578,-3.685495817
500,23.07128906,-0.008217283242,-3.719738187
500,23.19335938,-0.002479607441,-3.754374589
500,23.31542969,np.float64(-7.061562582730408e-05),-3.789382331
500,23.4375,-0.001119239073,-3.824736559
500,23.55957031,-0.005730692583,-3.860410456
500,23.68164062,-0.01398366411,-3.896375499
500,23.80371094,-0.02592770067,-3.932601754
500,23.92578125,-0.04158085423,-3.969058221
500,24.04785156,-0.06092764611,-4.005713219
500,24.16992188,-0.08391740008,-4.042534804
500,24.29199219,-0.1104629835,-4.079491217
500,24.4140625,-0.1404399835,-4.116551351
500,24.53613281,-0.173686329,-4.15368523
500,24.65820312,-0.2100023578,-4.190864496
500,24.78027344,-0.2491513092,-4.228062889
500,24.90234375,-0.2908602103,-4.265256724
500,25.02441406,-0.3348211147,-4.302425349
500,25.14648438,-0.380692637,-4.339551587
500,25.26855469,-0.4281017261,-4.376622156
500,25.390625,-0.4766456128,-4.413628076
500,25.51269531,-0.5258938692,-4.450565049
500,25.63476563,-0.5753905204,-4.487433834
500,25.75683594,-0.6246561568,-4.524240609
500,25.87890625,-0.6731900049,-4.56099734
500,26.00097656,-0.7204719275,-4.597722158
500,26.12304688,-0.7659643423,-4.634439763
500,26.24511719,-0.8091140661,-4.671181868
500,26.3671875,-0.8493541159,-4.707987701
500,26.48925781,-0.8861055282,-4.744904578
500,26.61132812,-0.9187792899,-4.781988578
500,26.73339844,-0.9467785204,-4.819305339
500,26.85546875,-0.9695010962,-4.856931
500,26.97753906,-0.9863429828,-4.894953322
500,27.09960938,-0.996702629,-4.933473021
500,27.22167969,-0.9999869001,-4.972605349
500,27.34375,-0.9956191883,-5.01248196
500,27.46582031,-0.9830505533,-5.053253098
500,27.58789062,-0.9617750263,-5.095090139
500,27.70996094,-0.9313505855,-5.138188522
500,27.83203125,-0.8914277925,-5.182771045
500,27.95410156,-0.8417886929,-5.229091511
500,28.07617188,-0.7823993364,-5.277438586
500,28.19824219,-0.7134801447,-5.328139636
500,28.3203125,-0.635599262,-5.381564098
500,28.44238281,-0.5497947454,-5.438125635
500,28.56445312,-0.4577315456,-5.498281841
500,28.68652344,-0.3618978224,-5.562529637
500,28.80859375,-0.2658407904,-5.631393608
500,28.93066406,-0.1744327402,-5.705403577
500,29.05273438,-0.09414031654,-5.785056947
500,29.17480469,-0.03324216514,-5.870761337
500,29.296875,-0.001902724091,-5.962755184
500,29.41894531,-0.01197300384,-6.061009439
500,29.54101563,-0.07637728159,-6.1651236
500,29.66308594,-0.2079963703,-6.274242315
500,29.78515625,-0.4181056176,-6.387028783
500,29.90722656,-0.7146499267,-6.501727965
500,30.02929688,-1.100831952,-6.616328672
500,30.15136719,-1.574497267,-6.728794773
500,30.2734375,-2.12854934,-6.837303393
500,30.39550781,-2.752235612,-6.940424523
500,30.51757812,-3.43285127,-7.03720443
500,30.63964844,-4.157363564,-7.127154854
500,30.76171875,-4.91362827,-7.210177938
500,30.88378906,-5.691099322,-7.286463881
500,31.00585938,-6.481099572,-7.356390081
500,31.12792969,-7.276789838,-7.420437467
500,31.25,-8.072970871,-7.479128849
500,31.37207031,-8.865818444,-7.532987685
500,31.49414062,-9.652613303,-7.582513033
500,31.61621094,-10.43149764,-7.628166127
500,31.73828125,-11.20127025,-7.670364674
500,31.86035156,-11.96122148,-7.70948195
500,31.98242188,-12.71100424,-7.745848664
500,32.10449219,-13.45053495,-7.779756253
500,32.2265625,-14.17991878,-7.811460775
500,32.34863281,-14.8993937,-7.841186899
500,32.47070312,-15.60928898,-7.869131725
500,32.59277344,-16.30999474,-7.895468296
500,32.71484375,-17.00193969,-7.920348739
500,32.83691406,-17.68557496,-7.943907033
500,32.95898438,-18.36136267,-7.966261429
500,33.08105469,-19.02976774,-7.987516539
500,33.203125,-19.69125232,-8.007765139
500,33.32519531,-20.34627201,-8.027089721
500,33.44726562,-20.99527349,-8.045563825
500,33.56933594,-21.63869313,-8.063253186
500,33.69140625,-22.27695634,-8.080216711
500,33.81347656,-22.91047747,-8.096507334
500,33.93554688,-23.53966011,-8.112172734
500,34.05761719,-24.16489759,-8.127255972
500,34.1796875,-24.78657383,-8.141796032
500,34.30175781,-25.40506419,-8.155828288
500,34.42382812,-26.02073653,-8.169384918
500,34.54589844,-26.63395232,-8.182495255
500,34.66796875,-27.24506776,-8.195186099
500,34.79003906,-27.85443508,-8.207481988
500,34.91210938,-28.46240372,-8.219405436
500,35.03417969,-29.06932168,-8.230977139
500,35.15625,-29.67553689,-8.242216158
500,35.27832031,-30.28139858,-8.253140085
500,35.40039062,-30.88725879,-8.263765182
500,35.52246094,-31.49347392,-8.274106509
500,35.64453125,-32.10040633,-8.284178035
500,35.76660156,-32.70842614,-8.29399274
500,35.88867188,-33.31791304,-8.303562703
500,36.01074219,-33.92925841,-8.312899182
500,36.1328125,-34.54286744,-8.322012686
500,36.25488281,-35.15916162,-8.330913035
500,36.37695312,-35.77858139,-8.339609424
500,36.49902344,-36.40158916,-8.348110469
500,36.62109375,-37.02867266,-8.356424255
500,36.74316406,-37.66034869,-8.36455838
500,36.86523438,-38.29716748,-8.372519992
500,36.98730469,-38.93971758,-8.380315822
500,37.109375,-39.58863154,-8.387952217
500,37.23144531,-40.24459245,-8.395435169
500,37.35351562,-40.90834162,-8.402770338
500,37.47558594,-41.5806875,-8.409963078
500,37.59765625,-42.26251632,-8.417018461
500,37.71972656,-42.95480464,-8.423941289
500,37.84179688,-43.65863447,-8.430736122
500,37.96386719,-44.37521142,-8.437407286
500,38.0859375,-45.10588683,-8.443958893
500,38.20800781,-45.85218493,-8.450394854
500,38.33007812,-46.61583644,-8.456718892
500,38.45214844,-47.39882053,-8.462934553
500,38.57421875,-48.20341797,-8.469045216
500,38.69628906,-49.03227901,-8.475054109
500,38.81835938,-49.88851135,-8.48096431
500,38.94042969,-50.77579581,-8.486778761
500,39.0625,-51.69854077,-8.492500274
500,39.18457031,-52.66209235,-8.498131543
500,39.30664062,-53.67302603,-8.503675141
500,39.42871094,-54.73956125,-8.509133539
500,39.55078125,-55.87216656,-8.5145091
500,39.67285156,-57.08447164,-8.519804095
500,39.79492188,-58.39469387,-8.5250207
500,39.91699219,-59.82797291,-8.530161006
500,40.0390625,-61.42040939,-8.535227022
500,40.16113281,-63.22655971,-8.540220679
500,40.28320312,-65.33468383,-8.545143832
500,40.40527344,-67.90194651,-8.54999827
500,40.52734375,-71.25243165,-8.554785711
500,40.64941406,-76.25200896,-8.559507813
500,40.77148438,-87.39354503,-8.564166173
500,40.89355469,-84.36208663,-5.427169675
500,41.015625,-76.13051735,-5.431705112
500,41.13769531,-72.23237971,-5.436181262
500,41.25976562,-69.72979094,-5.440599508
500,41.38183594,-67.92640816,-5.444961186
500,41.50390625,-66.54434981,-5.449267585
500,41.62597656,-65.44427949,-5.453519952
500,41.74804688,-64.54631884,-5.457719493
500,41.87011719,-63.80040618,-5.461867375
500,41.9921875,-63.17309582,-5.465964725
500,42.11425781,-62.64094042,-5.470012636
500,42.23632812,-62.18687174,-5.474012165
500,42.35839844,-61.79808431,-5.477964338
500,42.48046875,-61.46473014,-5.481870145
500,42.60253906,-61.17907794,-5.485730551
500,42.72460938,-60.93495163,-5.489546487
500,42.84667969,-60.72734379,-5.493318859
500,42.96875,-60.55214238,-5.497048544
500,43.09082031,-60.40593317,-5.500736394
500,43.21289063,-60.28585413,-5.504383238
500,43.33496094,-60.18948601,-5.507989876
500,43.45703125,-60.11476914,-5.511557091
500,43.57910156,-60.05993894,-5.515085641
500,43.70117188,-60.02347568,-5.518576261
500,43.82324219,-60.00406456,-5.522029668
500,43.9453125,-60.00056399,-5.525446559
500,44.06738281,-60.01197991,-5.528827611
500,44.18945312,-60.03744503,-5.532173484
500,44.31152344,-60.07620178,-5.535484819
500,44.43359375,-60.12758838,-5.53876224
500,44.55566406,-60.19102724,-5.542006355
500,44.67773438,-60.26601544,-5.545217757
500,44.79980469,-60.35211671,-5.548397021
500,44.921875,-60.44895488,-5.551544711
500,45.04394531,-60.55620833,-5.554661373
500,45.16601562,-60.67360545,-5.557747541
500,45.28808594,-60.80092094,-5.560803736
500,45.41015625,-60.93797269,-5.563830466
500,45.53222656,-61.08461944,-5.566828224
500,45.65429688,-61.24075884,-5.569797495
500,45.77636719,-61.40632615,-5.572738749
500,45.8984375,-61.58129326,-5.575652446
500,46.02050781,-61.7656683,-5.578539035
500,46.14257813,-61.95949554,-5.581398955
500,46.26464844,-62.16285589,-5.584232633
500,46.38671875,-62.37586767,-5.587040487
500,46.50878906,-62.59868792,-5.589822926
500,46.63085938,-62.83151427,-5.592580349
500,46.75292969,-63.07458723,-5.595313145
500,46.875,-63.32819314,-5.598021695
500,46.99707031,-63.59266787,-5.600706373
500,47.11914062,-63.86840119,-5.603367543
500,47.24121094,-64.15584217,-5.606005559
500,47.36328125,-64.4555056,-5.608620772
500,47.48535156,-64.76797977,-5.611213521
500,47.60742188,-65.09393575,-5.613784141
500,47.72949219,-65.43413871,-5.616332957
500,47.8515625,-65.7894614,-5.618860288
500,47.97363281,-66.16090079,-5.621366447
500,48.09570312,-66.54959816,-5.623851741
500,48.21777344,-66.956864,-5.626316468
500,48.33984375,-67.38420876,-5.628760922
500,48.46191406,-67.83338136,-5.63118539
500,48.58398438,-68.30641778,-5.633590153
500,48.70605469,-68.80570304,-5.635975488
500,48.828125,-69.33405134,-5.638341664
500,48.95019531,-69.89481093,-5.640688946
500,49.07226562,-70.49200347,-5.643017593
500,49.19433594,-71.13051259,-5.64532786
500,49.31640625,-71.8163438,-5.647619996
500,49.43847656,-72.5569909,-5.649894246
500,49.56054688,-73.36196594,-5.652150848
500,49.68261719,-74.24358886,-5.654390038
500,49.8046875,-75.21820627,-5.656612046
500,49.92675781,-76.30815366,-5.658817099
500,50.04882812,-77.54508166,-5.661005419
500,50.17089844,-78.97597078,-5.663177222
500,50.29296875,-80.67495419,-5.665332723
500,50.41503906,-82.76932751,-5.66747213
500,50.53710938,-85.50683702,-5.669595651
500,50.65917969,-89.48132847,-5.671703486
500,50.78125,-96.91149988,-5.673795834
500,50.90332031,-106.2938652,-2.534280236
500,51.02539063,-92.4782208,-2.53634219
500,51.14746094,-87.42996945,-2.538389231
500,51.26953125,-84.28552495,-2.540421542
500,51.39160156,-82.00320535,-2.542439304
500,51.51367188,-80.21518624,-2.544442697
500,51.63574219,-78.74823974,-2.546431893
500,51.7578125,-77.5068328,-2.548407065
500,51.87988281,-76.43264877,-2.550368382
500,52.00195312,-75.48745713,-2.552316009
500,52.12402344,-74.64482994,-2.55425011
500,52.24609375,-73.8857322,-2.556170844
500,52.36816406,-73.1959969,-2.558078369
500,52.49023438,-72.5647938,-2.559972839
500,52.61230469,-71.9836566,-2.561854408
500,52.734375,-71.44584082,-2.563723224
500,52.85644531,-70.94588587,-2.565579434
500,52.97851562,-70.47930811,-2.567423184
500,53.10058594,-70.04238053,-2.569254615
500,53.22265625,-69.63197123,-2.571073868
500,53.34472656,-69.24542286,-2.57288108
500,53.46679688,-68.88046111,-2.574676388
500,53.58886719,-68.53512432,-2.576459923
500,53.7109375,-68.20770845,-2.578231818
500,53.83300781,-67.89672381,-2.579992201
500,53.95507813,-67.60086035,-2.5817412
500,54.07714844,-67.31895987,-2.583478939
500,54.19921875,-67.04999328,-2.585205542
500,54.32128906,-66.79304205,-2.58692113
500,54.44335938,-66.54728282,-2.588625821
500,54.56542969,-66.31197469,-2.590319734
500,54.6875,-66.08644846,-2.592002984
500,54.80957031,-65.87009765,-2.593675685
500,54.93164062,-65.66237085,-2.595337949
500,55.05371094,-65.46276521,-2.596989886
500,55.17578125,-65.27082088,-2.598631606
500,55.29785156,-65.08611624,-2.600263215
500,55.41992188,-64.90826368,-2.601884818
500,55.54199219,-64.7369061,-2.60349652
500,55.6640625,-64.57171371,-2.605098423
500,55.78613281,-64.41238135,-2.606690628
500,55.90820312,-64.25862602,-2.608273235
500,56.03027344,-64.11018484,-2.60984634
500,56.15234375,-63.96681313,-2.611410042
500,56.27441406,-63.82828275,-2.612964434
500,56.39648438,-63.69438068,-2.614509612
500,56.51855469,-63.56490768,-2.616045666
500,56.640625,-63.43967709,-2.617572689
500,56.76269531,-63.31851384,-2.619090769
500,56.88476562,-63.20125348,-2.620599996
500,57.00683594,-63.0877413,-2.622100457
500,57.12890625,-62.97783165,-2.623592238
500,57.25097656,-62.87138715,-2.625075424
500,57.37304688,-62.76827816,-2.626550098
500,57.49511719,-62.66838214,-2.628016343
500,57.6171875,-62.57158316,-2.629474241
500,57.73925781,-62.47777145,-2.630923871
500,57.86132812,-62.38684296,-2.632365313
500,57.98339844,-62.29869892,-2.633798644
500,58.10546875,-62.21324559,-2.635223943
500,58.22753906,-62.13039381,-2.636641284
500,58.34960938,-62.05005878,-2.638050744
500,58.47167969,-61.97215976,-2.639452395
500,58.59375,-61.89661981,-2.640846311
500,58.71582031,-61.82336555,-2.642232564
500,58.83789063,-61.75232696,-2.643611225
500,58.95996094,-61.68343715,-2.644982364
500,59.08203125,-61.61663223,-2.64634605
500,59.20410156,-61.55185105,-2.647702352
500,59.32617188,-61.48903513,-2.649051337
500,59.44824219,-61.42812846,-2.650393071
500,59.5703125,-61.36907737,-2.651727621
500,59.69238281,-61.31183041,-2.65305505
500,59.81445312,-61.25633822,-2.654375424
500,59.93652344,-61.20255342,-2.655688805
500,60.05859375,-61.15043053,-2.656995256
500,60.18066406,-61.09992583,-2.658294839
500,60.30273438,-61.0509973,-2.659587613
500,60.42480469,-61.00360453,-2.66087364
500,60.546875,-60.95770861,-2.662152978
500,60.66894531,-60.9132721,-2.663425687
500,60.79101562,-60.87025895,-2.664691824
500,60.91308594,-60.82863441,-2.665951445
500,61.03515625,-60.78836497,-2.667204609
500,61.15722656,-60.74941833,-2.66845137
500,61.27929688,-60.71176332,-2.669691783
500,61.40136719,-60.67536985,-2.670925904
500,61.5234375,-60.64020887,-2.672153785
500,61.64550781,-60.60625234,-2.67337548
500,61.76757813,-60.57347312,-2.674591041
500,61.88964844,-60.54184503,-2.67580052
500,62.01171875,-60.5113427,-2.677003968
500,62.13378906,-60.48194164,-2.678201436
500,62.25585938,-60.45361813,-2.679392974
500,62.37792969,-60.42634919,-2.680578631
500,62.5,-60.40011261,-2.681758457
500,62.62207031,-60.37488686,-2.682932499
500,62.74414062,-60.35065107,-2.684100805
500,62.86621094,-60.32738504,-2.685263422
500,62.98828125,-60.30506917,-2.686420397
500,63.11035156,-60.28368446,-2.687571776
500,63.23242188,-60.26321248,-2.688717605
500,63.35449219,-60.24363536,-2.689857928
500,63.4765625,-60.22493574,-2.690992789
500,63.59863281,-60.20709678,-2.692122234
500,63.72070312,-60.19010214,-2.693246305
500,63.84277344,-60.17393593,-2.694365046
500,63.96484375,-60.15858274,-2.695478499
500,64.08691406,-60.14402757,-2.696586705
500,64.20898438,-60.13025587,-2.697689708
500,64.33105469,-60.11725348,-2.698787546
500,64.453125,-60.10500664,-2.699880263
500,64.57519531,-60.09350197,-2.700967896
500,64.69726562,-60.08272645,-2.702050487
500,64.81933594,-60.07266742,-2.703128075
500,64.94140625,-60.06331256,-2.704200698
500,65.06347656,-60.05464988,-2.705268395
500,65.18554688,-60.04666772,-2.706331204
500,65.30761719,-60.03935471,-2.707389162
500,65.4296875,-60.03269979,-2.708442307
500,65.55175781,-60.0266922,-2.709490676
500,65.67382812,-60.02132143,-2.710534306
500,65.79589844,-60.01657727,-2.711573231
500,65.91796875,-60.01244976,-2.712607488
500,66.04003906,-60.00892919,-2.713637112
500,66.16210938,-60.00600611,-2.714662138
500,66.28417969,-60.0036713,-2.7156826
500,66.40625,-60.00191578,-2.716698533
500,66.52832031,-60.00073077,-2.717709971
500,66.65039062,-60.00010773,-2.718716946
500,66.77246094,-60.00003834,-2.719719492
500,66.89453125,-60.00051445,-2.720717643
500,67.01660156,-60.00152815,-2.721711429
500,67.13867188,-60.0030717,-2.722700884
500,67.26074219,-60.00513755,-2.723686038
500,67.3828125,-60.00771833,-2.724666924
500,67.50488281,-60.01080686,-2.725643573
500,67.62695312,-60.01439612,-2.726616015
500,67.74902344,-60.01847925,-2.727584281
500,67.87109375,-60.02304959,-2.728548401
500,67.99316406,-60.0281006,-2.729508404
500,68.11523438,-60.0336259,-2.730464322
500,68.23730469,-60.03961927,-2.731416181
500,68.359375,-60.04607465,-2.732364013
500,68.48144531,-60.05298609,-2.733307845
500,68.60351562,-60.0603478,-2.734247705
500,68.72558594,-60.06815411,-2.735183623
500,68.84765625,-60.0763995,-2.736115625
500,68.96972656,-60.08507857,-2.737043739
500,69.09179688,-60.09418603,-2.737967993
500,69.21386719,-60.10371674,-2.738888414
500,69.3359375,-60.11366566,-2.739805028
500,69.45800781,-60.12402786,-2.740717861
500,69.58007812,-60.13479854,-2.741626941
500,69.70214844,-60.145973,-2.742532293
500,69.82421875,-60.15754665,-2.743433943
500,69.94628906,-60.169515,-2.744331915
500,70.06835938,-60.18187368,-2.745226237
500,70.19042969,-60.19461838,-2.746116932
500,70.3125,-60.20774494,-2.747004025
500,70.43457031,-60.22124926,-2.747887541
500,70.55664062,-60.23512734,-2.748767504
500,70.67871094,-60.24937528,-2.749643938
500,70.80078125,-60.26398925,-2.750516867
500,70.92285156,-60.27896553,-2.751386315
500,71.04492188,-60.29430048,-2.752252305
500,71.16699219,-60.30999053,-2.75311486
500,71.2890625,-60.32603219,-2.753974003
500,71.41113281,-60.34242208,-2.754829757
500,71.53320312,-60.35915687,-2.755682144
500,71.65527344,-60.3762333,-2.756531187
500,71.77734375,-60.39364822,-2.757376908
500,71.89941406,-60.41139851,-2.758219329
500,72.02148438,-60.42948116,-2.759058471
500,72.14355469,-60.4478932,-2.759894355
500,72.265625,-60.46663175,-2.760727005
500,72.38769531,-60.485694,-2.761556439
500,72.50976562,-60.50507717,-2.76238268
500,72.63183594,-60.5247786,-2.763205748
500,72.75390625,-60.54479564,-2.764025664
500,72.87597656,-60.56512574,-2.764842447
500,72.99804688,-60.58576639,-2.765656119
500,73.12011719,-60.60671516,-2.766466699
500,73.2421875,-60.62796965,-2.767274207
500,73.36425781,-60.64952755,-2.768078662
500,73.48632812,-60.67138659,-2.768880084
500,73.60839844,-60.69354455,-2.769678493
500,73.73046875,-60.71599927,-2.770473908
500,73.85253906,-60.73874867,-2.771266347
500,73.97460938,-60.76179067,-2.772055829
500,74.09667969,-60.78512329,-2.772842373
500,74.21875,-60.80874457,-2.773625998
500,74.34082031,-60.83265263,-2.774406721
500,74.46289062,-60.85684561,-2.775184561
500,74.58496094,-60.88132172,-2.775959535
500,74.70703125,-60.9060792,-2.776731663
500,74.82910156,-60.93111635,-2.777500961
500,74.95117188,-60.95643152,-2.778267446
500,75.07324219,-60.9820231,-2.779031137
500,75.1953125,-61.00788952,-2.77979205
500,75.31738281,-61.03402925,-2.780550203
500,75.43945312,-61.06044083,-2.781305612
500,75.56152344,-61.08712282,-2.782058295
500,75.68359375,-61.11407383,-2.782808267
500,75.80566406,-61.14129251,-2.783555546
500,75.92773438,-61.16877756,-2.784300148
500,76.04980469,-61.1965277,-2.785042089
500,76.171875,-61.22454171,-2.785781384
500,76.29394531,-61.25281841,-2.786518051
500,76.41601562,-61.28135666,-2.787252105
500,76.53808594,-61.31015533,-2.787983561
500,76.66015625,-61.33921337,-2.788712435
500,76.78222656,-61.36852975,-2.789438743
500,76.90429688,-61.39810347,-2.7901625
500,77.02636719,-61.42793359,-2.790883721
500,77.1484375,-61.45801917,-2.791602421
500,77.27050781,-61.48835934,-2.792318615
500,77.39257812,-61.51895325,-2.793032318
500,77.51464844,-61.5498001,-2.793743545
500,77.63671875,-61.58089911,-2.794452309
500,77.75878906,-61.61224954,-2.795158626
500,77.88085938,-61.64385069,-2.79586251
500,78.00292969,-61.67570189,-2.796563975
500,78.125,-61.70780251,-2.797263036
500,78.24707031,-61.74015194,-2.797959705
500,78.36914062,-61.77274961,-2.798653998
500,78.49121094,-61.805595,-2.799345927
500,78.61328125,-61.83868759,-2.800035507
500,78.73535156,-61.87202694,-2.800722751
500,78.85742188,-61.9056126,-2.801407673
500,78.97949219,-61.93944416,-2.802090285
500,79.1015625,-61.97352127,-2.802770601
500,79.22363281,-62.00784358,-2.803448635
500,79.34570312,-62.04241079,-2.804124398
500,79.46777344,-62.07722263,-2.804797905
500,79.58984375,-62.11227886,-2.805469168
500,79.71191406,-62.14757926,-2.806138199
500,79.83398438,-62.18312366,-2.806805011
500,79.95605469,-62.21891192,-2.807469618
500,80.078125,-62.25494392,-2.80813203
500,80.20019531,-62.29121958,-2.808792261
500,80.32226562,-62.32773885,-2.809450322
500,80.44433594,-62.3645017,-2.810106227
500,80.56640625,-62.40150815,-2.810759986
500,80.68847656,-62.43875823,-2.811411612
500,80.81054688,-62.47625203,-2.812061117
500,80.93261719,-62.51398965,-2.812708512
500,81.0546875,-62.55197122,-2.81335381
500,81.17675781,-62.59019691,-2.813997021
500,81.29882812,-62.62866691,-2.814638157
500,81.42089844,-62.66738146,-2.81527723
500,81.54296875,-62.70634081,-2.815914251
500,81.66503906,-62.74554525,-2.816549231
500,81.78710938,-62.78499512,-2.817182181
500,81.90917969,-62.82469075,-2.817813113
500,82.03125,-62.86463254,-2.818442037
500,82.15332031,-62.9048209,-2.819068964
500,82.27539062,-62.94525629,-2.819693906
500,82.39746094,-62.98593917,-2.820316872
500,82.51953125,-63.02687007,-2.820937874
500,82.64160156,-63.06804952,-2.821556922
500,82.76367188,-63.1094781,-2.822174026
500,82.88574219,-63.15115642,-2.822789198
500,83.0078125,-63.19308512,-2.823402447
500,83.12988281,-63.23526487,-2.824013784
500,83.25195312,-63.27769638,-2.824623218
500,83.37402344,-63.32038039,-2.825230761
500,83.49609375,-63.36331767,-2.825836421
500,83.61816406,-63.40650902,-2.82644021
500,83.74023438,-63.44995528,-2.827042136
500,83.86230469,-63.49365734,-2.82764221
500,83.984375,-63.53761608,-2.828240442
500,84.10644531,-63.58183247,-2.82883684
500,84.22851563,-63.62630746,-2.829431416
500,84.35058594,-63.67104208,-2.830024178
500,84.47265625,-63.71603737,-2.830615136
500,84.59472656,-63.76129442,-2.831204299
500,84.71679688,-63.80681434,-2.831791677
500,84.83886719,-63.85259829,-2.832377278
500,84.9609375,-63.89864747,-2.832961113
500,85.08300781,-63.94496309,-2.83354319
500,85.20507812,-63.99154644,-2.834123518
500,85.32714844,-64.0383988,-2.834702107
500,85.44921875,-64.08552154,-2.835278965
500,85.57128906,-64.13291603,-2.835854101
500,85.69335938,-64.18058369,-2.836427524
500,85.81542969,-64.22852599,-2.836999243
500,85.9375,-64.27674443,-2.837569267
500,86.05957031,-64.32524055,-2.838137603
500,86.18164062,-64.37401593,-2.838704262
500,86.30371094,-64.42307222,-2.839269251
500,86.42578125,-64.47241107,-2.839832578
500,86.54785156,-64.5220342,-2.840394252
500,86.66992188,-64.57194336,-2.840954283
500,86.79199219,-64.62214037,-2.841512676
500,86.9140625,-64.67262706,-2.842069442
500,87.03613281,-64.72340532,-2.842624588
500,87.15820312,-64.77447711,-2.843178123
500,87.28027344,-64.8258444,-2.843730053
500,87.40234375,-64.87750924,-2.844280388
500,87.52441406,-64.9294737,-2.844829136
500,87.64648438,-64.98173992,-2.845376304
500,87.76855469,-65.03431008,-2.845921899
500,87.890625,-65.08718643,-2.846465931
500,88.01269531,-65.14037124,-2.847008407
500,88.13476562,-65.19386687,-2.847549333
500,88.25683594,-65.2476757,-2.848088719
500,88.37890625,-65.30180018,-2.848626571
500,88.50097656,-65.35624284,-2.849162897
500,88.62304688,-65.41100622,-2.849697705
500,88.74511719,-65.46609296,-2.850231002
500,88.8671875,-65.52150573,-2.850762796
500,88.98925781,-65.57724728,-2.851293093
500,89.11132813,-65.63332041,-2.851821901
500,89.23339844,-65.689728,-2.852349227
500,89.35546875,-65.74647296,-2.852875079
500,89.47753906,-65.80355831,-2.853399463
500,89.59960938,-65.86098711,-2.853922387
500,89.72167969,-65.91876249,-2.854443858
500,89.84375,-65.97688764,-2.854963882
500,89.96582031,-66.03536586,-2.855482468
500,90.08789062,-66.09420048,-2.85599962
500,90.20996094,-66.15339492,-2.856515348
500,90.33203125,-66.21295269,-2.857029656
500,90.45410156,-66.27287736,-2.857542553
500,90.57617188,-66.33317257,-2.858054044
500,90.69824219,-66.39384208,-2.858564137
500,90.8203125,-66.4548897,-2.859072839
500,90.94238281,-66.51631932,-2.859580154
500,91.06445312,-66.57813495,-2.860086092
500,91.18652344,-66.64034066,-2.860590657
500,91.30859375,-66.70294062,-2.861093856
500,91.43066406,-66.7659391,-2.861595696
500,91.55273438,-66.82934047,-2.862096183
500,91.67480469,-66.89314916,-2.862595324
500,91.796875,-66.95736976,-2.863093124
500,91.91894531,-67.02200691,-2.863589591
500,92.04101562,-67.08706538,-2.86408473
500,92.16308594,-67.15255005,-2.864578547
500,92.28515625,-67.21846591,-2.865071049
500,92.40722656,-67.28481806,-2.865562242
500,92.52929688,-67.3516117,-2.866052131
500,92.65136719,-67.41885219,-2.866540723
500,92.7734375,-67.48654498,-2.867028025
500,92.89550781,-67.55469565,-2.867514041
500,93.01757812,-67.62330992,-2.867998778
500,93.13964844,-67.69239365,-2.868482241
500,93.26171875,-67.76195281,-2.868964437
500,93.38378906,-67.83199354,-2.869445371
500,93.50585938,-67.90252211,-2.86992505
500,93.62792969,-67.97354494,-2.870403478
500,93.75,-68.0450686,-2.870880662
500,93.87207031,-68.11709983,-2.871356607
500,93.99414063,-68.18964552,-2.871831318
500,94.11621094,-68.26271273,-2.872304803
500,94.23828125,-68.3363087,-2.872777065
500,94.36035156,-68.41044084,-2.873248111
500,94.48242188,-68.48511674,-2.873717945
500,94.60449219,-68.56034418,-2.874186575
500,94.7265625,-68.63613114,-2.874654004
500,94.84863281,-68.71248579,-2.875120238
500,94.97070313,-68.78941651,-2.875585284
500,95.09277344,-68.8669319,-2.876049145
500,95.21484375,-68.94504077,-2.876511828
500,95.33691406,-69.02375216,-2.876973337
500,95.45898438,-69.10307533,-2.877433678
500,95.58105469,-69.18301982,-2.877892856
500,95.703125,-69.26359537,-2.878350876
500,95.82519531,-69.34481202,-2.878807744
500,95.94726562,-69.42668005,-2.879263464
500,96.06933594,-69.50921001,-2.879718042
500,96.19140625,-69.59241277,-2.880171482
500,96.31347656,-69.67629947,-2.88062379
500,96.43554688,-69.76088154,-2.88107497
500,96.55761719,-69.84617077,-2.881525028
500,96.6796875,-69.93217922,-2.881973969
500,96.80175781,-70.01891935,-2.882421797
500,96.92382812,-70.10640392,-2.882868517
500,97.04589844,-70.19464608,-2.883314134
500,97.16796875,-70.28365936,-2.883758654
500,97.29003906,-70.37345767,-2.88420208
500,97.41210938,-70.46405532,-2.884644417
500,97.53417969,-70.55546707,-2.885085671
500,97.65625,-70.64770808,-2.885525845
500,97.77832031,-70.740794,-2.885964945
500,97.90039062,-70.83474093,-2.886402976
500,98.02246094,-70.92956547,-2.886839941
500,98.14453125,-71.02528474,-2.887275846
500,98.26660156,-71.12191637,-2.887710695
500,98.38867188,-71.21947857,-2.888144492
500,98.51074219,-71.31799012,-2.888577242
500,98.6328125,-71.41747037,-2.88900895
500,98.75488281,-71.51793935,-2.88943962
500,98.87695312,-71.61941771,-2.889869257
500,98.99902344,-71.72192678,-2.890297864
500,99.12109375,-71.82548861,-2.890725446
500,99.24316406,-71.93012599,-2.891152009
500,99.36523438,-72.03586251,-2.891577555
500,99.48730469,-72.14272253,-2.892002089
500,99.609375,-72.25073128,-2.892425616
500,99.73144531,-72.35991488,-2.89284814
500,99.85351563,-72.47030038,-2.893269665
500,99.97558594,-72.5819158,-2.893690195
500,100.0976562,-72.69479018,-2.894109734
500,100.2197266,-72.80895362,-2.894528287
500,100.3417969,-72.92443737,-2.894945858
500,100.4638672,-73.04127383,-2.895362451
500,100.5859375,-73.15949666,-2.89577807
500,100.7080078,-73.2791408,-2.896192719
500,100.8300781,-73.40024258,-2.896606401
500,100.9521484,-73.52283976,-2.897019122
500,101.0742188,-73.64697161,-2.897430886
500,101.1962891,-73.77267902,-2.897841695
500,101.3183594,-73.90000455,-2.898251554
500,101.4404297,-74.02899255,-2.898660468
500,101.5625,-74.15968924,-2.899068439
500,101.6845703,-74.29214283,-2.899475472
500,101.8066406,-74.42640365,-2.899881571
500,101.9287109,-74.56252422,-2.900286739
500,102.0507813,-74.70055945,-2.900690981
500,102.1728516,-74.84056675,-2.9010943
500,102.2949219,-74.98260617,-2.9014967
500,102.4169922,-75.12674058,-2.901898184
500,102.5390625,-75.27303585,-2.902298758
500,102.6611328,-75.42156107,-2.902698423
500,102.7832031,-75.57238869,-2.903097184
500,102.9052734,-75.72559481,-2.903495045
500,103.0273438,-75.88125941,-2.903892009
500,103.1494141,-76.03946658,-2.90428808
500,103.2714844,-76.20030487,-2.904683262
500,103.3935547,-76.36386757,-2.905077557
500,103.515625,-76.53025304,-2.905470971
500,103.6376953,-76.69956513,-2.905863505
500,103.7597656,-76.87191356,-2.906255165
500,103.8818359,-77.04741437,-2.906645953
500,104.0039062,-77.22619044,-2.907035873
500,104.1259766,-77.40837201,-2.907424928
500,104.2480469,-77.5940973,-2.907813122
500,104.3701172,-77.78351316,-2.908200458
500,104.4921875,-77.97677579,-2.90858694
500,104.6142578,-78.17405161,-2.908972571
500,104.7363281,-78.37551808,-2.909357355
500,104.8583984,-78.58136478,-2.909741294
500,104.9804688,-78.79179448,-2.910124393
500,105.1025391,-79.00702444,-2.910506655
500,105.2246094,-79.22728779,-2.910888082
500,105.3466797,-79.45283511,-2.911268679
500,105.46875,-79.68393623,-2.911648448
500,105.5908203,-79.92088226,-2.912027393
500,105.7128906,-80.16398787,-2.912405517
500,105.8349609,-80.41359391,-2.912782824
500,105.9570312,-80.67007039,-2.913159316
500,106.0791016,-80.93381992,-2.913534997
500,106.2011719,-81.20528161,-2.913909869
500,106.3232422,-81.48493568,-2.914283937
500,106.4453125,-81.7733087,-2.914657203
500,106.5673828,-82.0709798,-2.91502967
500,106.6894531,-82.37858787,-2.915401342
500,106.8115234,-82.69684007,-2.915772222
500,106.9335938,-83.02652196,-2.916142312
500,107.0556641,-83.36850949,-2.916511616
500,107.1777344,-83.72378341,-2.916880137
500,107.2998047,-84.09344674,-2.917247878
500,107.421875,-84.47874593,-2.917614841
500,107.5439453,-84.88109687,-2.917981031
500,107.6660156,-85.30211704,-2.918346449
500,107.7880859,-85.74366573,-2.9187111
500,107.9101563,-86.20789477,-2.919074985
500,108.0322266,-86.69731325,-2.919438108
500,108.1542969,-87.21487135,-2.919800472
500,108.2763672,-87.76407012,-2.920162079
500,108.3984375,-88.34910783,-2.920522933
500,108.5205078,-88.9750783,-2.920883037
500,108.6425781,-89.64824527,-2.921242392
500,108.7646484,-90.37643057,-2.921601003
500,108.8867188,-91.16957793,-2.921958872
500,109.0087891,-92.04059757,-2.922316002
500,109.1308594,-93.00667769,-2.922672396
500,109.2529297,-94.09141194,-2.923028056
500,109.375,-95.32843979,-2.923382985
500,109.4970703,-96.76810773,-2.923737186
500,109.6191406,-98.49077044,-2.924090662
500,109.7412109,-100.6367003,-2.924443416
500,109.8632812,-103.4860634,-2.92479545
500,109.9853516,-107.743078,-2.925146767
500,110.1074219,-116.4064459,-2.925497369
500,110.2294922,-119.4100509,0.2157453932
500,110.3515625,-108.7599224,0.2153962111
500,110.4736328,-104.1249722,0.2150477353
500,110.5957031,-101.124282,0.214699963
500,110.7177734,-98.90243232,0.2143528918
500,110.8398438,-97.13810556,0.2140065189
500,110.9619141,-95.67521348,0.2136608417
500,111.0839844,-94.42602326,0.2133158576
500,111.2060547,-93.33628305,0.2129715641
500,111.328125,-92.37009262,0.2126279586
500,111.4501953,-91.50245883,0.2122850385
500,111.5722656,-90.71528078,0.2119428013
500,111.6943359,-89.99502762,0.2116012444
500,111.8164062,-89.33131878,0.2112603653
500,111.9384766,-88.71601611,0.2109201615
500,112.0605469,-88.14262113,0.2105806304
500,112.1826172,-87.60586214,0.2102417697
500,112.3046875,-87.10140362,0.2099035769
500,112.4267578,-86.62563691,0.2095660494
500,112.5488281,-86.17552627,0.2092291848
500,112.6708984,-85.74849368,0.2088929807
500,112.7929688,-85.3423312,0.2085574347
500,112.9150391,-84.95513338,0.2082225443
500,113.0371094,-84.58524437,0.2078883071
500,113.1591797,-84.2312162,0.2075547208
500,113.28125,-83.8917753,0.2072217829
500,113.4033203,-83.56579563,0.2068894912
500,113.5253906,-83.25227671,0.2065578431
500,113.6474609,-82.95032563,0.2062268365
500,113.7695312,-82.65914216,0.205896469
500,113.8916016,-82.37800632,0.2055667381
500,114.0136719,-82.10626806,0.2052376417
500,114.1357422,-81.84333841,0.2049091774
500,114.2578125,-81.58868211,0.204581343
500,114.3798828,-81.34181127,0.2042541361
500,114.5019531,-81.10227992,0.2039275545
500,114.6240234,-80.86967933,0.2036015959
500,114.7460938,-80.64363401,0.203276258
500,114.8681641,-80.42379819,0.2029515388
500,114.9902344,-80.20985274,0.2026274358
500,115.1123047,-80.00150253,0.2023039469
500,115.234375,-79.79847407,0.2019810699
500,115.3564453,-79.60051342,0.2016588027
500,115.4785156,-79.40738444,0.2013371429
500,115.6005859,-79.21886708,0.2010160885
500,115.7226562,-79.034756,0.2006956373
500,115.8447266,-78.85485929,0.200375787
500,115.9667969,-78.67899728,0.2000565357
500,116.0888672,-78.50700158,0.1997378811
500,116.2109375,-78.33871411,0.1994198212
500,116.3330078,-78.17398629,0.1991023537
500,116.4550781,-78.01267829,0.1987854766
500,116.5771484,-77.85465837,0.1984691879
500,116.6992188,-77.69980226,0.1981534854
500,116.8212891,-77.54799257,0.197838367
500,116.9433594,-77.39911837,0.1975238308
500,117.0654297,-77.25307465,0.1972098745
500,117.1875,-77.10976194,0.1968964962
500,117.3095703,-76.96908592,0.1965836939
500,117.4316406,-76.83095707,0.1962714655
500,117.5537109,-76.69529035,0.1959598091
500,117.6757813,-76.56200492,0.1956487225
500,117.7978516,-76.43102383,0.1953382038
500,117.9199219,-76.30227383,0.195028251
500,118.0419922,-76.17568508,0.1947188621
500,118.1640625,-76.05119098,0.1944100352
500,118.2861328,-75.92872795,0.1941017683
500,118.4082031,-75.80823527,0.1937940594
500,118.5302734,-75.68965489,0.1934869066
500,118.6523438,-75.5729313,0.1931803079
500,118.7744141,-75.45801135,0.1928742615
500,118.8964844,-75.34484416,0.1925687653
500,119.0185547,-75.23338095,0.1922638176
500,119.140625,-75.12357497,0.1919594164
500,119.2626953,-75.01538133,0.1916555597
500,119.3847656,-74.90875698,0.1913522458
500,119.5068359,-74.80366054,0.1910494727
500,119.6289062,-74.70005225,0.1907472386
500,119.7509766,-74.59789388,0.1904455416
500,119.8730469,-74.49714866,0.1901443799
500,119.9951172,-74.39778118,0.1898437516
500,120.1171875,-74.29975737,0.1895436549
500,120.2392578,-74.20304439,0.1892440879
500,120.3613281,-74.10761058,0.1889450489
500,120.4833984,-74.01342542,0.188646536
500,120.6054688,-73.92045947,0.1883485474
500,120.7275391,-73.82868431,0.1880510814
500,120.8496094,-73.73807251,0.1877541361
500,120.9716797,-73.64859757,0.1874577098
500,121.09375,-73.56023387,0.1871618006
500,121.2158203,-73.47295667,0.186866407
500,121.3378906,-73.38674202,0.186571527
500,121.4599609,-73.30156678,0.1862771589
500,121.5820312,-73.21740851,0.1859833011
500,121.7041016,-73.13424555,0.1856899517
500,121.8261719,-73.05205686,0.1853971091
500,121.9482422,-72.9708221,0.1851047714
500,122.0703125,-72.89052154,0.1848129371
500,122.1923828,-72.81113606,0.1845216045
500,122.3144531,-72.73264712,0.1842307717
500,122.4365234,-72.65503674,0.1839404372
500,122.5585938,-72.57828745,0.1836505992
500,122.6806641,-72.50238233,0.1833612562
500,122.8027344,-72.42730493,0.1830724063
500,122.9248047,-72.35303927,0.182784048
500,123.046875,-72.27956983,0.1824961796
500,123.1689453,-72.20688156,0.1822087995
500,123.2910156,-72.13495978,0.1819219061
500,123.4130859,-72.06379025,0.1816354976
500,123.5351563,-71.99335912,0.1813495725
500,123.6572266,-71.9236529,0.1810641292
500,123.7792969,-71.85465849,0.1807791661
500,123.9013672,-71.78636313,0.1804946815
500,124.0234375,-71.71875438,0.1802106739
500,124.1455078,-71.65182015,0.1799271417
500,124.2675781,-71.58554866,0.1796440832
500,124.3896484,-71.51992843,0.179361497
500,124.5117188,-71.45494827,0.1790793815
500,124.6337891,-71.3905973,0.178797735
500,124.7558594,-71.32686487,0.1785165561
500,124.8779297,-71.26374064,0.1782358432
500,125,-71.2012145,0.1779555948
500,125.1220703,-71.1392766,0.1776758092
500,125.2441406,-71.07791731,0.1773964851
500,125.3662109,-71.01712726,0.1771176209
500,125.4882812,-70.9568973,0.176839215
500,125.6103516,-70.89721847,0.1765612659
500,125.7324219,-70.83808206,0.1762837723
500,125.8544922,-70.77947954,0.1760067324
500,125.9765625,-70.72140258,0.175730145
500,126.0986328,-70.66384305,0.1754540084
500,126.2207031,-70.606793,0.1751783212
500,126.3427734,-70.55024466,0.174903082
500,126.4648438,-70.49419044,0.1746282892
500,126.5869141,-70.43862291,0.1743539415
500,126.7089844,-70.38353483,0.1740800373
500,126.8310547,-70.32891908,0.1738065753
500,126.953125,-70.27476873,0.1735335539
500,127.0751953,-70.22107699,0.1732609717
500,127.1972656,-70.16783721,0.1729888274
500,127.3193359,-70.11504288,0.1727171195
500,127.4414062,-70.06268764,0.1724458465
500,127.5634766,-70.01076526,0.1721750071
500,127.6855469,-69.95926964,0.1719045999
500,127.8076172,-69.9081948,0.1716346234
500,127.9296875,-69.85753489,0.1713650763
500,128.0517578,-69.80728419,0.1710959572
500,128.1738281,-69.75743708,0.1708272647
500,128.2958984,-69.70798806,0.1705589974
500,128.4179688,-69.65893175,0.170291154
500,128.5400391,-69.61026285,0.170023733
500,128.6621094,-69.56197619,0.1697567332
500,128.7841797,-69.51406671,0.1694901532
500,128.90625,-69.46652941,0.1692239916
500,129.0283203,-69.41935943,0.1689582471
500,129.1503906,-69.37255198,0.1686929183
500,129.2724609,-69.32610237,0.168428004
500,129.3945312,-69.280006,0.1681635027
500,129.5166016,-69.23425834,0.1678994133
500,129.6386719,-69.18885497,0.1676357342
500,129.7607422,-69.14379154,0.1673724644
500,129.8828125,-69.09906378,0.1671096023
500,130.0048828,-69.05466751,0.1668471469
500,130.1269531,-69.01059862,0.1665850966
500,130.2490234,-68.96685306,0.1663234504
500,130.3710938,-68.92342689,0.1660622068
500,130.4931641,-68.88031619,0.1658013646
500,130.6152344,-68.83751717,0.1655409225
500,130.7373047,-68.79502605,0.1652808793
500,130.859375,-68.75283916,0.1650212337
500,130.9814453,-68.71095288,0.1647619844
500,131.1035156,-68.66936363,0.1645031302
500,131.2255859,-68.62806794,0.1642446698
500,131.3476562,-68.58706236,0.163986602
500,131.4697266,-68.54634352,0.1637289256
500,131.5917969,-68.5059081,0.1634716392
500,131.7138672,-68.46575283,0.1632147418
500,131.8359375,-68.42587452,0.1629582321
500,131.9580078,-68.38626999,0.1627021088
500,132.0800781,-68.34693617,0.1624463707
500,132.2021484,-68.30786999,0.1621910166
500,132.3242188,-68.26906846,0.1619360454
500,132.4462891,-68.23052863,0.1616814558
500,132.5683594,-68.1922476,0.1614272466
500,132.6904297,-68.15422252,0.1611734166
500,132.8125,-68.11645058,0.1609199647
500,132.9345703,-68.07892901,0.1606668897
500,133.0566406,-68.0416551,0.1604141904
500,133.1787109,-68.00462618,0.1601618655
500,133.3007812,-67.96783962,0.1599099141
500,133.4228516,-67.93129281,0.1596583348
500,133.5449219,-67.89498322,0.1594071266
500,133.6669922,-67.85890833,0.1591562882
500,133.7890625,-67.82306567,0.1589058186
500,133.9111328,-67.78745281,0.1586557165
500,134.0332031,-67.75206736,0.158405981
500,134.1552734,-67.71690695,0.1581566107
500,134.2773438,-67.68196926,0.1579076046
500,134.3994141,-67.64725201,0.1576589615
500,134.5214844,-67.61275293,0.1574106804
500,134.6435547,-67.57846982,0.1571627601
500,134.765625,-67.54440048,0.1569151995
500,134.8876953,-67.51054276,0.1566679975
500,135.0097656,-67.47689454,0.1564211529
500,135.1318359,-67.44345373,0.1561746648
500,135.2539062,-67.41021826,0.1559285319
500,135.3759766,-67.37718611,0.1556827532
500,135.4980469,-67.34435527,0.1554373277
500,135.6201172,-67.31172377,0.1551922541
500,135.7421875,-67.27928968,0.1549475315
500,135.8642578,-67.24705106,0.1547031588
500,135.9863281,-67.21500604,0.1544591348
500,136.1083984,-67.18315274,0.1542154586
500,136.2304688,-67.15148935,0.153972129
500,136.3525391,-67.12001403,0.1537291451
500,136.4746094,-67.08872501,0.1534865057
500,136.5966797,-67.05762054,0.1532442097
500,136.71875,-67.02669886,0.1530022563
500,136.8408203,-66.99595827,0.1527606442
500,136.9628906,-66.96539709,0.1525193725
500,137.0849609,-66.93501364,0.1522784401
500,137.2070312,-66.90480628,0.152037846
500,137.3291016,-66.8747734,0.1517975892
500,137.4511719,-66.84491338,0.1515576686
500,137.5732422,-66.81522467,0.1513180832
500,137.6953125,-66.78570569,0.1510788321
500,137.8173828,-66.75635491,0.1508399141
500,137.9394531,-66.72717081,0.1506013283
500,138.0615234,-66.69815191,0.1503630737
500,138.1835938,-66.66929672,0.1501251493
500,138.3056641,-66.64060379,0.1498875541
500,138.4277344,-66.61207168,0.149650287
500,138.5498047,-66.58369896,0.1494133471
500,138.671875,-66.55548425,0.1491767335
500,138.7939453,-66.52742615,0.148940445
500,138.9160156,-66.4995233,0.1487044808
500,139.0380859,-66.47177435,0.1484688399
500,139.1601562,-66.44417798,0.1482335213
500,139.2822266,-66.41673285,0.147998524
500,139.4042969,-66.38943769,0.1477638471
500,139.5263672,-66.3622912,0.1475294895
500,139.6484375,-66.33529213,0.1472954504
500,139.7705078,-66.30843922,0.1470617288
500,139.8925781,-66.28173123,0.1468283238
500,140.0146484,-66.25516695,0.1465952343
500,140.1367188,-66.22874517,0.1463624595
500,140.2587891,-66.20246471,0.1461299984
500,140.3808594,-66.17632439,0.14589785
500,140.5029297,-66.15032304,0.1456660135
500,140.625,-66.12445952,0.1454344879
500,140.7470703,-66.0987327,0.1452032723
500,140.8691406,-66.07314146,0.1449723657
500,140.9912109,-66.04768469,0.1447417673
500,141.1132812,-66.0223613,0.1445114761
500,141.2353516,-65.9971702,0.1442814912
500,141.3574219,-65.97211034,0.1440518117
500,141.4794922,-65.94718065,0.1438224367
500,141.6015625,-65.9223801,0.1435933652
500,141.7236328,-65.89770764,0.1433645965
500,141.8457031,-65.87316227,0.1431361295
500,141.9677734,-65.84874298,0.1429079634
500,142.0898438,-65.82444877,0.1426800973
500,142.2119141,-65.80027866,0.1424525304
500,142.3339844,-65.77623167,0.1422252617
500,142.4560547,-65.75230685,0.1419982903
500,142.578125,-65.72850324,0.1417716154
500,142.7001953,-65.70481991,0.1415452361
500,142.8222656,-65.68125592,0.1413191515
500,142.9443359,-65.65781035,0.1410933608
500,143.0664062,-65.63448231,0.140867863
500,143.1884766,-65.61127088,0.1406426574
500,143.3105469,-65.58817519,0.1404177431
500,143.4326172,-65.56519434,0.1401931192
500,143.5546875,-65.54232748,0.1399687848
500,143.6767578,-65.51957374,0.1397447391
500,143.7988281,-65.49693228,0.1395209814
500,143.9208984,-65.47440225,0.1392975106
500,144.0429688,-65.45198282,0.139074326
500,144.1650391,-65.42967317,0.1388514267
500,144.2871094,-65.40747249,0.138628812
500,144.4091797,-65.38537997,0.1384064809
500,144.53125,-65.36339481,0.1381844326
500,144.6533203,-65.34151623,0.1379626664
500,144.7753906,-65.31974344,0.1377411814
500,144.8974609,-65.29807568,0.1375199767
500,145.0195312,-65.27651218,0.1372990516
500,145.1416016,-65.25505219,0.1370784052
500,145.2636719,-65.23369496,0.1368580367
500,145.3857422,-65.21243976,0.1366379454
500,145.5078125,-65.19128584,0.1364181303
500,145.6298828,-65.17023249,0.1361985908
500,145.7519531,-65.14927898,0.135979326
500,145.8740234,-65.12842462,0.1357603351
500,145.9960938,-65.1076687,0.1355416172
500,146.1181641,-65.08701052,0.1353231718
500,146.2402344,-65.0664494,0.1351049978
500,146.3623047,-65.04598465,0.1348870946
500,146.484375,-65.0256156,0.1346694613
500,146.6064453,-65.0053416,0.1344520972
500,146.7285156,-64.98516196,0.1342350015
500,146.8505859,-64.96507605,0.1340181734
500,146.9726562,-64.94508322,0.1338016121
500,147.0947266,-64.92518282,0.133585317
500,147.2167969,-64.90537422,0.1333692871
500,147.3388672,-64.88565679,0.1331535218
500,147.4609375,-64.86602992,0.1329380202
500,147.5830078,-64.84649298,0.1327227817
500,147.7050781,-64.82704537,0.1325078054
500,147.8271484,-64.80768649,0.1322930906
500,147.9492188,-64.78841573,0.1320786366
500,148.0712891,-64.7692325,0.1318644425
500,148.1933594,-64.75013623,0.1316505077
500,148.3154297,-64.73112632,0.1314368314
500,148.4375,-64.71220221,0.1312234129
500,148.5595703,-64.69336332,0.1310102514
500,148.6816406,-64.67460909,0.1307973462
500,148.8037109,-64.65593897,0.1305846965
500,148.9257812,-64.63735239,0.1303723017
500,149.0478516,-64.61884882,0.1301601609
500,149.1699219,-64.60042771,0.1299482735
500,149.2919922,-64.58208852,0.1297366387
500,149.4140625,-64.56383072,0.1295252558
500,149.5361328,-64.54565378,0.1293141241
500,149.6582031,-64.52755719,0.1291032429
500,149.7802734,-64.50954042,0.1288926114
500,149.9023438,-64.49160295,0.128682229
500,150.0244141,-64.47374429,0.1284720949
500,150.1464844,-64.45596393,0.1282622084
500,150.2685547,-64.43826137,0.1280525689
500,150.390625,-64.42063612,0.1278431755
500,150.5126953,-64.40308768,0.1276340277
500,150.6347656,-64.38561558,0.1274251246
500,150.7568359,-64.36821933,0.1272164657
500,150.8789062,-64.35089845,0.1270080502
500,151.0009766,-64.33365248,0.1267998774
500,151.1230469,-64.31648094,0.1265919467
500,151.2451172,-64.29938337,0.1263842573
500,151.3671875,-64.28235932,0.1261768086
500,151.4892578,-64.26540833,0.1259695998
500,151.6113281,-64.24852994,0.1257626304
500,151.7333984,-64.23172371,0.1255558995
500,151.8554688,-64.2149892,0.1253494066
500,151.9775391,-64.19832597,0.125143151
500,152.0996094,-64.18173358,0.124937132
500,152.2216797,-64.16521161,0.1247313489
500,152.34375,-64.14875961,0.124525801
500,152.4658203,-64.13237718,0.1243204878
500,152.5878906,-64.11606388,0.1241154084
500,152.7099609,-64.09981931,0.1239105624
500,152.8320312,-64.08364305,0.1237059489
500,152.9541016,-64.06753469,0.1235015674
500,153.0761719,-64.05149383,0.1232974172
500,153.1982422,-64.03552005,0.1230934977
500,153.3203125,-64.01961298,0.1228898081
500,153.4423828,-64.0037722,0.1226863479
500,153.5644531,-63.98799732,0.1224831163
500,153.6865234,-63.97228797,0.1222801129
500,153.8085938,-63.95664375,0.1220773368
500,153.9306641,-63.94106428,0.1218747875
500,154.0527344,-63.92554918,0.1216724644
500,154.1748047,-63.91009807,0.1214703667
500,154.296875,-63.8947106,0.1212684939
500,154.4189453,-63.87938637,0.1210668453
500,154.5410156,-63.86412503,0.1208654204
500,154.6630859,-63.84892622,0.1206642184
500,154.7851562,-63.83378958,0.1204632387
500,154.9072266,-63.81871474,0.1202624808
500,155.0292969,-63.80370135,0.120061944
500,155.1513672,-63.78874907,0.1198616276
500,155.2734375,-63.77385754,0.1196615311
500,155.3955078,-63.75902642,0.1194616539
500,155.5175781,-63.74425536,0.1192619953
500,155.6396484,-63.72954403,0.1190625547
500,155.7617188,-63.71489209,0.1188633315
500,155.8837891,-63.7002992,0.1186643251
500,156.0058594,-63.68576504,0.1184655349
500,156.1279297,-63.67128926,0.1182669603
500,156.25,-63.65687156,0.1180686007
500,156.3720703,-63.6425116,0.1178704555
500,156.4941406,-63.62820906,0.1176725241
500,156.6162109,-63.61396363,0.1174748058
500,156.7382812,-63.59977499,0.1172773002
500,156.8603516,-63.58564282,0.1170800065
500,156.9824219,-63.57156681,0.1168829243
500,157.1044922,-63.55754666,0.1166860528
500,157.2265625,-63.54358206,0.1164893916
500,157.3486328,-63.5296727,0.1162929401
500,157.4707031,-63.51581829,0.1160966976
500,157.5927734,-63.50201853,0.1159006636
500,157.7148438,-63.48827312,0.1157048375
500,157.8369141,-63.47458176,0.1155092187
500,157.9589844,-63.46094416,0.1153138066
500,158.0810547,-63.44736004,0.1151186008
500,158.203125,-63.43382911,0.1149236005
500,158.3251953,-63.42035107,0.1147288052
500,158.4472656,-63.40692566,0.1145342144
500,158.5693359,-63.39355259,0.1143398275
500,158.6914062,-63.38023157,0.1141456439
500,158.8134766,-63.36696234,0.1139516631
500,158.9355469,-63.35374461,0.1137578844
500,159.0576172,-63.34057813,0.1135643074
500,159.1796875,-63.32746261,0.1133709314
500,159.3017578,-63.31439779,0.113177756
500,159.4238281,-63.3013834,0.1129847805
500,159.5458984,-63.28841918,0.1127920044
500,159.6679688,-63.27550486,0.1125994272
500,159.7900391,-63.2626402,0.1124070482
500,159.9121094,-63.24982492,0.112214867
500,160.0341797,-63.23705878,0.1120228831
500,160.15625,-63.22434151,0.1118310957
500,160.2783203,-63.21167287,0.1116395045
500,160.4003906,-63.19905261,0.1114481089
500,160.5224609,-63.18648047,0.1112569082
500,160.6445312,-63.17395622,0.1110659021
500,160.7666016,-63.1614796,0.1108750899
500,160.8886719,-63.14905037,0.1106844711
500,161.0107422,-63.13666829,0.1104940452
500,161.1328125,-63.12433313,0.1103038117
500,161.2548828,-63.11204464,0.11011377
500,161.3769531,-63.09980259,0.1099239195
500,161.4990234,-63.08760674,0.1097342598
500,161.6210938,-63.07545687,0.1095447904
500,161.7431641,-63.06335274,0.1093555106
500,161.8652344,-63.05129411,0.10916642
500,161.9873047,-63.03928078,0.1089775181
500,162.109375,-63.0273125,0.1087888043
500,162.2314453,-63.01538905,0.1086002782
500,162.3535156,-63.00351022,0.1084119391
500,162.4755859,-62.99167577,0.1082237867
500,162.5976562,-62.9798855,0.1080358203
500,162.7197266,-62.96813918,0.1078480394
500,162.8417969,-62.9564366,0.1076604436
500,162.9638672,-62.94477754,0.1074730324
500,163.0859375,-62.93316179,0.1072858052
500,163.2080078,-62.92158914,0.1070987615
500,163.3300781,-62.91005938,0.1069119008
500,163.4521484,-62.89857229,0.1067252226
500,163.5742188,-62.88712768,0.1065387265
500,163.6962891,-62.87572533,0.1063524119
500,163.8183594,-62.86436504,0.1061662782
500,163.9404297,-62.85304661,0.1059803251
500,164.0625,-62.84176984,0.105794552
500,164.1845703,-62.83053452,0.1056089585
500,164.3066406,-62.81934046,0.1054235439
500,164.4287109,-62.80818747,0.1052383079
500,164.5507812,-62.79707534,0.10505325
500,164.6728516,-62.78600387,0.1048683696
500,164.7949219,-62.77497289,0.1046836662
500,164.9169922,-62.76398219,0.1044991395
500,165.0390625,-62.75303159,0.1043147888
500,165.1611328,-62.74212089,0.1041306138
500,165.2832031,-62.73124991,0.1039466139
500,165.4052734,-62.72041847,0.1037627886
500,165.5273438,-62.70962636,0.1035791375
500,165.6494141,-62.69887342,0.1033956601
500,165.7714844,-62.68815946,0.1032123559
500,165.8935547,-62.6774843,0.1030292245
500,166.015625,-62.66684775,0.1028462653
500,166.1376953,-62.65624964,0.102663478
500,166.2597656,-62.64568979,0.1024808619
500,166.3818359,-62.63516802,0.1022984167
500,166.5039062,-62.62468416,0.1021161419
500,166.6259766,-62.61423803,0.101934037
500,166.7480469,-62.60382947,0.1017521015
500,166.8701172,-62.59345829,0.101570335
500,166.9921875,-62.58312432,0.1013887371
500,167.1142578,-62.57282741,0.1012073072
500,167.2363281,-62.56256737,0.1010260449
500,167.3583984,-62.55234405,0.1008449498
500,167.4804688,-62.54215727,0.1006640213
500,167.6025391,-62.53200687,0.100483259
500,167.7246094,-62.52189268,0.1003026626
500,167.8466797,-62.51181455,0.1001222314
500,167.96875,-62.50177231,0.09994196509
500,168.0908203,-62.49176579,0.0997618632
500,168.2128906,-62.48179485,0.09958192526
500,168.3349609,-62.47185931,0.09940215084
500,168.4570313,-62.46195903,0.09922253948
500,168.5791016,-62.45209385,0.09904309073
500,168.7011719,-62.4422636,0.09886380415
500,168.8232422,-62.43246814,0.09868467929
500,168.9453125,-62.42270731,0.09850571572
500,169.0673828,-62.41298096,0.09832691298
500,169.1894531,-62.40328894,0.09814827065
500,169.3115234,-62.39363109,0.09796978827
500,169.4335938,-62.38400727,0.09779146542
500,169.5556641,-62.37441733,0.09761330165
500,169.6777344,-62.36486111,0.09743529653
500,169.7998047,-62.35533848,0.09725744962
500,169.921875,-62.34584929,0.0970797605
500,170.0439453,-62.33639338,0.09690222872
500,170.1660156,-62.32697063,0.09672485386
500,170.2880859,-62.31758088,0.09654763548
500,170.4101562,-62.30822399,0.09637057317
500,170.5322266,-62.29889982,0.09619366649
500,170.6542969,-62.28960823,0.09601691501
500,170.7763672,-62.28034908,0.09584031831
500,170.8984375,-62.27112223,0.09566387596
500,171.0205078,-62.26192755,0.09548758755
500,171.1425781,-62.25276489,0.09531145265
500,171.2646484,-62.24363412,0.09513547084
500,171.3867188,-62.23453511,0.0949596417
500,171.5087891,-62.22546772,0.09478396482
500,171.6308594,-62.21643181,0.09460843977
500,171.7529297,-62.20742726,0.09443306613
500,171.875,-62.19845393,0.09425784351
500,171.9970703,-62.1895117,0.09408277147
500,172.1191406,-62.18060042,0.09390784961
500,172.2412109,-62.17171998,0.09373307752
500,172.3632812,-62.16287023,0.09355845478
500,172.4853516,-62.15405107,0.09338398099
500,172.6074219,-62.14526235,0.09320965573
500,172.7294922,-62.13650395,0.09303547861
500,172.8515625,-62.12777575,0.09286144921
500,172.9736328,-62.11907761,0.09268756713
500,173.0957031,-62.11040943,0.09251383196
500,173.2177734,-62.10177107,0.0923402433
500,173.3398438,-62.09316241,0.09216680076
500,173.4619141,-62.08458332,0.09199350393
500,173.5839844,-62.0760337,0.0918203524
500,173.7060547,-62.06751342,0.09164734579
500,173.828125,-62.05902235,0.09147448369
500,173.9501953,-62.05056038,0.0913017657
500,174.0722656,-62.0421274,0.09112919144
500,174.1943359,-62.03372327,0.0909567605
500,174.3164062,-62.0253479,0.0907844725
500,174.4384766,-62.01700115,0.09061232704
500,174.5605469,-62.00868293,0.09044032372
500,174.6826172,-62.0003931,0.09026846217
500,174.8046875,-61.99213156,0.09009674198
500,174.9267578,-61.9838982,0.08992516278
500,175.0488281,-61.97569289,0.08975372416
500,175.1708984,-61.96751554,0.08958242576
500,175.2929688,-61.95936603,0.08941126717
500,175.4150391,-61.95124424,0.08924024803
500,175.5371094,-61.94315007,0.08906936794
500,175.6591797,-61.93508341,0.08889862652
500,175.78125,-61.92704415,0.08872802338
500,175.9033203,-61.91903218,0.08855755816
500,176.0253906,-61.9110474,0.08838723047
500,176.1474609,-61.9030897,0.08821703993
500,176.2695312,-61.89515897,0.08804698617
500,176.3916016,-61.8872551,0.0878770688
500,176.5136719,-61.879378,0.08770728745
500,176.6357422,-61.87152755,0.08753764176
500,176.7578125,-61.86370366,0.08736813133
500,176.8798828,-61.85590622,0.08719875581
500,177.0019531,-61.84813513,0.08702951481
500,177.1240234,-61.84039028,0.08686040798
500,177.2460938,-61.83267158,0.08669143493
500,177.3681641,-61.82497893,0.0865225953
500,177.4902344,-61.81731222,0.08635388872
500,177.6123047,-61.80967135,0.08618531483
500,177.734375,-61.80205623,0.08601687326
500,177.8564453,-61.79446677,0.08584856364
500,177.9785156,-61.78690285,0.0856803856
500,178.1005859,-61.77936438,0.0855123388
500,178.2226563,-61.77185127,0.08534442285
500,178.3447266,-61.76436343,0.08517663741
500,178.4667969,-61.75690075,0.08500898211
500,178.5888672,-61.74946313,0.08484145659
500,178.7109375,-61.7420505,0.08467406049
500,178.8330078,-61.73466274,0.08450679345
500,178.9550781,-61.72729978,0.08433965512
500,179.0771484,-61.71996151,0.08417264514
500,179.1992188,-61.71264785,0.08400576316
500,179.3212891,-61.70535869,0.08383900882
500,179.4433594,-61.69809396,0.08367238176
500,179.5654297,-61.69085356,0.08350588164
500,179.6875,-61.68363739,0.0833395081
500,179.8095703,-61.67644538,0.08317326079
500,179.9316406,-61.66927743,0.08300713937
500,180.0537109,-61.66213345,0.08284114348
500,180.1757812,-61.65501335,0.08267527277
500,180.2978516,-61.64791705,0.08250952689
500,180.4199219,-61.64084446,0.08234390551
500,180.5419922,-61.63379549,0.08217840827
500,180.6640625,-61.62677006,0.08201303483
500,180.7861328,-61.61976808,0.08184778485
500,180.9082031,-61.61278946,0.08168265797
500,181.0302734,-61.60583412,0.08151765387
500,181.1523438,-61.59890198,0.08135277219
500,181.2744141,-61.59199295,0.0811880126
500,181.3964844,-61.58510695,0.08102337475
500,181.5185547,-61.5782439,0.08085885831
500,181.640625,-61.57140371,0.08069446294
500,181.7626953,-61.5645863,0.0805301883
500,181.8847656,-61.55779159,0.08036603406
500,182.0068359,-61.5510195,0.08020199988
500,182.1289062,-61.54426995,0.08003808542
500,182.2509766,-61.53754286,0.07987429034
500,182.3730469,-61.53083814,0.07971061433
500,182.4951172,-61.52415572,0.07954705703
500,182.6171875,-61.51749553,0.07938361813
500,182.7392578,-61.51085747,0.07922029729
500,182.8613281,-61.50424148,0.07905709417
500,182.9833984,-61.49764748,0.07889400846
500,183.1054688,-61.49107538,0.07873103982
500,183.2275391,-61.48452511,0.07856818792
500,183.3496094,-61.47799661,0.07840545244
500,183.4716797,-61.47148978,0.07824283304
500,183.59375,-61.46500455,0.07808032941
500,183.7158203,-61.45854086,0.07791794122
500,183.8378906,-61.45209862,0.07775566814
500,183.9599609,-61.44567776,0.07759350985
500,184.0820312,-61.4392782,0.07743146604
500,184.2041016,-61.43289988,0.07726953636
500,184.3261719,-61.42654272,0.07710772052
500,184.4482422,-61.42020665,0.07694601818
500,184.5703125,-61.41389159,0.07678442902
500,184.6923828,-61.40759747,0.07662295273
500,184.8144531,-61.40132423,0.07646158899
500,184.9365234,-61.39507179,0.07630033748
500,185.0585938,-61.38884007,0.07613919788
500,185.1806641,-61.38262902,0.07597816988
500,185.3027344,-61.37643855,0.07581725316
500,185.4248047,-61.3702686,0.07565644741
500,185.546875,-61.36411911,0.07549575232
500,185.6689453,-61.35799,0.07533516757
500,185.7910156,-61.3518812,0.07517469284
500,185.9130859,-61.34579264,0.07501432784
500,186.0351562,-61.33972426,0.07485407223
500,186.1572266,-61.33367599,0.07469392573
500,186.2792969,-61.32764777,0.07453388801
500,186.4013672,-61.32163952,0.07437395877
500,186.5234375,-61.31565118,0.0742141377
500,186.6455078,-61.30968268,0.07405442449
500,186.7675781,-61.30373396,0.07389481884
500,186.8896484,-61.29780495,0.07373532043
500,187.0117188,-61.2918956,0.07357592897
500,187.1337891,-61.28600582,0.07341664415
500,187.2558594,-61.28013556,0.07325746567
500,187.3779297,-61.27428476,0.07309839321
500,187.5,-61.26845335,0.07293942649
500,187.6220703,-61.26264127,0.07278056519
500,187.7441406,-61.25684846,0.07262180902
500,187.8662109,-61.25107484,0.07246315767
500,187.9882813,-61.24532037,0.07230461085
500,188.1103516,-61.23958497,0.07214616826
500,188.2324219,-61.23386859,0.0719878296
500,188.3544922,-61.22817117,0.07182959456
500,188.4765625,-61.22249264,0.07167146286
500,188.5986328,-61.21683295,0.07151343419
500,188.7207031,-61.21119203,0.07135550826
500,188.8427734,-61.20556982,0.07119768478
500,188.9648438,-61.19996626,0.07103996345
500,189.0869141,-61.19438131,0.07088234397
500,189.2089844,-61.18881488,0.07072482605
500,189.3310547,-61.18326693,0.07056740941
500,189.453125,-61.1777374,0.07041009374
500,189.5751953,-61.17222623,0.07025287876
500,189.6972656,-61.16673336,0.07009576418
500,189.8193359,-61.16125874,0.0699387497
500,189.9414063,-61.1558023,0.06978183503
500,190.0634766,-61.150364,0.06962501989
500,190.1855469,-61.14494376,0.06946830399
500,190.3076172,-61.13954154,0.06931168705
500,190.4296875,-61.13415729,0.06915516876
500,190.5517578,-61.12879094,0.06899874885
500,190.6738281,-61.12344244,0.06884242703
500,190.7958984,-61.11811173,0.06868620302
500,190.9179688,-61.11279876,0.06853007653
500,191.0400391,-61.10750348,0.06837404728
500,191.1621094,-61.10222582,0.06821811498
500,191.2841797,-61.09696575,0.06806227936
500,191.40625,-61.09172319,0.06790654012
500,191.5283203,-61.0864981,0.06775089699
500,191.6503906,-61.08129043,0.06759534968
500,191.7724609,-61.07610012,0.06743989792
500,191.8945312,-61.07092712,0.06728454143
500,192.0166016,-61.06577138,0.06712927992
500,192.1386719,-61.06063284,0.06697411313
500,192.2607422,-61.05551146,0.06681904076
500,192.3828125,-61.05040717,0.06666406254
500,192.5048828,-61.04531994,0.06650917821
500,192.6269531,-61.04024971,0.06635438747
500,192.7490234,-61.03519642,0.06619969005
500,192.8710938,-61.03016003,0.06604508568
500,192.9931641,-61.02514048,0.06589057409
500,193.1152344,-61.02013773,0.06573615499
500,193.2373047,-61.01515173,0.06558182813
500,193.359375,-61.01018243,0.06542759321
500,193.4814453,-61.00522977,0.06527344998
500,193.6035156,-61.00029371,0.06511939815
500,193.7255859,-60.9953742,0.06496543747
500,193.8476562,-60.9904712,0.06481156765
500,193.9697266,-60.98558464,0.06465778843
500,194.0917969,-60.98071449,0.06450409953
500,194.2138672,-60.97586069,0.0643505007
500,194.3359375,-60.97102321,0.06419699165
500,194.4580078,-60.96620198,0.06404357213
500,194.5800781,-60.96139697,0.06389024186
500,194.7021484,-60.95660813,0.06373700058
500,194.8242188,-60.9518354,0.06358384803
500,194.9462891,-60.94707876,0.06343078392
500,195.0683594,-60.94233813,0.06327780801
500,195.1904297,-60.9376135,0.06312492003
500,195.3125,-60.93290479,0.06297211971
500,195.4345703,-60.92821198,0.06281940678
500,195.5566406,-60.92353501,0.06266678099
500,195.6787109,-60.91887384,0.06251424208
500,195.8007812,-60.91422843,0.06236178977
500,195.9228516,-60.90959873,0.06220942381
500,196.0449219,-60.90498469,0.06205714394
500,196.1669922,-60.90038627,0.0619049499
500,196.2890625,-60.89580344,0.06175284143
500,196.4111328,-60.89123613,0.06160081826
500,196.5332031,-60.88668432,0.06144888015
500,196.6552734,-60.88214795,0.06129702682
500,196.7773438,-60.87762699,0.06114525803
500,196.8994141,-60.87312139,0.06099357351
500,197.0214844,-60.86863111,0.06084197301
500,197.1435547,-60.8641561,0.06069045627
500,197.265625,-60.85969633,0.06053902304
500,197.3876953,-60.85525175,0.06038767306
500,197.5097656,-60.85082232,0.06023640607
500,197.6318359,-60.84640799,0.06008522182
500,197.7539062,-60.84200874,0.05993412007
500,197.8759766,-60.83762451,0.05978310054
500,197.9980469,-60.83325526,0.059632163
500,198.1201172,-60.82890095,0.05948130718
500,198.2421875,-60.82456155,0.05933053284
500,198.3642578,-60.82023702,0.05917983973
500,198.4863281,-60.8159273,0.05902922758
500,198.6083984,-60.81163237,0.05887869617
500,198.7304688,-60.80735218,0.05872824522
500,198.8525391,-60.80308669,0.0585778745
500,198.9746094,-60.79883586,0.05842758375
500,199.0966797,-60.79459966,0.05827737273
500,199.21875,-60.79037804,0.05812724118
500,199.3408203,-60.78617097,0.05797718886
500,199.4628906,-60.78197841,0.05782721553
500,199.5849609,-60.77780032,0.05767732093
500,199.7070313,-60.77363666,0.05752750482
500,199.8291016,-60.76948739,0.05737776695
500,199.9511719,-60.76535247,0.05722810708
500,200.0732422,-60.76123188,0.05707852496
500,200.1953125,-60.75712556,0.05692902035
500,200.3173828,-60.75303348,0.05677959301
500,200.4394531,-60.74895561,0.05663024268
500,200.5615234,-60.74489191,0.05648096914
500,200.6835938,-60.74084234,0.05633177212
500,200.8056641,-60.73680686,0.0561826514
500,200.9277344,-60.73278544,0.05603360673
500,201.0498047,-60.72877804,0.05588463787
500,201.171875,-60.72478463,0.05573574457
500,201.2939453,-60.72080517,0.05558692661
500,201.4160156,-60.71683962,0.05543818373
500,201.5380859,-60.71288795,0.0552895157
500,201.6601562,-60.70895013,0.05514092227
500,201.7822266,-60.70502611,0.05499240322
500,201.9042969,-60.70111587,0.0548439583
500,202.0263672,-60.69721936,0.05469558727
500,202.1484375,-60.69333656,0.05454728989
500,202.2705078,-60.68946742,0.05439906594
500,202.3925781,-60.68561192,0.05425091517
500,202.5146484,-60.68177003,0.05410283734
500,202.6367188,-60.67794169,0.05395483222
500,202.7587891,-60.67412689,0.05380689958
500,202.8808594,-60.67032559,0.05365903918
500,203.0029297,-60.66653776,0.05351125078
500,203.125,-60.66276335,0.05336353415
500,203.2470703,-60.65900235,0.05321588906
500,203.3691406,-60.65525471,0.05306831528
500,203.4912109,-60.6515204,0.05292081257
500,203.6132812,-60.64779939,0.05277338069
500,203.7353516,-60.64409165,0.05262601942
500,203.8574219,-60.64039715,0.05247872852
500,203.9794922,-60.63671585,0.05233150777
500,204.1015625,-60.63304772,0.05218435693
500,204.2236328,-60.62939273,0.05203727578
500,204.3457031,-60.62575085,0.05189026407
500,204.4677734,-60.62212204,0.05174332159
500,204.5898438,-60.61850627,0.0515964481
500,204.7119141,-60.61490352,0.05144964337
500,204.8339844,-60.61131375,0.05130290718
500,204.9560547,-60.60773694,0.05115623929
500,205.078125,-60.60417304,0.05100963949
500,205.2001953,-60.60062203,0.05086310753
500,205.3222656,-60.59708388,0.0507166432
500,205.4443359,-60.59355856,0.05057024627
500,205.5664062,-60.59004603,0.05042391651
500,205.6884766,-60.58654628,0.0502776537
500,205.8105469,-60.58305926,0.05013145761
500,205.9326172,-60.57958495,0.04998532802
500,206.0546875,-60.57612332,0.04983926469
500,206.1767578,-60.57267434,0.04969326741
500,206.2988281,-60.56923797,0.04954733596
500,206.4208984,-60.5658142,0.0494014701
500,206.5429688,-60.56240299,0.04925566962
500,206.6650391,-60.55900432,0.04910993429
500,206.7871094,-60.55561814,0.04896426389
500,206.9091797,-60.55224444,0.0488186582
500,207.03125,-60.54888319,0.048673117
500,207.1533203,-60.54553436,0.04852764006
500,207.2753906,-60.54219791,0.04838222717
500,207.3974609,-60.53887383,0.0482368781
500,207.5195312,-60.53556208,0.04809159263
500,207.6416016,-60.53226264,0.04794637055
500,207.7636719,-60.52897548,0.04780121162
500,207.8857422,-60.52570057,0.04765611565
500,208.0078125,-60.52243788,0.04751108239
500,208.1298828,-60.51918739,0.04736611165
500,208.2519531,-60.51594907,0.04722120319
500,208.3740234,-60.51272288,0.0470763568
500,208.4960938,-60.50950882,0.04693157227
500,208.6181641,-60.50630684,0.04678684937
500,208.7402344,-60.50311693,0.04664218789
500,208.8623047,-60.49993905,0.04649758761
500,208.984375,-60.49677318,0.04635304832
500,209.1064453,-60.49361929,0.0462085698
500,209.2285156,-60.49047736,0.04606415183
500,209.3505859,-60.48734736,0.04591979421
500,209.4726563,-60.48422927,0.0457754967
500,209.5947266,-60.48112305,0.04563125911
500,209.7167969,-60.47802869,0.04548708122
500,209.8388672,-60.47494616,0.0453429628
500,209.9609375,-60.47187543,0.04519890366
500,210.0830078,-60.46881648,0.04505490357
500,210.2050781,-60.46576928,0.04491096232
500,210.3271484,-60.46273381,0.0447670797
500,210.4492188,-60.45971004,0.04462325551
500,210.5712891,-60.45669795,0.04447948951
500,210.6933594,-60.45369752,0.04433578152
500,210.8154297,-60.45070871,0.0441921313
500,210.9375,-60.44773151,0.04404853866
500,211.0595703,-60.44476589,0.04390500338
500,211.1816406,-60.44181183,0.04376152525
500,211.3037109,-60.4388693,0.04361810406
500,211.4257813,-60.43593828,0.0434747396
500,211.5478516,-60.43301874,0.04333143167
500,211.6699219,-60.43011067,0.04318818005
500,211.7919922,-60.42721403,0.04304498454
500,211.9140625,-60.42432881,0.04290184492
500,212.0361328,-60.42145498,0.04275876098
500,212.1582031,-60.41859252,0.04261573253
500,212.2802734,-60.4157414,0.04247275935
500,212.4023438,-60.41290161,0.04232984124
500,212.5244141,-60.41007311,0.04218697799
500,212.6464844,-60.4072559,0.04204416938
500,212.7685547,-60.40444993,0.04190141522
500,212.890625,-60.4016552,0.04175871531
500,213.0126953,-60.39887168,0.04161606942
500,213.1347656,-60.39609935,0.04147347737
500,213.2568359,-60.39333818,0.04133093893
500,213.3789062,-60.39058816,0.04118845392
500,213.5009766,-60.38784925,0.04104602212
500,213.6230469,-60.38512145,0.04090364333
500,213.7451172,-60.38240472,0.04076131734
500,213.8671875,-60.37969906,0.04061904395
500,213.9892578,-60.37700442,0.04047682297
500,214.1113281,-60.3743208,0.04033465418
500,214.2333984,-60.37164817,0.04019253738
500,214.3554688,-60.36898652,0.04005047237
500,214.4775391,-60.36633581,0.03990845895
500,214.5996094,-60.36369603,0.03976649691
500,214.7216797,-60.36106717,0.03962458606
500,214.84375,-60.35844919,0.03948272619
500,214.9658203,-60.35584207,0.0393409171
500,215.0878906,-60.35324581,0.03919915859
500,215.2099609,-60.35066037,0.03905745045
500,215.3320312,-60.34808573,0.0389157925
500,215.4541016,-60.34552189,0.03877418453
500,215.5761719,-60.3429688,0.03863262634
500,215.6982422,-60.34042647,0.03849111772
500,215.8203125,-60.33789486,0.03834965849
500,215.9423828,-60.33537396,0.03820824843
500,216.0644531,-60.33286374,0.03806688736
500,216.1865234,-60.33036419,0.03792557507
500,216.3085938,-60.32787529,0.03778431137
500,216.4306641,-60.32539702,0.03764309606
500,216.5527344,-60.32292936,0.03750192893
500,216.6748047,-60.32047228,0.0373608098
500,216.796875,-60.31802578,0.03721973846
500,216.9189453,-60.31558983,0.03707871473
500,217.0410156,-60.31316441,0.03693773839
500,217.1630859,-60.31074951,0.03679680925
500,217.2851562,-60.3083451,0.03665592713
500,217.4072266,-60.30595117,0.03651509182
500,217.5292969,-60.3035677,0.03637430312
500,217.6513672,-60.30119467,0.03623356085
500,217.7734375,-60.29883206,0.03609286481
500,217.8955078,-60.29647986,0.03595221479
500,218.0175781,-60.29413804,0.03581161061
500,218.1396484,-60.29180659,0.03567105208
500,218.2617188,-60.28948549,0.03553053899
500,218.3837891,-60.28717472,0.03539007115
500,218.5058594,-60.28487427,0.03524964838
500,218.6279297,-60.28258412,0.03510927047
500,218.75,-60.28030424,0.03496893724
500,218.8720703,-60.27803462,0.03482864848
500,218.9941406,-60.27577525,0.03468840402
500,219.1162109,-60.27352611,0.03454820364
500,219.2382813,-60.27128718,0.03440804717
500,219.3603516,-60.26905844,0.03426793442
500,219.4824219,-60.26683988,0.03412786518
500,219.6044922,-60.26463148,0.03398783926
500,219.7265625,-60.26243322,0.03384785649
500,219.8486328,-60.26024509,0.03370791665
500,219.9707031,-60.25806707,0.03356801957
500,220.0927734,-60.25589914,0.03342816506
500,220.2148438,-60.25374128,0.03328835291
500,220.3369141,-60.25159349,0.03314858295
500,220.4589844,-60.24945574,0.03300885498
500,220.5810547,-60.24732802,0.03286916881
500,220.703125,-60.24521031,0.03272952425
500,220.8251953,-60.2431026,0.03258992111
500,220.9472656,-60.24100487,0.03245035921
500,221.0693359,-60.2389171,0.03231083836
500,221.1914063,-60.23683928,0.03217135836
500,221.3134766,-60.2347714,0.03203191902
500,221.4355469,-60.23271343,0.03189252017
500,221.5576172,-60.23066537,0.03175316161
500,221.6796875,-60.22862719,0.03161384315
500,221.8017578,-60.22659888,0.0314745646
500,221.9238281,-60.22458043,0.03133532578
500,222.0458984,-60.22257182,0.03119612651
500,222.1679688,-60.22057304,0.03105696658
500,222.2900391,-60.21858407,0.03091784583
500,222.4121094,-60.21660489,0.03077876405
500,222.5341797,-60.2146355,0.03063972107
500,222.65625,-60.21267588,0.03050071669
500,222.7783203,-60.210726,0.03036175074
500,222.9003906,-60.20878587,0.03022282302
500,223.0224609,-60.20685546,0.03008393335
500,223.1445312,-60.20493476,0.02994508154
500,223.2666016,-60.20302375,0.02980626741
500,223.3886719,-60.20112243,0.02966749078
500,223.5107422,-60.19923077,0.02952875145
500,223.6328125,-60.19734876,0.02939004925
500,223.7548828,-60.1954764,0.02925138399
500,223.8769531,-60.19361366,0.02911275549
500,223.9990234,-60.19176053,0.02897416355
500,224.1210938,-60.189917,0.02883560801
500,224.2431641,-60.18808305,0.02869708866
500,224.3652344,-60.18625867,0.02855860534
500,224.4873047,-60.18444386,0.02842015785
500,224.609375,-60.18263858,0.02828174602
500,224.7314453,-60.18084284,0.02814336966
500,224.8535156,-60.17905661,0.02800502859
500,224.9755859,-60.17727989,0.02786672262
500,225.0976562,-60.17551265,0.02772845157
500,225.2197266,-60.1737549,0.02759021527
500,225.3417969,-60.17200661,0.02745201352
500,225.4638672,-60.17026778,0.02731384615
500,225.5859375,-60.16853838,0.02717571298
500,225.7080078,-60.16681841,0.02703761381
500,225.8300781,-60.16510786,0.02689954848
500,225.9521484,-60.16340671,0.0267615168
500,226.0742188,-60.16171495,0.02662351859
500,226.1962891,-60.16003256,0.02648555367
500,226.3183594,-60.15835954,0.02634762186
500,226.4404297,-60.15669588,0.02620972298
500,226.5625,-60.15504155,0.02607185684
500,226.6845703,-60.15339656,0.02593402327
500,226.8066406,-60.15176088,0.02579622209
500,226.9287109,-60.1501345,0.02565845311
500,227.0507812,-60.14851742,0.02552071617
500,227.1728516,-60.14690962,0.02538301107
500,227.2949219,-60.14531109,0.02524533764
500,227.4169922,-60.14372182,0.0251076957
500,227.5390625,-60.1421418,0.02497008507
500,227.6611328,-60.14057101,0.02483250557
500,227.7832031,-60.13900944,0.02469495703
500,227.9052734,-60.13745709,0.02455743926
500,228.0273438,-60.13591394,0.02441995209
500,228.1494141,-60.13437997,0.02428249533
500,228.2714844,-60.13285519,0.02414506882
500,228.3935547,-60.13133958,0.02400767237
500,228.515625,-60.12983312,0.0238703058
500,228.6376953,-60.12833581,0.02373296894
500,228.7597656,-60.12684764,0.02359566161
500,228.8818359,-60.12536859,0.02345838363
500,229.0039062,-60.12389865,0.02332113482
500,229.1259766,-60.12243782,0.02318391502
500,229.2480469,-60.12098608,0.02304672403
500,229.3701172,-60.11954342,0.02290956169
500,229.4921875,-60.11810984,0.02277242782
500,229.6142578,-60.11668532,0.02263532224
500,229.7363281,-60.11526985,0.02249824477
500,229.8583984,-60.11386342,0.02236119524
500,229.9804688,-60.11246603,0.02222417348
500,230.1025391,-60.11107765,0.0220871793
500,230.2246094,-60.10969829,0.02195021254
500,230.3466797,-60.10832793,0.02181327301
500,230.46875,-60.10696656,0.02167636054
500,230.5908203,-60.10561418,0.02153947496
500,230.7128906,-60.10427076,0.02140261608
500,230.8349609,-60.10293631,0.02126578375
500,230.9570313,-60.10161082,0.02112897777
500,231.0791016,-60.10029427,0.02099219798
500,231.2011719,-60.09898665,0.0208554442
500,231.3232422,-60.09768796,0.02071871626
500,231.4453125,-60.09639818,0.02058201398
500,231.5673828,-60.09511732,0.02044533718
500,231.6894531,-60.09384535,0.0203086857
500,231.8115234,-60.09258227,0.02017205936
500,231.9335938,-60.09132807,0.02003545799
500,232.0556641,-60.09008274,0.01989888141
500,232.1777344,-60.08884627,0.01976232945
500,232.2998047,-60.08761866,0.01962580193
500,232.421875,-60.08639989,0.01948929869
500,232.5439453,-60.08518996,0.01935281954
500,232.6660156,-60.08398885,0.01921636433
500,232.7880859,-60.08279657,0.01907993286
500,232.9101562,-60.08161309,0.01894352497
500,233.0322266,-60.08043842,0.0188071405
500,233.1542969,-60.07927254,0.01867077925
500,233.2763672,-60.07811545,0.01853444107
500,233.3984375,-60.07696714,0.01839812578
500,233.5205078,-60.07582759,0.01826183321
500,233.6425781,-60.07469681,0.01812556318
500,233.7646484,-60.07357478,0.01798931552
500,233.8867188,-60.0724615,0.01785309007
500,234.0087891,-60.07135695,0.01771688665
500,234.1308594,-60.07026113,0.01758070509
500,234.2529297,-60.06917404,0.01744454521
500,234.375,-60.06809566,0.01730840685
500,234.4970703,-60.06702599,0.01717228983
500,234.6191406,-60.06596502,0.01703619398
500,234.7412109,-60.06491274,0.01690011914
500,234.8632812,-60.06386914,0.01676406512
500,234.9853516,-60.06283422,0.01662803177
500,235.1074219,-60.06180798,0.0164920189
500,235.2294922,-60.06079039,0.01635602636
500,235.3515625,-60.05978146,0.01622005396
500,235.4736328,-60.05878118,0.01608410153
500,235.5957031,-60.05778954,0.01594816892
500,235.7177734,-60.05680654,0.01581225594
500,235.8398438,-60.05583217,0.01567636242
500,235.9619141,-60.05486641,0.0155404882
500,236.0839844,-60.05390927,0.01540463311
500,236.2060547,-60.05296074,0.01526879698
500,236.328125,-60.05202081,0.01513297963
500,236.4501953,-60.05108947,0.01499718089
500,236.5722656,-60.05016672,0.0148614006
500,236.6943359,-60.04925255,0.01472563859
500,236.8164062,-60.04834696,0.01458989469
500,236.9384766,-60.04744994,0.01445416873
500,237.0605469,-60.04656148,0.01431846053
500,237.1826172,-60.04568157,0.01418276994
500,237.3046875,-60.04481022,0.01404709677
500,237.4267578,-60.04394741,0.01391144087
500,237.5488281,-60.04309314,0.01377580206
500,237.6708984,-60.0422474,0.01364018018
500,237.7929688,-60.04141018,0.01350457505
500,237.9150391,-60.04058149,0.0133689865
500,238.0371094,-60.03976131,0.01323341438
500,238.1591797,-60.03894965,0.0130978585
500,238.28125,-60.03814648,0.01296231871
500,238.4033203,-60.03735181,0.01282679483
500,238.5253906,-60.03656564,0.01269128669
500,238.6474609,-60.03578795,0.01255579413
500,238.7695312,-60.03501874,0.01242031698
500,238.8916016,-60.03425801,0.01228485506
500,239.0136719,-60.03350575,0.01214940822
500,239.1357422,-60.03276196,0.01201397629
500,239.2578125,-60.03202662,0.01187855909
500,239.3798828,-60.03129974,0.01174315646
500,239.5019531,-60.03058132,0.01160776823
500,239.6240234,-60.02987133,0.01147239424
500,239.7460938,-60.02916979,0.01133703431
500,239.8681641,-60.02847668,0.01120168828
500,239.9902344,-60.02779201,0.01106635598
500,240.1123047,-60.02711576,0.01093103725
500,240.234375,-60.02644793,0.01079573191
500,240.3564453,-60.02578852,0.0106604398
500,240.4785156,-60.02513752,0.01052516076
500,240.6005859,-60.02449492,0.01038989461
500,240.7226563,-60.02386074,0.01025464119
500,240.8447266,-60.02323495,0.01011940033
500,240.9667969,-60.02261755,0.009984171869
500,241.0888672,-60.02200855,0.009848955633
500,241.2109375,-60.02140793,0.009713751459
500,241.3330078,-60.02081569,0.00957855918
500,241.4550781,-60.02023183,0.009443378629
500,241.5771484,-60.01965634,0.00930820964
500,241.6992188,-60.01908923,0.009173052045
500,241.8212891,-60.01853048,0.00903790568
500,241.9433594,-60.01798009,0.008902770377
500,242.0654297,-60.01743806,0.008767645969
500,242.1875,-60.01690439,0.008632532292
500,242.3095703,-60.01637906,0.008497429178
500,242.4316406,-60.01586209,0.008362336462
500,242.5537109,-60.01535345,0.008227253977
500,242.6757813,-60.01485316,0.008092181558
500,242.7978516,-60.01436121,0.007957119037
500,242.9199219,-60.01387758,0.00782206625
500,243.0419922,-60.01340229,0.007687023031
500,243.1640625,-60.01293533,0.007551989213
500,243.2861328,-60.01247668,0.00741696463
500,243.4082031,-60.01202636,0.007281949118
500,243.5302734,-60.01158436,0.00714694251
500,243.6523438,-60.01115067,0.007011944641
500,243.7744141,-60.01072529,0.006876955345
500,243.8964844,-60.01030822,0.006741974456
500,244.0185547,-60.00989945,0.00660700181
500,244.140625,-60.00949899,0.006472037239
500,244.2626953,-60.00910683,0.00633708058
500,244.3847656,-60.00872296,0.006202131666
500,244.5068359,-60.00834739,0.006067190332
500,244.6289062,-60.00798011,0.005932256413
500,244.7509766,-60.00762112,0.005797329743
500,244.8730469,-60.00727042,0.005662410158
500,244.9951172,-60.00692801,0.005527497491
500,245.1171875,-60.00659387,0.005392591579
500,245.2392578,-60.00626802,0.005257692254
500,245.3613281,-60.00595044,0.005122799354
500,245.4833984,-60.00564114,0.004987912712
500,245.6054688,-60.00534011,0.004853032163
500,245.7275391,-60.00504735,0.004718157542
500,245.8496094,-60.00476286,0.004583288684
500,245.9716797,-60.00448664,0.004448425425
500,246.09375,-60.00421869,0.004313567599
500,246.2158203,-60.003959,0.004178715042
500,246.3378906,-60.00370757,0.004043867588
500,246.4599609,-60.0034644,0.003909025072
500,246.5820312,-60.00322949,0.00377418733
500,246.7041016,-60.00300284,0.003639354197
500,246.8261719,-60.00278444,0.003504525509
500,246.9482422,-60.0025743,0.003369701099
500,247.0703125,-60.00237241,0.003234880804
500,247.1923828,-60.00217877,0.003100064459
500,247.3144531,-60.00199338,0.002965251899
500,247.4365234,-60.00181623,0.002830442959
500,247.5585938,-60.00164734,0.002695637475
500,247.6806641,-60.00148669,0.002560835282
500,247.8027344,-60.00133429,0.002426036216
500,247.9248047,-60.00119013,0.002291240111
500,248.046875,-60.00105421,0.002156446803
500,248.1689453,-60.00092654,0.002021656128
500,248.2910156,-60.0008071,0.001886867921
500,248.4130859,-60.00069591,0.001752082017
500,248.5351562,-60.00059296,0.001617298252
500,248.6572266,-60.00049824,0.00148251646
500,248.7792969,-60.00041176,0.001347736479
500,248.9013672,-60.00033353,0.001212958143
500,249.0234375,-60.00026352,0.001078181287
500,249.1455078,-60.00020176,0.0009434057475
500,249.2675781,-60.00014823,0.0008086313593
500,249.3896484,-60.00010294,0.0006738579582
500,249.5117188,-60.00006588,0.0005390853796
500,249.6337891,-60.00003706,0.0004043134589
500,249.7558594,-60.00001647,0.0002695420318
500,249.8779297,-60.00000412,0.0001347709336
