object,object_type,fit_dataset,fit_sequences,fit_purpose,evaluation_context
B2_RIDGE_QF_lag10_alpha1e-06_valgrp_EUROC_FIREFLY_VICON_ROOM1,Ridge+SourceStandardScaler,EUROC,"V2_01_easy,V2_02_medium,V2_03_difficult",source_validation_selection,WITHIN_EUROC
B2_RIDGE_QF_lag10_alpha1e-06_valgrp_EUROC_FIREFLY_VICON_ROOM2,Ridge+SourceStandardScaler,EUROC,"V1_02_medium,V1_03_difficult",source_validation_selection,WITHIN_EUROC
B2_RIDGE_QF_lag10_alpha0.0001_valgrp_EUROC_FIREFLY_VICON_ROOM1,Ridge+SourceStandardScaler,EUROC,"V2_01_easy,V2_02_medium,V2_03_difficult",source_validation_selection,WITHIN_EUROC
B2_RIDGE_QF_lag10_alpha0.0001_valgrp_EUROC_FIREFLY_VICON_ROOM2,Ridge+SourceStandardScaler,EUROC,"V1_02_medium,V1_03_difficult",source_validation_selection,WITHIN_EUROC
B2_RIDGE_QF_lag10_alpha0.01_valgrp_EUROC_FIREFLY_VICON_ROOM1,Ridge+SourceStandardScaler,EUROC,"V2_01_easy,V2_02_medium,V2_03_difficult",source_validation_selection,WITHIN_EUROC
B2_RIDGE_QF_lag10_alpha0.01_valgrp_EUROC_FIREFLY_VICON_ROOM2,Ridge+SourceStandardScaler,EUROC,"V1_02_medium,V1_03_difficult",source_validation_selection,WITHIN_EUROC
B2_RIDGE_QF_lag10_alpha1.0_valgrp_EUROC_FIREFLY_VICON_ROOM1,Ridge+SourceStandardScaler,EUROC,"V2_01_easy,V2_02_medium,V2_03_difficult",source_validation_selection,WITHIN_EUROC
B2_RIDGE_QF_lag10_alpha1.0_valgrp_EUROC_FIREFLY_VICON_ROOM2,Ridge+SourceStandardScaler,EUROC,"V1_02_medium,V1_03_difficult",source_validation_selection,WITHIN_EUROC
B2_RIDGE_QF_lag10_alpha100.0_valgrp_EUROC_FIREFLY_VICON_ROOM1,Ridge+SourceStandardScaler,EUROC,"V2_01_easy,V2_02_medium,V2_03_difficult",source_validation_selection,WITHIN_EUROC
B2_RIDGE_QF_lag10_alpha100.0_valgrp_EUROC_FIREFLY_VICON_ROOM2,Ridge+SourceStandardScaler,EUROC,"V1_02_medium,V1_03_difficult",source_validation_selection,WITHIN_EUROC
B2_RIDGE_QF_lag25_alpha1e-06_valgrp_EUROC_FIREFLY_VICON_ROOM1,Ridge+SourceStandardScaler,EUROC,"V2_01_easy,V2_02_medium,V2_03_difficult",source_validation_selection,WITHIN_EUROC
B2_RIDGE_QF_lag25_alpha1e-06_valgrp_EUROC_FIREFLY_VICON_ROOM2,Ridge+SourceStandardScaler,EUROC,"V1_02_medium,V1_03_difficult",source_validation_selection,WITHIN_EUROC
B2_RIDGE_QF_lag25_alpha0.0001_valgrp_EUROC_FIREFLY_VICON_ROOM1,Ridge+SourceStandardScaler,EUROC,"V2_01_easy,V2_02_medium,V2_03_difficult",source_validation_selection,WITHIN_EUROC
B2_RIDGE_QF_lag25_alpha0.0001_valgrp_EUROC_FIREFLY_VICON_ROOM2,Ridge+SourceStandardScaler,EUROC,"V1_02_medium,V1_03_difficult",source_validation_selection,WITHIN_EUROC
B2_RIDGE_QF_lag25_alpha0.01_valgrp_EUROC_FIREFLY_VICON_ROOM1,Ridge+SourceStandardScaler,EUROC,"V2_01_easy,V2_02_medium,V2_03_difficult",source_validation_selection,WITHIN_EUROC
B2_RIDGE_QF_lag25_alpha0.01_valgrp_EUROC_FIREFLY_VICON_ROOM2,Ridge+SourceStandardScaler,EUROC,"V1_02_medium,V1_03_difficult",source_validation_selection,WITHIN_EUROC
B2_RIDGE_QF_lag25_alpha1.0_valgrp_EUROC_FIREFLY_VICON_ROOM1,Ridge+SourceStandardScaler,EUROC,"V2_01_easy,V2_02_medium,V2_03_difficult",source_validation_selection,WITHIN_EUROC
B2_RIDGE_QF_lag25_alpha1.0_valgrp_EUROC_FIREFLY_VICON_ROOM2,Ridge+SourceStandardScaler,EUROC,"V1_02_medium,V1_03_difficult",source_validation_selection,WITHIN_EUROC
B2_RIDGE_QF_lag25_alpha100.0_valgrp_EUROC_FIREFLY_VICON_ROOM1,Ridge+SourceStandardScaler,EUROC,"V2_01_easy,V2_02_medium,V2_03_difficult",source_validation_selection,WITHIN_EUROC
B2_RIDGE_QF_lag25_alpha100.0_valgrp_EUROC_FIREFLY_VICON_ROOM2,Ridge+SourceStandardScaler,EUROC,"V1_02_medium,V1_03_difficult",source_validation_selection,WITHIN_EUROC
B2_RIDGE_QF_lag50_alpha1e-06_valgrp_EUROC_FIREFLY_VICON_ROOM1,Ridge+SourceStandardScaler,EUROC,"V2_01_easy,V2_02_medium,V2_03_difficult",source_validation_selection,WITHIN_EUROC
B2_RIDGE_QF_lag50_alpha1e-06_valgrp_EUROC_FIREFLY_VICON_ROOM2,Ridge+SourceStandardScaler,EUROC,"V1_02_medium,V1_03_difficult",source_validation_selection,WITHIN_EUROC
B2_RIDGE_QF_lag50_alpha0.0001_valgrp_EUROC_FIREFLY_VICON_ROOM1,Ridge+SourceStandardScaler,EUROC,"V2_01_easy,V2_02_medium,V2_03_difficult",source_validation_selection,WITHIN_EUROC
B2_RIDGE_QF_lag50_alpha0.0001_valgrp_EUROC_FIREFLY_VICON_ROOM2,Ridge+SourceStandardScaler,EUROC,"V1_02_medium,V1_03_difficult",source_validation_selection,WITHIN_EUROC
B2_RIDGE_QF_lag50_alpha0.01_valgrp_EUROC_FIREFLY_VICON_ROOM1,Ridge+SourceStandardScaler,EUROC,"V2_01_easy,V2_02_medium,V2_03_difficult",source_validation_selection,WITHIN_EUROC
B2_RIDGE_QF_lag50_alpha0.01_valgrp_EUROC_FIREFLY_VICON_ROOM2,Ridge+SourceStandardScaler,EUROC,"V1_02_medium,V1_03_difficult",source_validation_selection,WITHIN_EUROC
B2_RIDGE_QF_lag50_alpha1.0_valgrp_EUROC_FIREFLY_VICON_ROOM1,Ridge+SourceStandardScaler,EUROC,"V2_01_easy,V2_02_medium,V2_03_difficult",source_validation_selection,WITHIN_EUROC
B2_RIDGE_QF_lag50_alpha1.0_valgrp_EUROC_FIREFLY_VICON_ROOM2,Ridge+SourceStandardScaler,EUROC,"V1_02_medium,V1_03_difficult",source_validation_selection,WITHIN_EUROC
B2_RIDGE_QF_lag50_alpha100.0_valgrp_EUROC_FIREFLY_VICON_ROOM1,Ridge+SourceStandardScaler,EUROC,"V2_01_easy,V2_02_medium,V2_03_difficult",source_validation_selection,WITHIN_EUROC
B2_RIDGE_QF_lag50_alpha100.0_valgrp_EUROC_FIREFLY_VICON_ROOM2,Ridge+SourceStandardScaler,EUROC,"V1_02_medium,V1_03_difficult",source_validation_selection,WITHIN_EUROC
B2_RIDGE_QF_lag100_alpha1e-06_valgrp_EUROC_FIREFLY_VICON_ROOM1,Ridge+SourceStandardScaler,EUROC,"V2_01_easy,V2_02_medium,V2_03_difficult",source_validation_selection,WITHIN_EUROC
B2_RIDGE_QF_lag100_alpha1e-06_valgrp_EUROC_FIREFLY_VICON_ROOM2,Ridge+SourceStandardScaler,EUROC,"V1_02_medium,V1_03_difficult",source_validation_selection,WITHIN_EUROC
B2_RIDGE_QF_lag100_alpha0.0001_valgrp_EUROC_FIREFLY_VICON_ROOM1,Ridge+SourceStandardScaler,EUROC,"V2_01_easy,V2_02_medium,V2_03_difficult",source_validation_selection,WITHIN_EUROC
B2_RIDGE_QF_lag100_alpha0.0001_valgrp_EUROC_FIREFLY_VICON_ROOM2,Ridge+SourceStandardScaler,EUROC,"V1_02_medium,V1_03_difficult",source_validation_selection,WITHIN_EUROC
B2_RIDGE_QF_lag100_alpha0.01_valgrp_EUROC_FIREFLY_VICON_ROOM1,Ridge+SourceStandardScaler,EUROC,"V2_01_easy,V2_02_medium,V2_03_difficult",source_validation_selection,WITHIN_EUROC
B2_RIDGE_QF_lag100_alpha0.01_valgrp_EUROC_FIREFLY_VICON_ROOM2,Ridge+SourceStandardScaler,EUROC,"V1_02_medium,V1_03_difficult",source_validation_selection,WITHIN_EUROC
B2_RIDGE_QF_lag100_alpha1.0_valgrp_EUROC_FIREFLY_VICON_ROOM1,Ridge+SourceStandardScaler,EUROC,"V2_01_easy,V2_02_medium,V2_03_difficult",source_validation_selection,WITHIN_EUROC
B2_RIDGE_QF_lag100_alpha1.0_valgrp_EUROC_FIREFLY_VICON_ROOM2,Ridge+SourceStandardScaler,EUROC,"V1_02_medium,V1_03_difficult",source_validation_selection,WITHIN_EUROC
B2_RIDGE_QF_lag100_alpha100.0_valgrp_EUROC_FIREFLY_VICON_ROOM1,Ridge+SourceStandardScaler,EUROC,"V2_01_easy,V2_02_medium,V2_03_difficult",source_validation_selection,WITHIN_EUROC
B2_RIDGE_QF_lag100_alpha100.0_valgrp_EUROC_FIREFLY_VICON_ROOM2,Ridge+SourceStandardScaler,EUROC,"V1_02_medium,V1_03_difficult",source_validation_selection,WITHIN_EUROC
EUROC_LORO_01_V1_01_easy_B2_RIDGE_QF_final,Ridge+SourceStandardScaler,EUROC,"V1_02_medium,V1_03_difficult,V2_01_easy,V2_02_medium,V2_03_difficult",within_loro_final_refit,WITHIN_EUROC
B3_RIDGE_QF_QW_lag10_alpha1e-06_valgrp_EUROC_FIREFLY_VICON_ROOM1,Ridge+SourceStandardScaler,EUROC,"V2_01_easy,V2_02_medium,V2_03_difficult",source_validation_selection,WITHIN_EUROC
B3_RIDGE_QF_QW_lag10_alpha1e-06_valgrp_EUROC_FIREFLY_VICON_ROOM2,Ridge+SourceStandardScaler,EUROC,"V1_02_medium,V1_03_difficult",source_validation_selection,WITHIN_EUROC
B3_RIDGE_QF_QW_lag10_alpha0.0001_valgrp_EUROC_FIREFLY_VICON_ROOM1,Ridge+SourceStandardScaler,EUROC,"V2_01_easy,V2_02_medium,V2_03_difficult",source_validation_selection,WITHIN_EUROC
B3_RIDGE_QF_QW_lag10_alpha0.0001_valgrp_EUROC_FIREFLY_VICON_ROOM2,Ridge+SourceStandardScaler,EUROC,"V1_02_medium,V1_03_difficult",source_validation_selection,WITHIN_EUROC
B3_RIDGE_QF_QW_lag10_alpha0.01_valgrp_EUROC_FIREFLY_VICON_ROOM1,Ridge+SourceStandardScaler,EUROC,"V2_01_easy,V2_02_medium,V2_03_difficult",source_validation_selection,WITHIN_EUROC
B3_RIDGE_QF_QW_lag10_alpha0.01_valgrp_EUROC_FIREFLY_VICON_ROOM2,Ridge+SourceStandardScaler,EUROC,"V1_02_medium,V1_03_difficult",source_validation_selection,WITHIN_EUROC
B3_RIDGE_QF_QW_lag10_alpha1.0_valgrp_EUROC_FIREFLY_VICON_ROOM1,Ridge+SourceStandardScaler,EUROC,"V2_01_easy,V2_02_medium,V2_03_difficult",source_validation_selection,WITHIN_EUROC
B3_RIDGE_QF_QW_lag10_alpha1.0_valgrp_EUROC_FIREFLY_VICON_ROOM2,Ridge+SourceStandardScaler,EUROC,"V1_02_medium,V1_03_difficult",source_validation_selection,WITHIN_EUROC
B3_RIDGE_QF_QW_lag10_alpha100.0_valgrp_EUROC_FIREFLY_VICON_ROOM1,Ridge+SourceStandardScaler,EUROC,"V2_01_easy,V2_02_medium,V2_03_difficult",source_validation_selection,WITHIN_EUROC
B3_RIDGE_QF_QW_lag10_alpha100.0_valgrp_EUROC_FIREFLY_VICON_ROOM2,Ridge+SourceStandardScaler,EUROC,"V1_02_medium,V1_03_difficult",source_validation_selection,WITHIN_EUROC
B3_RIDGE_QF_QW_lag25_alpha1e-06_valgrp_EUROC_FIREFLY_VICON_ROOM1,Ridge+SourceStandardScaler,EUROC,"V2_01_easy,V2_02_medium,V2_03_difficult",source_validation_selection,WITHIN_EUROC
B3_RIDGE_QF_QW_lag25_alpha1e-06_valgrp_EUROC_FIREFLY_VICON_ROOM2,Ridge+SourceStandardScaler,EUROC,"V1_02_medium,V1_03_difficult",source_validation_selection,WITHIN_EUROC
B3_RIDGE_QF_QW_lag25_alpha0.0001_valgrp_EUROC_FIREFLY_VICON_ROOM1,Ridge+SourceStandardScaler,EUROC,"V2_01_easy,V2_02_medium,V2_03_difficult",source_validation_selection,WITHIN_EUROC
B3_RIDGE_QF_QW_lag25_alpha0.0001_valgrp_EUROC_FIREFLY_VICON_ROOM2,Ridge+SourceStandardScaler,EUROC,"V1_02_medium,V1_03_difficult",source_validation_selection,WITHIN_EUROC
B3_RIDGE_QF_QW_lag25_alpha0.01_valgrp_EUROC_FIREFLY_VICON_ROOM1,Ridge+SourceStandardScaler,EUROC,"V2_01_easy,V2_02_medium,V2_03_difficult",source_validation_selection,WITHIN_EUROC
B3_RIDGE_QF_QW_lag25_alpha0.01_valgrp_EUROC_FIREFLY_VICON_ROOM2,Ridge+SourceStandardScaler,EUROC,"V1_02_medium,V1_03_difficult",source_validation_selection,WITHIN_EUROC
B3_RIDGE_QF_QW_lag25_alpha1.0_valgrp_EUROC_FIREFLY_VICON_ROOM1,Ridge+SourceStandardScaler,EUROC,"V2_01_easy,V2_02_medium,V2_03_difficult",source_validation_selection,WITHIN_EUROC
B3_RIDGE_QF_QW_lag25_alpha1.0_valgrp_EUROC_FIREFLY_VICON_ROOM2,Ridge+SourceStandardScaler,EUROC,"V1_02_medium,V1_03_difficult",source_validation_selection,WITHIN_EUROC
B3_RIDGE_QF_QW_lag25_alpha100.0_valgrp_EUROC_FIREFLY_VICON_ROOM1,Ridge+SourceStandardScaler,EUROC,"V2_01_easy,V2_02_medium,V2_03_difficult",source_validation_selection,WITHIN_EUROC
B3_RIDGE_QF_QW_lag25_alpha100.0_valgrp_EUROC_FIREFLY_VICON_ROOM2,Ridge+SourceStandardScaler,EUROC,"V1_02_medium,V1_03_difficult",source_validation_selection,WITHIN_EUROC
B3_RIDGE_QF_QW_lag50_alpha1e-06_valgrp_EUROC_FIREFLY_VICON_ROOM1,Ridge+SourceStandardScaler,EUROC,"V2_01_easy,V2_02_medium,V2_03_difficult",source_validation_selection,WITHIN_EUROC
B3_RIDGE_QF_QW_lag50_alpha1e-06_valgrp_EUROC_FIREFLY_VICON_ROOM2,Ridge+SourceStandardScaler,EUROC,"V1_02_medium,V1_03_difficult",source_validation_selection,WITHIN_EUROC
B3_RIDGE_QF_QW_lag50_alpha0.0001_valgrp_EUROC_FIREFLY_VICON_ROOM1,Ridge+SourceStandardScaler,EUROC,"V2_01_easy,V2_02_medium,V2_03_difficult",source_validation_selection,WITHIN_EUROC
B3_RIDGE_QF_QW_lag50_alpha0.0001_valgrp_EUROC_FIREFLY_VICON_ROOM2,Ridge+SourceStandardScaler,EUROC,"V1_02_medium,V1_03_difficult",source_validation_selection,WITHIN_EUROC
B3_RIDGE_QF_QW_lag50_alpha0.01_valgrp_EUROC_FIREFLY_VICON_ROOM1,Ridge+SourceStandardScaler,EUROC,"V2_01_easy,V2_02_medium,V2_03_difficult",source_validation_selection,WITHIN_EUROC
B3_RIDGE_QF_QW_lag50_alpha0.01_valgrp_EUROC_FIREFLY_VICON_ROOM2,Ridge+SourceStandardScaler,EUROC,"V1_02_medium,V1_03_difficult",source_validation_selection,WITHIN_EUROC
B3_RIDGE_QF_QW_lag50_alpha1.0_valgrp_EUROC_FIREFLY_VICON_ROOM1,Ridge+SourceStandardScaler,EUROC,"V2_01_easy,V2_02_medium,V2_03_difficult",source_validation_selection,WITHIN_EUROC
B3_RIDGE_QF_QW_lag50_alpha1.0_valgrp_EUROC_FIREFLY_VICON_ROOM2,Ridge+SourceStandardScaler,EUROC,"V1_02_medium,V1_03_difficult",source_validation_selection,WITHIN_EUROC
B3_RIDGE_QF_QW_lag50_alpha100.0_valgrp_EUROC_FIREFLY_VICON_ROOM1,Ridge+SourceStandardScaler,EUROC,"V2_01_easy,V2_02_medium,V2_03_difficult",source_validation_selection,WITHIN_EUROC
B3_RIDGE_QF_QW_lag50_alpha100.0_valgrp_EUROC_FIREFLY_VICON_ROOM2,Ridge+SourceStandardScaler,EUROC,"V1_02_medium,V1_03_difficult",source_validation_selection,WITHIN_EUROC
B3_RIDGE_QF_QW_lag100_alpha1e-06_valgrp_EUROC_FIREFLY_VICON_ROOM1,Ridge+SourceStandardScaler,EUROC,"V2_01_easy,V2_02_medium,V2_03_difficult",source_validation_selection,WITHIN_EUROC
B3_RIDGE_QF_QW_lag100_alpha1e-06_valgrp_EUROC_FIREFLY_VICON_ROOM2,Ridge+SourceStandardScaler,EUROC,"V1_02_medium,V1_03_difficult",source_validation_selection,WITHIN_EUROC
B3_RIDGE_QF_QW_lag100_alpha0.0001_valgrp_EUROC_FIREFLY_VICON_ROOM1,Ridge+SourceStandardScaler,EUROC,"V2_01_easy,V2_02_medium,V2_03_difficult",source_validation_selection,WITHIN_EUROC
B3_RIDGE_QF_QW_lag100_alpha0.0001_valgrp_EUROC_FIREFLY_VICON_ROOM2,Ridge+SourceStandardScaler,EUROC,"V1_02_medium,V1_03_difficult",source_validation_selection,WITHIN_EUROC
B3_RIDGE_QF_QW_lag100_alpha0.01_valgrp_EUROC_FIREFLY_VICON_ROOM1,Ridge+SourceStandardScaler,EUROC,"V2_01_easy,V2_02_medium,V2_03_difficult",source_validation_selection,WITHIN_EUROC
B3_RIDGE_QF_QW_lag100_alpha0.01_valgrp_EUROC_FIREFLY_VICON_ROOM2,Ridge+SourceStandardScaler,EUROC,"V1_02_medium,V1_03_difficult",source_validation_selection,WITHIN_EUROC
B3_RIDGE_QF_QW_lag100_alpha1.0_valgrp_EUROC_FIREFLY_VICON_ROOM1,Ridge+SourceStandardScaler,EUROC,"V2_01_easy,V2_02_medium,V2_03_difficult",source_validation_selection,WITHIN_EUROC
B3_RIDGE_QF_QW_lag100_alpha1.0_valgrp_EUROC_FIREFLY_VICON_ROOM2,Ridge+SourceStandardScaler,EUROC,"V1_02_medium,V1_03_difficult",source_validation_selection,WITHIN_EUROC
B3_RIDGE_QF_QW_lag100_alpha100.0_valgrp_EUROC_FIREFLY_VICON_ROOM1,Ridge+SourceStandardScaler,EUROC,"V2_01_easy,V2_02_medium,V2_03_difficult",source_validation_selection,WITHIN_EUROC
B3_RIDGE_QF_QW_lag100_alpha100.0_valgrp_EUROC_FIREFLY_VICON_ROOM2,Ridge+SourceStandardScaler,EUROC,"V1_02_medium,V1_03_difficult",source_validation_selection,WITHIN_EUROC
EUROC_LORO_01_V1_01_easy_B3_RIDGE_QF_QW_final,Ridge+SourceStandardScaler,EUROC,"V1_02_medium,V1_03_difficult,V2_01_easy,V2_02_medium,V2_03_difficult",within_loro_final_refit,WITHIN_EUROC
B2_RIDGE_QF_lag10_alpha1e-06_valgrp_EUROC_FIREFLY_VICON_ROOM1,Ridge+SourceStandardScaler,EUROC,"V2_01_easy,V2_02_medium,V2_03_difficult",source_validation_selection,WITHIN_EUROC
B2_RIDGE_QF_lag10_alpha1e-06_valgrp_EUROC_FIREFLY_VICON_ROOM2,Ridge+SourceStandardScaler,EUROC,"V1_01_easy,V1_03_difficult",source_validation_selection,WITHIN_EUROC
B2_RIDGE_QF_lag10_alpha0.0001_valgrp_EUROC_FIREFLY_VICON_ROOM1,Ridge+SourceStandardScaler,EUROC,"V2_01_easy,V2_02_medium,V2_03_difficult",source_validation_selection,WITHIN_EUROC
B2_RIDGE_QF_lag10_alpha0.0001_valgrp_EUROC_FIREFLY_VICON_ROOM2,Ridge+SourceStandardScaler,EUROC,"V1_01_easy,V1_03_difficult",source_validation_selection,WITHIN_EUROC
B2_RIDGE_QF_lag10_alpha0.01_valgrp_EUROC_FIREFLY_VICON_ROOM1,Ridge+SourceStandardScaler,EUROC,"V2_01_easy,V2_02_medium,V2_03_difficult",source_validation_selection,WITHIN_EUROC
B2_RIDGE_QF_lag10_alpha0.01_valgrp_EUROC_FIREFLY_VICON_ROOM2,Ridge+SourceStandardScaler,EUROC,"V1_01_easy,V1_03_difficult",source_validation_selection,WITHIN_EUROC
B2_RIDGE_QF_lag10_alpha1.0_valgrp_EUROC_FIREFLY_VICON_ROOM1,Ridge+SourceStandardScaler,EUROC,"V2_01_easy,V2_02_medium,V2_03_difficult",source_validation_selection,WITHIN_EUROC
B2_RIDGE_QF_lag10_alpha1.0_valgrp_EUROC_FIREFLY_VICON_ROOM2,Ridge+SourceStandardScaler,EUROC,"V1_01_easy,V1_03_difficult",source_validation_selection,WITHIN_EUROC
B2_RIDGE_QF_lag10_alpha100.0_valgrp_EUROC_FIREFLY_VICON_ROOM1,Ridge+SourceStandardScaler,EUROC,"V2_01_easy,V2_02_medium,V2_03_difficult",source_validation_selection,WITHIN_EUROC
B2_RIDGE_QF_lag10_alpha100.0_valgrp_EUROC_FIREFLY_VICON_ROOM2,Ridge+SourceStandardScaler,EUROC,"V1_01_easy,V1_03_difficult",source_validation_selection,WITHIN_EUROC
B2_RIDGE_QF_lag25_alpha1e-06_valgrp_EUROC_FIREFLY_VICON_ROOM1,Ridge+SourceStandardScaler,EUROC,"V2_01_easy,V2_02_medium,V2_03_difficult",source_validation_selection,WITHIN_EUROC
B2_RIDGE_QF_lag25_alpha1e-06_valgrp_EUROC_FIREFLY_VICON_ROOM2,Ridge+SourceStandardScaler,EUROC,"V1_01_easy,V1_03_difficult",source_validation_selection,WITHIN_EUROC
B2_RIDGE_QF_lag25_alpha0.0001_valgrp_EUROC_FIREFLY_VICON_ROOM1,Ridge+SourceStandardScaler,EUROC,"V2_01_easy,V2_02_medium,V2_03_difficult",source_validation_selection,WITHIN_EUROC
B2_RIDGE_QF_lag25_alpha0.0001_valgrp_EUROC_FIREFLY_VICON_ROOM2,Ridge+SourceStandardScaler,EUROC,"V1_01_easy,V1_03_difficult",source_validation_selection,WITHIN_EUROC
B2_RIDGE_QF_lag25_alpha0.01_valgrp_EUROC_FIREFLY_VICON_ROOM1,Ridge+SourceStandardScaler,EUROC,"V2_01_easy,V2_02_medium,V2_03_difficult",source_validation_selection,WITHIN_EUROC
B2_RIDGE_QF_lag25_alpha0.01_valgrp_EUROC_FIREFLY_VICON_ROOM2,Ridge+SourceStandardScaler,EUROC,"V1_01_easy,V1_03_difficult",source_validation_selection,WITHIN_EUROC
B2_RIDGE_QF_lag25_alpha1.0_valgrp_EUROC_FIREFLY_VICON_ROOM1,Ridge+SourceStandardScaler,EUROC,"V2_01_easy,V2_02_medium,V2_03_difficult",source_validation_selection,WITHIN_EUROC
B2_RIDGE_QF_lag25_alpha1.0_valgrp_EUROC_FIREFLY_VICON_ROOM2,Ridge+SourceStandardScaler,EUROC,"V1_01_easy,V1_03_difficult",source_validation_selection,WITHIN_EUROC
B2_RIDGE_QF_lag25_alpha100.0_valgrp_EUROC_FIREFLY_VICON_ROOM1,Ridge+SourceStandardScaler,EUROC,"V2_01_easy,V2_02_medium,V2_03_difficult",source_validation_selection,WITHIN_EUROC
B2_RIDGE_QF_lag25_alpha100.0_valgrp_EUROC_FIREFLY_VICON_ROOM2,Ridge+SourceStandardScaler,EUROC,"V1_01_easy,V1_03_difficult",source_validation_selection,WITHIN_EUROC
B2_RIDGE_QF_lag50_alpha1e-06_valgrp_EUROC_FIREFLY_VICON_ROOM1,Ridge+SourceStandardScaler,EUROC,"V2_01_easy,V2_02_medium,V2_03_difficult",source_validation_selection,WITHIN_EUROC
B2_RIDGE_QF_lag50_alpha1e-06_valgrp_EUROC_FIREFLY_VICON_ROOM2,Ridge+SourceStandardScaler,EUROC,"V1_01_easy,V1_03_difficult",source_validation_selection,WITHIN_EUROC
B2_RIDGE_QF_lag50_alpha0.0001_valgrp_EUROC_FIREFLY_VICON_ROOM1,Ridge+SourceStandardScaler,EUROC,"V2_01_easy,V2_02_medium,V2_03_difficult",source_validation_selection,WITHIN_EUROC
B2_RIDGE_QF_lag50_alpha0.0001_valgrp_EUROC_FIREFLY_VICON_ROOM2,Ridge+SourceStandardScaler,EUROC,"V1_01_easy,V1_03_difficult",source_validation_selection,WITHIN_EUROC
B2_RIDGE_QF_lag50_alpha0.01_valgrp_EUROC_FIREFLY_VICON_ROOM1,Ridge+SourceStandardScaler,EUROC,"V2_01_easy,V2_02_medium,V2_03_difficult",source_validation_selection,WITHIN_EUROC
B2_RIDGE_QF_lag50_alpha0.01_valgrp_EUROC_FIREFLY_VICON_ROOM2,Ridge+SourceStandardScaler,EUROC,"V1_01_easy,V1_03_difficult",source_validation_selection,WITHIN_EUROC
B2_RIDGE_QF_lag50_alpha1.0_valgrp_EUROC_FIREFLY_VICON_ROOM1,Ridge+SourceStandardScaler,EUROC,"V2_01_easy,V2_02_medium,V2_03_difficult",source_validation_selection,WITHIN_EUROC
B2_RIDGE_QF_lag50_alpha1.0_valgrp_EUROC_FIREFLY_VICON_ROOM2,Ridge+SourceStandardScaler,EUROC,"V1_01_easy,V1_03_difficult",source_validation_selection,WITHIN_EUROC
B2_RIDGE_QF_lag50_alpha100.0_valgrp_EUROC_FIREFLY_VICON_ROOM1,Ridge+SourceStandardScaler,EUROC,"V2_01_easy,V2_02_medium,V2_03_difficult",source_validation_selection,WITHIN_EUROC
B2_RIDGE_QF_lag50_alpha100.0_valgrp_EUROC_FIREFLY_VICON_ROOM2,Ridge+SourceStandardScaler,EUROC,"V1_01_easy,V1_03_difficult",source_validation_selection,WITHIN_EUROC
B2_RIDGE_QF_lag100_alpha1e-06_valgrp_EUROC_FIREFLY_VICON_ROOM1,Ridge+SourceStandardScaler,EUROC,"V2_01_easy,V2_02_medium,V2_03_difficult",source_validation_selection,WITHIN_EUROC
B2_RIDGE_QF_lag100_alpha1e-06_valgrp_EUROC_FIREFLY_VICON_ROOM2,Ridge+SourceStandardScaler,EUROC,"V1_01_easy,V1_03_difficult",source_validation_selection,WITHIN_EUROC
B2_RIDGE_QF_lag100_alpha0.0001_valgrp_EUROC_FIREFLY_VICON_ROOM1,Ridge+SourceStandardScaler,EUROC,"V2_01_easy,V2_02_medium,V2_03_difficult",source_validation_selection,WITHIN_EUROC
B2_RIDGE_QF_lag100_alpha0.0001_valgrp_EUROC_FIREFLY_VICON_ROOM2,Ridge+SourceStandardScaler,EUROC,"V1_01_easy,V1_03_difficult",source_validation_selection,WITHIN_EUROC
B2_RIDGE_QF_lag100_alpha0.01_valgrp_EUROC_FIREFLY_VICON_ROOM1,Ridge+SourceStandardScaler,EUROC,"V2_01_easy,V2_02_medium,V2_03_difficult",source_validation_selection,WITHIN_EUROC
B2_RIDGE_QF_lag100_alpha0.01_valgrp_EUROC_FIREFLY_VICON_ROOM2,Ridge+SourceStandardScaler,EUROC,"V1_01_easy,V1_03_difficult",source_validation_selection,WITHIN_EUROC
B2_RIDGE_QF_lag100_alpha1.0_valgrp_EUROC_FIREFLY_VICON_ROOM1,Ridge+SourceStandardScaler,EUROC,"V2_01_easy,V2_02_medium,V2_03_difficult",source_validation_selection,WITHIN_EUROC
B2_RIDGE_QF_lag100_alpha1.0_valgrp_EUROC_FIREFLY_VICON_ROOM2,Ridge+SourceStandardScaler,EUROC,"V1_01_easy,V1_03_difficult",source_validation_selection,WITHIN_EUROC
B2_RIDGE_QF_lag100_alpha100.0_valgrp_EUROC_FIREFLY_VICON_ROOM1,Ridge+SourceStandardScaler,EUROC,"V2_01_easy,V2_02_medium,V2_03_difficult",source_validation_selection,WITHIN_EUROC
B2_RIDGE_QF_lag100_alpha100.0_valgrp_EUROC_FIREFLY_VICON_ROOM2,Ridge+SourceStandardScaler,EUROC,"V1_01_easy,V1_03_difficult",source_validation_selection,WITHIN_EUROC
EUROC_LORO_02_V1_02_medium_B2_RIDGE_QF_final,Ridge+SourceStandardScaler,EUROC,"V1_01_easy,V1_03_difficult,V2_01_easy,V2_02_medium,V2_03_difficult",within_loro_final_refit,WITHIN_EUROC
B3_RIDGE_QF_QW_lag10_alpha1e-06_valgrp_EUROC_FIREFLY_VICON_ROOM1,Ridge+SourceStandardScaler,EUROC,"V2_01_easy,V2_02_medium,V2_03_difficult",source_validation_selection,WITHIN_EUROC
B3_RIDGE_QF_QW_lag10_alpha1e-06_valgrp_EUROC_FIREFLY_VICON_ROOM2,Ridge+SourceStandardScaler,EUROC,"V1_01_easy,V1_03_difficult",source_validation_selection,WITHIN_EUROC
B3_RIDGE_QF_QW_lag10_alpha0.0001_valgrp_EUROC_FIREFLY_VICON_ROOM1,Ridge+SourceStandardScaler,EUROC,"V2_01_easy,V2_02_medium,V2_03_difficult",source_validation_selection,WITHIN_EUROC
B3_RIDGE_QF_QW_lag10_alpha0.0001_valgrp_EUROC_FIREFLY_VICON_ROOM2,Ridge+SourceStandardScaler,EUROC,"V1_01_easy,V1_03_difficult",source_validation_selection,WITHIN_EUROC
B3_RIDGE_QF_QW_lag10_alpha0.01_valgrp_EUROC_FIREFLY_VICON_ROOM1,Ridge+SourceStandardScaler,EUROC,"V2_01_easy,V2_02_medium,V2_03_difficult",source_validation_selection,WITHIN_EUROC
B3_RIDGE_QF_QW_lag10_alpha0.01_valgrp_EUROC_FIREFLY_VICON_ROOM2,Ridge+SourceStandardScaler,EUROC,"V1_01_easy,V1_03_difficult",source_validation_selection,WITHIN_EUROC
B3_RIDGE_QF_QW_lag10_alpha1.0_valgrp_EUROC_FIREFLY_VICON_ROOM1,Ridge+SourceStandardScaler,EUROC,"V2_01_easy,V2_02_medium,V2_03_difficult",source_validation_selection,WITHIN_EUROC
B3_RIDGE_QF_QW_lag10_alpha1.0_valgrp_EUROC_FIREFLY_VICON_ROOM2,Ridge+SourceStandardScaler,EUROC,"V1_01_easy,V1_03_difficult",source_validation_selection,WITHIN_EUROC
B3_RIDGE_QF_QW_lag10_alpha100.0_valgrp_EUROC_FIREFLY_VICON_ROOM1,Ridge+SourceStandardScaler,EUROC,"V2_01_easy,V2_02_medium,V2_03_difficult",source_validation_selection,WITHIN_EUROC
B3_RIDGE_QF_QW_lag10_alpha100.0_valgrp_EUROC_FIREFLY_VICON_ROOM2,Ridge+SourceStandardScaler,EUROC,"V1_01_easy,V1_03_difficult",source_validation_selection,WITHIN_EUROC
B3_RIDGE_QF_QW_lag25_alpha1e-06_valgrp_EUROC_FIREFLY_VICON_ROOM1,Ridge+SourceStandardScaler,EUROC,"V2_01_easy,V2_02_medium,V2_03_difficult",source_validation_selection,WITHIN_EUROC
B3_RIDGE_QF_QW_lag25_alpha1e-06_valgrp_EUROC_FIREFLY_VICON_ROOM2,Ridge+SourceStandardScaler,EUROC,"V1_01_easy,V1_03_difficult",source_validation_selection,WITHIN_EUROC
B3_RIDGE_QF_QW_lag25_alpha0.0001_valgrp_EUROC_FIREFLY_VICON_ROOM1,Ridge+SourceStandardScaler,EUROC,"V2_01_easy,V2_02_medium,V2_03_difficult",source_validation_selection,WITHIN_EUROC
B3_RIDGE_QF_QW_lag25_alpha0.0001_valgrp_EUROC_FIREFLY_VICON_ROOM2,Ridge+SourceStandardScaler,EUROC,"V1_01_easy,V1_03_difficult",source_validation_selection,WITHIN_EUROC
B3_RIDGE_QF_QW_lag25_alpha0.01_valgrp_EUROC_FIREFLY_VICON_ROOM1,Ridge+SourceStandardScaler,EUROC,"V2_01_easy,V2_02_medium,V2_03_difficult",source_validation_selection,WITHIN_EUROC
B3_RIDGE_QF_QW_lag25_alpha0.01_valgrp_EUROC_FIREFLY_VICON_ROOM2,Ridge+SourceStandardScaler,EUROC,"V1_01_easy,V1_03_difficult",source_validation_selection,WITHIN_EUROC
B3_RIDGE_QF_QW_lag25_alpha1.0_valgrp_EUROC_FIREFLY_VICON_ROOM1,Ridge+SourceStandardScaler,EUROC,"V2_01_easy,V2_02_medium,V2_03_difficult",source_validation_selection,WITHIN_EUROC
B3_RIDGE_QF_QW_lag25_alpha1.0_valgrp_EUROC_FIREFLY_VICON_ROOM2,Ridge+SourceStandardScaler,EUROC,"V1_01_easy,V1_03_difficult",source_validation_selection,WITHIN_EUROC
B3_RIDGE_QF_QW_lag25_alpha100.0_valgrp_EUROC_FIREFLY_VICON_ROOM1,Ridge+SourceStandardScaler,EUROC,"V2_01_easy,V2_02_medium,V2_03_difficult",source_validation_selection,WITHIN_EUROC
B3_RIDGE_QF_QW_lag25_alpha100.0_valgrp_EUROC_FIREFLY_VICON_ROOM2,Ridge+SourceStandardScaler,EUROC,"V1_01_easy,V1_03_difficult",source_validation_selection,WITHIN_EUROC
B3_RIDGE_QF_QW_lag50_alpha1e-06_valgrp_EUROC_FIREFLY_VICON_ROOM1,Ridge+SourceStandardScaler,EUROC,"V2_01_easy,V2_02_medium,V2_03_difficult",source_validation_selection,WITHIN_EUROC
B3_RIDGE_QF_QW_lag50_alpha1e-06_valgrp_EUROC_FIREFLY_VICON_ROOM2,Ridge+SourceStandardScaler,EUROC,"V1_01_easy,V1_03_difficult",source_validation_selection,WITHIN_EUROC
B3_RIDGE_QF_QW_lag50_alpha0.0001_valgrp_EUROC_FIREFLY_VICON_ROOM1,Ridge+SourceStandardScaler,EUROC,"V2_01_easy,V2_02_medium,V2_03_difficult",source_validation_selection,WITHIN_EUROC
B3_RIDGE_QF_QW_lag50_alpha0.0001_valgrp_EUROC_FIREFLY_VICON_ROOM2,Ridge+SourceStandardScaler,EUROC,"V1_01_easy,V1_03_difficult",source_validation_selection,WITHIN_EUROC
B3_RIDGE_QF_QW_lag50_alpha0.01_valgrp_EUROC_FIREFLY_VICON_ROOM1,Ridge+SourceStandardScaler,EUROC,"V2_01_easy,V2_02_medium,V2_03_difficult",source_validation_selection,WITHIN_EUROC
B3_RIDGE_QF_QW_lag50_alpha0.01_valgrp_EUROC_FIREFLY_VICON_ROOM2,Ridge+SourceStandardScaler,EUROC,"V1_01_easy,V1_03_difficult",source_validation_selection,WITHIN_EUROC
B3_RIDGE_QF_QW_lag50_alpha1.0_valgrp_EUROC_FIREFLY_VICON_ROOM1,Ridge+SourceStandardScaler,EUROC,"V2_01_easy,V2_02_medium,V2_03_difficult",source_validation_selection,WITHIN_EUROC
B3_RIDGE_QF_QW_lag50_alpha1.0_valgrp_EUROC_FIREFLY_VICON_ROOM2,Ridge+SourceStandardScaler,EUROC,"V1_01_easy,V1_03_difficult",source_validation_selection,WITHIN_EUROC
B3_RIDGE_QF_QW_lag50_alpha100.0_valgrp_EUROC_FIREFLY_VICON_ROOM1,Ridge+SourceStandardScaler,EUROC,"V2_01_easy,V2_02_medium,V2_03_difficult",source_validation_selection,WITHIN_EUROC
B3_RIDGE_QF_QW_lag50_alpha100.0_valgrp_EUROC_FIREFLY_VICON_ROOM2,Ridge+SourceStandardScaler,EUROC,"V1_01_easy,V1_03_difficult",source_validation_selection,WITHIN_EUROC
B3_RIDGE_QF_QW_lag100_alpha1e-06_valgrp_EUROC_FIREFLY_VICON_ROOM1,Ridge+SourceStandardScaler,EUROC,"V2_01_easy,V2_02_medium,V2_03_difficult",source_validation_selection,WITHIN_EUROC
B3_RIDGE_QF_QW_lag100_alpha1e-06_valgrp_EUROC_FIREFLY_VICON_ROOM2,Ridge+SourceStandardScaler,EUROC,"V1_01_easy,V1_03_difficult",source_validation_selection,WITHIN_EUROC
B3_RIDGE_QF_QW_lag100_alpha0.0001_valgrp_EUROC_FIREFLY_VICON_ROOM1,Ridge+SourceStandardScaler,EUROC,"V2_01_easy,V2_02_medium,V2_03_difficult",source_validation_selection,WITHIN_EUROC
B3_RIDGE_QF_QW_lag100_alpha0.0001_valgrp_EUROC_FIREFLY_VICON_ROOM2,Ridge+SourceStandardScaler,EUROC,"V1_01_easy,V1_03_difficult",source_validation_selection,WITHIN_EUROC
B3_RIDGE_QF_QW_lag100_alpha0.01_valgrp_EUROC_FIREFLY_VICON_ROOM1,Ridge+SourceStandardScaler,EUROC,"V2_01_easy,V2_02_medium,V2_03_difficult",source_validation_selection,WITHIN_EUROC
B3_RIDGE_QF_QW_lag100_alpha0.01_valgrp_EUROC_FIREFLY_VICON_ROOM2,Ridge+SourceStandardScaler,EUROC,"V1_01_easy,V1_03_difficult",source_validation_selection,WITHIN_EUROC
B3_RIDGE_QF_QW_lag100_alpha1.0_valgrp_EUROC_FIREFLY_VICON_ROOM1,Ridge+SourceStandardScaler,EUROC,"V2_01_easy,V2_02_medium,V2_03_difficult",source_validation_selection,WITHIN_EUROC
B3_RIDGE_QF_QW_lag100_alpha1.0_valgrp_EUROC_FIREFLY_VICON_ROOM2,Ridge+SourceStandardScaler,EUROC,"V1_01_easy,V1_03_difficult",source_validation_selection,WITHIN_EUROC
B3_RIDGE_QF_QW_lag100_alpha100.0_valgrp_EUROC_FIREFLY_VICON_ROOM1,Ridge+SourceStandardScaler,EUROC,"V2_01_easy,V2_02_medium,V2_03_difficult",source_validation_selection,WITHIN_EUROC
B3_RIDGE_QF_QW_lag100_alpha100.0_valgrp_EUROC_FIREFLY_VICON_ROOM2,Ridge+SourceStandardScaler,EUROC,"V1_01_easy,V1_03_difficult",source_validation_selection,WITHIN_EUROC
EUROC_LORO_02_V1_02_medium_B3_RIDGE_QF_QW_final,Ridge+SourceStandardScaler,EUROC,"V1_01_easy,V1_03_difficult,V2_01_easy,V2_02_medium,V2_03_difficult",within_loro_final_refit,WITHIN_EUROC
B2_RIDGE_QF_lag10_alpha1e-06_valgrp_EUROC_FIREFLY_VICON_ROOM1,Ridge+SourceStandardScaler,EUROC,"V2_01_easy,V2_02_medium,V2_03_difficult",source_validation_selection,WITHIN_EUROC
B2_RIDGE_QF_lag10_alpha1e-06_valgrp_EUROC_FIREFLY_VICON_ROOM2,Ridge+SourceStandardScaler,EUROC,"V1_01_easy,V1_02_medium",source_validation_selection,WITHIN_EUROC
B2_RIDGE_QF_lag10_alpha0.0001_valgrp_EUROC_FIREFLY_VICON_ROOM1,Ridge+SourceStandardScaler,EUROC,"V2_01_easy,V2_02_medium,V2_03_difficult",source_validation_selection,WITHIN_EUROC
B2_RIDGE_QF_lag10_alpha0.0001_valgrp_EUROC_FIREFLY_VICON_ROOM2,Ridge+SourceStandardScaler,EUROC,"V1_01_easy,V1_02_medium",source_validation_selection,WITHIN_EUROC
B2_RIDGE_QF_lag10_alpha0.01_valgrp_EUROC_FIREFLY_VICON_ROOM1,Ridge+SourceStandardScaler,EUROC,"V2_01_easy,V2_02_medium,V2_03_difficult",source_validation_selection,WITHIN_EUROC
B2_RIDGE_QF_lag10_alpha0.01_valgrp_EUROC_FIREFLY_VICON_ROOM2,Ridge+SourceStandardScaler,EUROC,"V1_01_easy,V1_02_medium",source_validation_selection,WITHIN_EUROC
B2_RIDGE_QF_lag10_alpha1.0_valgrp_EUROC_FIREFLY_VICON_ROOM1,Ridge+SourceStandardScaler,EUROC,"V2_01_easy,V2_02_medium,V2_03_difficult",source_validation_selection,WITHIN_EUROC
B2_RIDGE_QF_lag10_alpha1.0_valgrp_EUROC_FIREFLY_VICON_ROOM2,Ridge+SourceStandardScaler,EUROC,"V1_01_easy,V1_02_medium",source_validation_selection,WITHIN_EUROC
B2_RIDGE_QF_lag10_alpha100.0_valgrp_EUROC_FIREFLY_VICON_ROOM1,Ridge+SourceStandardScaler,EUROC,"V2_01_easy,V2_02_medium,V2_03_difficult",source_validation_selection,WITHIN_EUROC
B2_RIDGE_QF_lag10_alpha100.0_valgrp_EUROC_FIREFLY_VICON_ROOM2,Ridge+SourceStandardScaler,EUROC,"V1_01_easy,V1_02_medium",source_validation_selection,WITHIN_EUROC
B2_RIDGE_QF_lag25_alpha1e-06_valgrp_EUROC_FIREFLY_VICON_ROOM1,Ridge+SourceStandardScaler,EUROC,"V2_01_easy,V2_02_medium,V2_03_difficult",source_validation_selection,WITHIN_EUROC
B2_RIDGE_QF_lag25_alpha1e-06_valgrp_EUROC_FIREFLY_VICON_ROOM2,Ridge+SourceStandardScaler,EUROC,"V1_01_easy,V1_02_medium",source_validation_selection,WITHIN_EUROC
B2_RIDGE_QF_lag25_alpha0.0001_valgrp_EUROC_FIREFLY_VICON_ROOM1,Ridge+SourceStandardScaler,EUROC,"V2_01_easy,V2_02_medium,V2_03_difficult",source_validation_selection,WITHIN_EUROC
B2_RIDGE_QF_lag25_alpha0.0001_valgrp_EUROC_FIREFLY_VICON_ROOM2,Ridge+SourceStandardScaler,EUROC,"V1_01_easy,V1_02_medium",source_validation_selection,WITHIN_EUROC
B2_RIDGE_QF_lag25_alpha0.01_valgrp_EUROC_FIREFLY_VICON_ROOM1,Ridge+SourceStandardScaler,EUROC,"V2_01_easy,V2_02_medium,V2_03_difficult",source_validation_selection,WITHIN_EUROC
B2_RIDGE_QF_lag25_alpha0.01_valgrp_EUROC_FIREFLY_VICON_ROOM2,Ridge+SourceStandardScaler,EUROC,"V1_01_easy,V1_02_medium",source_validation_selection,WITHIN_EUROC
B2_RIDGE_QF_lag25_alpha1.0_valgrp_EUROC_FIREFLY_VICON_ROOM1,Ridge+SourceStandardScaler,EUROC,"V2_01_easy,V2_02_medium,V2_03_difficult",source_validation_selection,WITHIN_EUROC
B2_RIDGE_QF_lag25_alpha1.0_valgrp_EUROC_FIREFLY_VICON_ROOM2,Ridge+SourceStandardScaler,EUROC,"V1_01_easy,V1_02_medium",source_validation_selection,WITHIN_EUROC
B2_RIDGE_QF_lag25_alpha100.0_valgrp_EUROC_FIREFLY_VICON_ROOM1,Ridge+SourceStandardScaler,EUROC,"V2_01_easy,V2_02_medium,V2_03_difficult",source_validation_selection,WITHIN_EUROC
B2_RIDGE_QF_lag25_alpha100.0_valgrp_EUROC_FIREFLY_VICON_ROOM2,Ridge+SourceStandardScaler,EUROC,"V1_01_easy,V1_02_medium",source_validation_selection,WITHIN_EUROC
B2_RIDGE_QF_lag50_alpha1e-06_valgrp_EUROC_FIREFLY_VICON_ROOM1,Ridge+SourceStandardScaler,EUROC,"V2_01_easy,V2_02_medium,V2_03_difficult",source_validation_selection,WITHIN_EUROC
B2_RIDGE_QF_lag50_alpha1e-06_valgrp_EUROC_FIREFLY_VICON_ROOM2,Ridge+SourceStandardScaler,EUROC,"V1_01_easy,V1_02_medium",source_validation_selection,WITHIN_EUROC
B2_RIDGE_QF_lag50_alpha0.0001_valgrp_EUROC_FIREFLY_VICON_ROOM1,Ridge+SourceStandardScaler,EUROC,"V2_01_easy,V2_02_medium,V2_03_difficult",source_validation_selection,WITHIN_EUROC
B2_RIDGE_QF_lag50_alpha0.0001_valgrp_EUROC_FIREFLY_VICON_ROOM2,Ridge+SourceStandardScaler,EUROC,"V1_01_easy,V1_02_medium",source_validation_selection,WITHIN_EUROC
B2_RIDGE_QF_lag50_alpha0.01_valgrp_EUROC_FIREFLY_VICON_ROOM1,Ridge+SourceStandardScaler,EUROC,"V2_01_easy,V2_02_medium,V2_03_difficult",source_validation_selection,WITHIN_EUROC
B2_RIDGE_QF_lag50_alpha0.01_valgrp_EUROC_FIREFLY_VICON_ROOM2,Ridge+SourceStandardScaler,EUROC,"V1_01_easy,V1_02_medium",source_validation_selection,WITHIN_EUROC
B2_RIDGE_QF_lag50_alpha1.0_valgrp_EUROC_FIREFLY_VICON_ROOM1,Ridge+SourceStandardScaler,EUROC,"V2_01_easy,V2_02_medium,V2_03_difficult",source_validation_selection,WITHIN_EUROC
B2_RIDGE_QF_lag50_alpha1.0_valgrp_EUROC_FIREFLY_VICON_ROOM2,Ridge+SourceStandardScaler,EUROC,"V1_01_easy,V1_02_medium",source_validation_selection,WITHIN_EUROC
B2_RIDGE_QF_lag50_alpha100.0_valgrp_EUROC_FIREFLY_VICON_ROOM1,Ridge+SourceStandardScaler,EUROC,"V2_01_easy,V2_02_medium,V2_03_difficult",source_validation_selection,WITHIN_EUROC
B2_RIDGE_QF_lag50_alpha100.0_valgrp_EUROC_FIREFLY_VICON_ROOM2,Ridge+SourceStandardScaler,EUROC,"V1_01_easy,V1_02_medium",source_validation_selection,WITHIN_EUROC
B2_RIDGE_QF_lag100_alpha1e-06_valgrp_EUROC_FIREFLY_VICON_ROOM1,Ridge+SourceStandardScaler,EUROC,"V2_01_easy,V2_02_medium,V2_03_difficult",source_validation_selection,WITHIN_EUROC
B2_RIDGE_QF_lag100_alpha1e-06_valgrp_EUROC_FIREFLY_VICON_ROOM2,Ridge+SourceStandardScaler,EUROC,"V1_01_easy,V1_02_medium",source_validation_selection,WITHIN_EUROC
B2_RIDGE_QF_lag100_alpha0.0001_valgrp_EUROC_FIREFLY_VICON_ROOM1,Ridge+SourceStandardScaler,EUROC,"V2_01_easy,V2_02_medium,V2_03_difficult",source_validation_selection,WITHIN_EUROC
B2_RIDGE_QF_lag100_alpha0.0001_valgrp_EUROC_FIREFLY_VICON_ROOM2,Ridge+SourceStandardScaler,EUROC,"V1_01_easy,V1_02_medium",source_validation_selection,WITHIN_EUROC
B2_RIDGE_QF_lag100_alpha0.01_valgrp_EUROC_FIREFLY_VICON_ROOM1,Ridge+SourceStandardScaler,EUROC,"V2_01_easy,V2_02_medium,V2_03_difficult",source_validation_selection,WITHIN_EUROC
B2_RIDGE_QF_lag100_alpha0.01_valgrp_EUROC_FIREFLY_VICON_ROOM2,Ridge+SourceStandardScaler,EUROC,"V1_01_easy,V1_02_medium",source_validation_selection,WITHIN_EUROC
B2_RIDGE_QF_lag100_alpha1.0_valgrp_EUROC_FIREFLY_VICON_ROOM1,Ridge+SourceStandardScaler,EUROC,"V2_01_easy,V2_02_medium,V2_03_difficult",source_validation_selection,WITHIN_EUROC
B2_RIDGE_QF_lag100_alpha1.0_valgrp_EUROC_FIREFLY_VICON_ROOM2,Ridge+SourceStandardScaler,EUROC,"V1_01_easy,V1_02_medium",source_validation_selection,WITHIN_EUROC
B2_RIDGE_QF_lag100_alpha100.0_valgrp_EUROC_FIREFLY_VICON_ROOM1,Ridge+SourceStandardScaler,EUROC,"V2_01_easy,V2_02_medium,V2_03_difficult",source_validation_selection,WITHIN_EUROC
B2_RIDGE_QF_lag100_alpha100.0_valgrp_EUROC_FIREFLY_VICON_ROOM2,Ridge+SourceStandardScaler,EUROC,"V1_01_easy,V1_02_medium",source_validation_selection,WITHIN_EUROC
EUROC_LORO_03_V1_03_difficult_B2_RIDGE_QF_final,Ridge+SourceStandardScaler,EUROC,"V1_01_easy,V1_02_medium,V2_01_easy,V2_02_medium,V2_03_difficult",within_loro_final_refit,WITHIN_EUROC
B3_RIDGE_QF_QW_lag10_alpha1e-06_valgrp_EUROC_FIREFLY_VICON_ROOM1,Ridge+SourceStandardScaler,EUROC,"V2_01_easy,V2_02_medium,V2_03_difficult",source_validation_selection,WITHIN_EUROC
B3_RIDGE_QF_QW_lag10_alpha1e-06_valgrp_EUROC_FIREFLY_VICON_ROOM2,Ridge+SourceStandardScaler,EUROC,"V1_01_easy,V1_02_medium",source_validation_selection,WITHIN_EUROC
B3_RIDGE_QF_QW_lag10_alpha0.0001_valgrp_EUROC_FIREFLY_VICON_ROOM1,Ridge+SourceStandardScaler,EUROC,"V2_01_easy,V2_02_medium,V2_03_difficult",source_validation_selection,WITHIN_EUROC
B3_RIDGE_QF_QW_lag10_alpha0.0001_valgrp_EUROC_FIREFLY_VICON_ROOM2,Ridge+SourceStandardScaler,EUROC,"V1_01_easy,V1_02_medium",source_validation_selection,WITHIN_EUROC
B3_RIDGE_QF_QW_lag10_alpha0.01_valgrp_EUROC_FIREFLY_VICON_ROOM1,Ridge+SourceStandardScaler,EUROC,"V2_01_easy,V2_02_medium,V2_03_difficult",source_validation_selection,WITHIN_EUROC
B3_RIDGE_QF_QW_lag10_alpha0.01_valgrp_EUROC_FIREFLY_VICON_ROOM2,Ridge+SourceStandardScaler,EUROC,"V1_01_easy,V1_02_medium",source_validation_selection,WITHIN_EUROC
B3_RIDGE_QF_QW_lag10_alpha1.0_valgrp_EUROC_FIREFLY_VICON_ROOM1,Ridge+SourceStandardScaler,EUROC,"V2_01_easy,V2_02_medium,V2_03_difficult",source_validation_selection,WITHIN_EUROC
B3_RIDGE_QF_QW_lag10_alpha1.0_valgrp_EUROC_FIREFLY_VICON_ROOM2,Ridge+SourceStandardScaler,EUROC,"V1_01_easy,V1_02_medium",source_validation_selection,WITHIN_EUROC
B3_RIDGE_QF_QW_lag10_alpha100.0_valgrp_EUROC_FIREFLY_VICON_ROOM1,Ridge+SourceStandardScaler,EUROC,"V2_01_easy,V2_02_medium,V2_03_difficult",source_validation_selection,WITHIN_EUROC
B3_RIDGE_QF_QW_lag10_alpha100.0_valgrp_EUROC_FIREFLY_VICON_ROOM2,Ridge+SourceStandardScaler,EUROC,"V1_01_easy,V1_02_medium",source_validation_selection,WITHIN_EUROC
B3_RIDGE_QF_QW_lag25_alpha1e-06_valgrp_EUROC_FIREFLY_VICON_ROOM1,Ridge+SourceStandardScaler,EUROC,"V2_01_easy,V2_02_medium,V2_03_difficult",source_validation_selection,WITHIN_EUROC
B3_RIDGE_QF_QW_lag25_alpha1e-06_valgrp_EUROC_FIREFLY_VICON_ROOM2,Ridge+SourceStandardScaler,EUROC,"V1_01_easy,V1_02_medium",source_validation_selection,WITHIN_EUROC
B3_RIDGE_QF_QW_lag25_alpha0.0001_valgrp_EUROC_FIREFLY_VICON_ROOM1,Ridge+SourceStandardScaler,EUROC,"V2_01_easy,V2_02_medium,V2_03_difficult",source_validation_selection,WITHIN_EUROC
B3_RIDGE_QF_QW_lag25_alpha0.0001_valgrp_EUROC_FIREFLY_VICON_ROOM2,Ridge+SourceStandardScaler,EUROC,"V1_01_easy,V1_02_medium",source_validation_selection,WITHIN_EUROC
B3_RIDGE_QF_QW_lag25_alpha0.01_valgrp_EUROC_FIREFLY_VICON_ROOM1,Ridge+SourceStandardScaler,EUROC,"V2_01_easy,V2_02_medium,V2_03_difficult",source_validation_selection,WITHIN_EUROC
B3_RIDGE_QF_QW_lag25_alpha0.01_valgrp_EUROC_FIREFLY_VICON_ROOM2,Ridge+SourceStandardScaler,EUROC,"V1_01_easy,V1_02_medium",source_validation_selection,WITHIN_EUROC
B3_RIDGE_QF_QW_lag25_alpha1.0_valgrp_EUROC_FIREFLY_VICON_ROOM1,Ridge+SourceStandardScaler,EUROC,"V2_01_easy,V2_02_medium,V2_03_difficult",source_validation_selection,WITHIN_EUROC
B3_RIDGE_QF_QW_lag25_alpha1.0_valgrp_EUROC_FIREFLY_VICON_ROOM2,Ridge+SourceStandardScaler,EUROC,"V1_01_easy,V1_02_medium",source_validation_selection,WITHIN_EUROC
B3_RIDGE_QF_QW_lag25_alpha100.0_valgrp_EUROC_FIREFLY_VICON_ROOM1,Ridge+SourceStandardScaler,EUROC,"V2_01_easy,V2_02_medium,V2_03_difficult",source_validation_selection,WITHIN_EUROC
B3_RIDGE_QF_QW_lag25_alpha100.0_valgrp_EUROC_FIREFLY_VICON_ROOM2,Ridge+SourceStandardScaler,EUROC,"V1_01_easy,V1_02_medium",source_validation_selection,WITHIN_EUROC
B3_RIDGE_QF_QW_lag50_alpha1e-06_valgrp_EUROC_FIREFLY_VICON_ROOM1,Ridge+SourceStandardScaler,EUROC,"V2_01_easy,V2_02_medium,V2_03_difficult",source_validation_selection,WITHIN_EUROC
B3_RIDGE_QF_QW_lag50_alpha1e-06_valgrp_EUROC_FIREFLY_VICON_ROOM2,Ridge+SourceStandardScaler,EUROC,"V1_01_easy,V1_02_medium",source_validation_selection,WITHIN_EUROC
B3_RIDGE_QF_QW_lag50_alpha0.0001_valgrp_EUROC_FIREFLY_VICON_ROOM1,Ridge+SourceStandardScaler,EUROC,"V2_01_easy,V2_02_medium,V2_03_difficult",source_validation_selection,WITHIN_EUROC
B3_RIDGE_QF_QW_lag50_alpha0.0001_valgrp_EUROC_FIREFLY_VICON_ROOM2,Ridge+SourceStandardScaler,EUROC,"V1_01_easy,V1_02_medium",source_validation_selection,WITHIN_EUROC
B3_RIDGE_QF_QW_lag50_alpha0.01_valgrp_EUROC_FIREFLY_VICON_ROOM1,Ridge+SourceStandardScaler,EUROC,"V2_01_easy,V2_02_medium,V2_03_difficult",source_validation_selection,WITHIN_EUROC
B3_RIDGE_QF_QW_lag50_alpha0.01_valgrp_EUROC_FIREFLY_VICON_ROOM2,Ridge+SourceStandardScaler,EUROC,"V1_01_easy,V1_02_medium",source_validation_selection,WITHIN_EUROC
B3_RIDGE_QF_QW_lag50_alpha1.0_valgrp_EUROC_FIREFLY_VICON_ROOM1,Ridge+SourceStandardScaler,EUROC,"V2_01_easy,V2_02_medium,V2_03_difficult",source_validation_selection,WITHIN_EUROC
B3_RIDGE_QF_QW_lag50_alpha1.0_valgrp_EUROC_FIREFLY_VICON_ROOM2,Ridge+SourceStandardScaler,EUROC,"V1_01_easy,V1_02_medium",source_validation_selection,WITHIN_EUROC
B3_RIDGE_QF_QW_lag50_alpha100.0_valgrp_EUROC_FIREFLY_VICON_ROOM1,Ridge+SourceStandardScaler,EUROC,"V2_01_easy,V2_02_medium,V2_03_difficult",source_validation_selection,WITHIN_EUROC
B3_RIDGE_QF_QW_lag50_alpha100.0_valgrp_EUROC_FIREFLY_VICON_ROOM2,Ridge+SourceStandardScaler,EUROC,"V1_01_easy,V1_02_medium",source_validation_selection,WITHIN_EUROC
B3_RIDGE_QF_QW_lag100_alpha1e-06_valgrp_EUROC_FIREFLY_VICON_ROOM1,Ridge+SourceStandardScaler,EUROC,"V2_01_easy,V2_02_medium,V2_03_difficult",source_validation_selection,WITHIN_EUROC
B3_RIDGE_QF_QW_lag100_alpha1e-06_valgrp_EUROC_FIREFLY_VICON_ROOM2,Ridge+SourceStandardScaler,EUROC,"V1_01_easy,V1_02_medium",source_validation_selection,WITHIN_EUROC
B3_RIDGE_QF_QW_lag100_alpha0.0001_valgrp_EUROC_FIREFLY_VICON_ROOM1,Ridge+SourceStandardScaler,EUROC,"V2_01_easy,V2_02_medium,V2_03_difficult",source_validation_selection,WITHIN_EUROC
B3_RIDGE_QF_QW_lag100_alpha0.0001_valgrp_EUROC_FIREFLY_VICON_ROOM2,Ridge+SourceStandardScaler,EUROC,"V1_01_easy,V1_02_medium",source_validation_selection,WITHIN_EUROC
B3_RIDGE_QF_QW_lag100_alpha0.01_valgrp_EUROC_FIREFLY_VICON_ROOM1,Ridge+SourceStandardScaler,EUROC,"V2_01_easy,V2_02_medium,V2_03_difficult",source_validation_selection,WITHIN_EUROC
B3_RIDGE_QF_QW_lag100_alpha0.01_valgrp_EUROC_FIREFLY_VICON_ROOM2,Ridge+SourceStandardScaler,EUROC,"V1_01_easy,V1_02_medium",source_validation_selection,WITHIN_EUROC
B3_RIDGE_QF_QW_lag100_alpha1.0_valgrp_EUROC_FIREFLY_VICON_ROOM1,Ridge+SourceStandardScaler,EUROC,"V2_01_easy,V2_02_medium,V2_03_difficult",source_validation_selection,WITHIN_EUROC
B3_RIDGE_QF_QW_lag100_alpha1.0_valgrp_EUROC_FIREFLY_VICON_ROOM2,Ridge+SourceStandardScaler,EUROC,"V1_01_easy,V1_02_medium",source_validation_selection,WITHIN_EUROC
B3_RIDGE_QF_QW_lag100_alpha100.0_valgrp_EUROC_FIREFLY_VICON_ROOM1,Ridge+SourceStandardScaler,EUROC,"V2_01_easy,V2_02_medium,V2_03_difficult",source_validation_selection,WITHIN_EUROC
B3_RIDGE_QF_QW_lag100_alpha100.0_valgrp_EUROC_FIREFLY_VICON_ROOM2,Ridge+SourceStandardScaler,EUROC,"V1_01_easy,V1_02_medium",source_validation_selection,WITHIN_EUROC
EUROC_LORO_03_V1_03_difficult_B3_RIDGE_QF_QW_final,Ridge+SourceStandardScaler,EUROC,"V1_01_easy,V1_02_medium,V2_01_easy,V2_02_medium,V2_03_difficult",within_loro_final_refit,WITHIN_EUROC
B2_RIDGE_QF_lag10_alpha1e-06_valgrp_EUROC_FIREFLY_VICON_ROOM1,Ridge+SourceStandardScaler,EUROC,"V2_02_medium,V2_03_difficult",source_validation_selection,WITHIN_EUROC
B2_RIDGE_QF_lag10_alpha1e-06_valgrp_EUROC_FIREFLY_VICON_ROOM2,Ridge+SourceStandardScaler,EUROC,"V1_01_easy,V1_02_medium,V1_03_difficult",source_validation_selection,WITHIN_EUROC
B2_RIDGE_QF_lag10_alpha0.0001_valgrp_EUROC_FIREFLY_VICON_ROOM1,Ridge+SourceStandardScaler,EUROC,"V2_02_medium,V2_03_difficult",source_validation_selection,WITHIN_EUROC
B2_RIDGE_QF_lag10_alpha0.0001_valgrp_EUROC_FIREFLY_VICON_ROOM2,Ridge+SourceStandardScaler,EUROC,"V1_01_easy,V1_02_medium,V1_03_difficult",source_validation_selection,WITHIN_EUROC
B2_RIDGE_QF_lag10_alpha0.01_valgrp_EUROC_FIREFLY_VICON_ROOM1,Ridge+SourceStandardScaler,EUROC,"V2_02_medium,V2_03_difficult",source_validation_selection,WITHIN_EUROC
B2_RIDGE_QF_lag10_alpha0.01_valgrp_EUROC_FIREFLY_VICON_ROOM2,Ridge+SourceStandardScaler,EUROC,"V1_01_easy,V1_02_medium,V1_03_difficult",source_validation_selection,WITHIN_EUROC
B2_RIDGE_QF_lag10_alpha1.0_valgrp_EUROC_FIREFLY_VICON_ROOM1,Ridge+SourceStandardScaler,EUROC,"V2_02_medium,V2_03_difficult",source_validation_selection,WITHIN_EUROC
B2_RIDGE_QF_lag10_alpha1.0_valgrp_EUROC_FIREFLY_VICON_ROOM2,Ridge+SourceStandardScaler,EUROC,"V1_01_easy,V1_02_medium,V1_03_difficult",source_validation_selection,WITHIN_EUROC
B2_RIDGE_QF_lag10_alpha100.0_valgrp_EUROC_FIREFLY_VICON_ROOM1,Ridge+SourceStandardScaler,EUROC,"V2_02_medium,V2_03_difficult",source_validation_selection,WITHIN_EUROC
B2_RIDGE_QF_lag10_alpha100.0_valgrp_EUROC_FIREFLY_VICON_ROOM2,Ridge+SourceStandardScaler,EUROC,"V1_01_easy,V1_02_medium,V1_03_difficult",source_validation_selection,WITHIN_EUROC
B2_RIDGE_QF_lag25_alpha1e-06_valgrp_EUROC_FIREFLY_VICON_ROOM1,Ridge+SourceStandardScaler,EUROC,"V2_02_medium,V2_03_difficult",source_validation_selection,WITHIN_EUROC
B2_RIDGE_QF_lag25_alpha1e-06_valgrp_EUROC_FIREFLY_VICON_ROOM2,Ridge+SourceStandardScaler,EUROC,"V1_01_easy,V1_02_medium,V1_03_difficult",source_validation_selection,WITHIN_EUROC
B2_RIDGE_QF_lag25_alpha0.0001_valgrp_EUROC_FIREFLY_VICON_ROOM1,Ridge+SourceStandardScaler,EUROC,"V2_02_medium,V2_03_difficult",source_validation_selection,WITHIN_EUROC
B2_RIDGE_QF_lag25_alpha0.0001_valgrp_EUROC_FIREFLY_VICON_ROOM2,Ridge+SourceStandardScaler,EUROC,"V1_01_easy,V1_02_medium,V1_03_difficult",source_validation_selection,WITHIN_EUROC
B2_RIDGE_QF_lag25_alpha0.01_valgrp_EUROC_FIREFLY_VICON_ROOM1,Ridge+SourceStandardScaler,EUROC,"V2_02_medium,V2_03_difficult",source_validation_selection,WITHIN_EUROC
B2_RIDGE_QF_lag25_alpha0.01_valgrp_EUROC_FIREFLY_VICON_ROOM2,Ridge+SourceStandardScaler,EUROC,"V1_01_easy,V1_02_medium,V1_03_difficult",source_validation_selection,WITHIN_EUROC
B2_RIDGE_QF_lag25_alpha1.0_valgrp_EUROC_FIREFLY_VICON_ROOM1,Ridge+SourceStandardScaler,EUROC,"V2_02_medium,V2_03_difficult",source_validation_selection,WITHIN_EUROC
B2_RIDGE_QF_lag25_alpha1.0_valgrp_EUROC_FIREFLY_VICON_ROOM2,Ridge+SourceStandardScaler,EUROC,"V1_01_easy,V1_02_medium,V1_03_difficult",source_validation_selection,WITHIN_EUROC
B2_RIDGE_QF_lag25_alpha100.0_valgrp_EUROC_FIREFLY_VICON_ROOM1,Ridge+SourceStandardScaler,EUROC,"V2_02_medium,V2_03_difficult",source_validation_selection,WITHIN_EUROC
B2_RIDGE_QF_lag25_alpha100.0_valgrp_EUROC_FIREFLY_VICON_ROOM2,Ridge+SourceStandardScaler,EUROC,"V1_01_easy,V1_02_medium,V1_03_difficult",source_validation_selection,WITHIN_EUROC
B2_RIDGE_QF_lag50_alpha1e-06_valgrp_EUROC_FIREFLY_VICON_ROOM1,Ridge+SourceStandardScaler,EUROC,"V2_02_medium,V2_03_difficult",source_validation_selection,WITHIN_EUROC
B2_RIDGE_QF_lag50_alpha1e-06_valgrp_EUROC_FIREFLY_VICON_ROOM2,Ridge+SourceStandardScaler,EUROC,"V1_01_easy,V1_02_medium,V1_03_difficult",source_validation_selection,WITHIN_EUROC
B2_RIDGE_QF_lag50_alpha0.0001_valgrp_EUROC_FIREFLY_VICON_ROOM1,Ridge+SourceStandardScaler,EUROC,"V2_02_medium,V2_03_difficult",source_validation_selection,WITHIN_EUROC
B2_RIDGE_QF_lag50_alpha0.0001_valgrp_EUROC_FIREFLY_VICON_ROOM2,Ridge+SourceStandardScaler,EUROC,"V1_01_easy,V1_02_medium,V1_03_difficult",source_validation_selection,WITHIN_EUROC
B2_RIDGE_QF_lag50_alpha0.01_valgrp_EUROC_FIREFLY_VICON_ROOM1,Ridge+SourceStandardScaler,EUROC,"V2_02_medium,V2_03_difficult",source_validation_selection,WITHIN_EUROC
B2_RIDGE_QF_lag50_alpha0.01_valgrp_EUROC_FIREFLY_VICON_ROOM2,Ridge+SourceStandardScaler,EUROC,"V1_01_easy,V1_02_medium,V1_03_difficult",source_validation_selection,WITHIN_EUROC
B2_RIDGE_QF_lag50_alpha1.0_valgrp_EUROC_FIREFLY_VICON_ROOM1,Ridge+SourceStandardScaler,EUROC,"V2_02_medium,V2_03_difficult",source_validation_selection,WITHIN_EUROC
B2_RIDGE_QF_lag50_alpha1.0_valgrp_EUROC_FIREFLY_VICON_ROOM2,Ridge+SourceStandardScaler,EUROC,"V1_01_easy,V1_02_medium,V1_03_difficult",source_validation_selection,WITHIN_EUROC
B2_RIDGE_QF_lag50_alpha100.0_valgrp_EUROC_FIREFLY_VICON_ROOM1,Ridge+SourceStandardScaler,EUROC,"V2_02_medium,V2_03_difficult",source_validation_selection,WITHIN_EUROC
B2_RIDGE_QF_lag50_alpha100.0_valgrp_EUROC_FIREFLY_VICON_ROOM2,Ridge+SourceStandardScaler,EUROC,"V1_01_easy,V1_02_medium,V1_03_difficult",source_validation_selection,WITHIN_EUROC
B2_RIDGE_QF_lag100_alpha1e-06_valgrp_EUROC_FIREFLY_VICON_ROOM1,Ridge+SourceStandardScaler,EUROC,"V2_02_medium,V2_03_difficult",source_validation_selection,WITHIN_EUROC
B2_RIDGE_QF_lag100_alpha1e-06_valgrp_EUROC_FIREFLY_VICON_ROOM2,Ridge+SourceStandardScaler,EUROC,"V1_01_easy,V1_02_medium,V1_03_difficult",source_validation_selection,WITHIN_EUROC
B2_RIDGE_QF_lag100_alpha0.0001_valgrp_EUROC_FIREFLY_VICON_ROOM1,Ridge+SourceStandardScaler,EUROC,"V2_02_medium,V2_03_difficult",source_validation_selection,WITHIN_EUROC
B2_RIDGE_QF_lag100_alpha0.0001_valgrp_EUROC_FIREFLY_VICON_ROOM2,Ridge+SourceStandardScaler,EUROC,"V1_01_easy,V1_02_medium,V1_03_difficult",source_validation_selection,WITHIN_EUROC
B2_RIDGE_QF_lag100_alpha0.01_valgrp_EUROC_FIREFLY_VICON_ROOM1,Ridge+SourceStandardScaler,EUROC,"V2_02_medium,V2_03_difficult",source_validation_selection,WITHIN_EUROC
B2_RIDGE_QF_lag100_alpha0.01_valgrp_EUROC_FIREFLY_VICON_ROOM2,Ridge+SourceStandardScaler,EUROC,"V1_01_easy,V1_02_medium,V1_03_difficult",source_validation_selection,WITHIN_EUROC
B2_RIDGE_QF_lag100_alpha1.0_valgrp_EUROC_FIREFLY_VICON_ROOM1,Ridge+SourceStandardScaler,EUROC,"V2_02_medium,V2_03_difficult",source_validation_selection,WITHIN_EUROC
B2_RIDGE_QF_lag100_alpha1.0_valgrp_EUROC_FIREFLY_VICON_ROOM2,Ridge+SourceStandardScaler,EUROC,"V1_01_easy,V1_02_medium,V1_03_difficult",source_validation_selection,WITHIN_EUROC
B2_RIDGE_QF_lag100_alpha100.0_valgrp_EUROC_FIREFLY_VICON_ROOM1,Ridge+SourceStandardScaler,EUROC,"V2_02_medium,V2_03_difficult",source_validation_selection,WITHIN_EUROC
B2_RIDGE_QF_lag100_alpha100.0_valgrp_EUROC_FIREFLY_VICON_ROOM2,Ridge+SourceStandardScaler,EUROC,"V1_01_easy,V1_02_medium,V1_03_difficult",source_validation_selection,WITHIN_EUROC
EUROC_LORO_04_V2_01_easy_B2_RIDGE_QF_final,Ridge+SourceStandardScaler,EUROC,"V1_01_easy,V1_02_medium,V1_03_difficult,V2_02_medium,V2_03_difficult",within_loro_final_refit,WITHIN_EUROC
B3_RIDGE_QF_QW_lag10_alpha1e-06_valgrp_EUROC_FIREFLY_VICON_ROOM1,Ridge+SourceStandardScaler,EUROC,"V2_02_medium,V2_03_difficult",source_validation_selection,WITHIN_EUROC
B3_RIDGE_QF_QW_lag10_alpha1e-06_valgrp_EUROC_FIREFLY_VICON_ROOM2,Ridge+SourceStandardScaler,EUROC,"V1_01_easy,V1_02_medium,V1_03_difficult",source_validation_selection,WITHIN_EUROC
B3_RIDGE_QF_QW_lag10_alpha0.0001_valgrp_EUROC_FIREFLY_VICON_ROOM1,Ridge+SourceStandardScaler,EUROC,"V2_02_medium,V2_03_difficult",source_validation_selection,WITHIN_EUROC
B3_RIDGE_QF_QW_lag10_alpha0.0001_valgrp_EUROC_FIREFLY_VICON_ROOM2,Ridge+SourceStandardScaler,EUROC,"V1_01_easy,V1_02_medium,V1_03_difficult",source_validation_selection,WITHIN_EUROC
B3_RIDGE_QF_QW_lag10_alpha0.01_valgrp_EUROC_FIREFLY_VICON_ROOM1,Ridge+SourceStandardScaler,EUROC,"V2_02_medium,V2_03_difficult",source_validation_selection,WITHIN_EUROC
B3_RIDGE_QF_QW_lag10_alpha0.01_valgrp_EUROC_FIREFLY_VICON_ROOM2,Ridge+SourceStandardScaler,EUROC,"V1_01_easy,V1_02_medium,V1_03_difficult",source_validation_selection,WITHIN_EUROC
B3_RIDGE_QF_QW_lag10_alpha1.0_valgrp_EUROC_FIREFLY_VICON_ROOM1,Ridge+SourceStandardScaler,EUROC,"V2_02_medium,V2_03_difficult",source_validation_selection,WITHIN_EUROC
B3_RIDGE_QF_QW_lag10_alpha1.0_valgrp_EUROC_FIREFLY_VICON_ROOM2,Ridge+SourceStandardScaler,EUROC,"V1_01_easy,V1_02_medium,V1_03_difficult",source_validation_selection,WITHIN_EUROC
B3_RIDGE_QF_QW_lag10_alpha100.0_valgrp_EUROC_FIREFLY_VICON_ROOM1,Ridge+SourceStandardScaler,EUROC,"V2_02_medium,V2_03_difficult",source_validation_selection,WITHIN_EUROC
B3_RIDGE_QF_QW_lag10_alpha100.0_valgrp_EUROC_FIREFLY_VICON_ROOM2,Ridge+SourceStandardScaler,EUROC,"V1_01_easy,V1_02_medium,V1_03_difficult",source_validation_selection,WITHIN_EUROC
B3_RIDGE_QF_QW_lag25_alpha1e-06_valgrp_EUROC_FIREFLY_VICON_ROOM1,Ridge+SourceStandardScaler,EUROC,"V2_02_medium,V2_03_difficult",source_validation_selection,WITHIN_EUROC
B3_RIDGE_QF_QW_lag25_alpha1e-06_valgrp_EUROC_FIREFLY_VICON_ROOM2,Ridge+SourceStandardScaler,EUROC,"V1_01_easy,V1_02_medium,V1_03_difficult",source_validation_selection,WITHIN_EUROC
B3_RIDGE_QF_QW_lag25_alpha0.0001_valgrp_EUROC_FIREFLY_VICON_ROOM1,Ridge+SourceStandardScaler,EUROC,"V2_02_medium,V2_03_difficult",source_validation_selection,WITHIN_EUROC
B3_RIDGE_QF_QW_lag25_alpha0.0001_valgrp_EUROC_FIREFLY_VICON_ROOM2,Ridge+SourceStandardScaler,EUROC,"V1_01_easy,V1_02_medium,V1_03_difficult",source_validation_selection,WITHIN_EUROC
B3_RIDGE_QF_QW_lag25_alpha0.01_valgrp_EUROC_FIREFLY_VICON_ROOM1,Ridge+SourceStandardScaler,EUROC,"V2_02_medium,V2_03_difficult",source_validation_selection,WITHIN_EUROC
B3_RIDGE_QF_QW_lag25_alpha0.01_valgrp_EUROC_FIREFLY_VICON_ROOM2,Ridge+SourceStandardScaler,EUROC,"V1_01_easy,V1_02_medium,V1_03_difficult",source_validation_selection,WITHIN_EUROC
B3_RIDGE_QF_QW_lag25_alpha1.0_valgrp_EUROC_FIREFLY_VICON_ROOM1,Ridge+SourceStandardScaler,EUROC,"V2_02_medium,V2_03_difficult",source_validation_selection,WITHIN_EUROC
B3_RIDGE_QF_QW_lag25_alpha1.0_valgrp_EUROC_FIREFLY_VICON_ROOM2,Ridge+SourceStandardScaler,EUROC,"V1_01_easy,V1_02_medium,V1_03_difficult",source_validation_selection,WITHIN_EUROC
B3_RIDGE_QF_QW_lag25_alpha100.0_valgrp_EUROC_FIREFLY_VICON_ROOM1,Ridge+SourceStandardScaler,EUROC,"V2_02_medium,V2_03_difficult",source_validation_selection,WITHIN_EUROC
B3_RIDGE_QF_QW_lag25_alpha100.0_valgrp_EUROC_FIREFLY_VICON_ROOM2,Ridge+SourceStandardScaler,EUROC,"V1_01_easy,V1_02_medium,V1_03_difficult",source_validation_selection,WITHIN_EUROC
B3_RIDGE_QF_QW_lag50_alpha1e-06_valgrp_EUROC_FIREFLY_VICON_ROOM1,Ridge+SourceStandardScaler,EUROC,"V2_02_medium,V2_03_difficult",source_validation_selection,WITHIN_EUROC
B3_RIDGE_QF_QW_lag50_alpha1e-06_valgrp_EUROC_FIREFLY_VICON_ROOM2,Ridge+SourceStandardScaler,EUROC,"V1_01_easy,V1_02_medium,V1_03_difficult",source_validation_selection,WITHIN_EUROC
B3_RIDGE_QF_QW_lag50_alpha0.0001_valgrp_EUROC_FIREFLY_VICON_ROOM1,Ridge+SourceStandardScaler,EUROC,"V2_02_medium,V2_03_difficult",source_validation_selection,WITHIN_EUROC
B3_RIDGE_QF_QW_lag50_alpha0.0001_valgrp_EUROC_FIREFLY_VICON_ROOM2,Ridge+SourceStandardScaler,EUROC,"V1_01_easy,V1_02_medium,V1_03_difficult",source_validation_selection,WITHIN_EUROC
B3_RIDGE_QF_QW_lag50_alpha0.01_valgrp_EUROC_FIREFLY_VICON_ROOM1,Ridge+SourceStandardScaler,EUROC,"V2_02_medium,V2_03_difficult",source_validation_selection,WITHIN_EUROC
B3_RIDGE_QF_QW_lag50_alpha0.01_valgrp_EUROC_FIREFLY_VICON_ROOM2,Ridge+SourceStandardScaler,EUROC,"V1_01_easy,V1_02_medium,V1_03_difficult",source_validation_selection,WITHIN_EUROC
B3_RIDGE_QF_QW_lag50_alpha1.0_valgrp_EUROC_FIREFLY_VICON_ROOM1,Ridge+SourceStandardScaler,EUROC,"V2_02_medium,V2_03_difficult",source_validation_selection,WITHIN_EUROC
B3_RIDGE_QF_QW_lag50_alpha1.0_valgrp_EUROC_FIREFLY_VICON_ROOM2,Ridge+SourceStandardScaler,EUROC,"V1_01_easy,V1_02_medium,V1_03_difficult",source_validation_selection,WITHIN_EUROC
B3_RIDGE_QF_QW_lag50_alpha100.0_valgrp_EUROC_FIREFLY_VICON_ROOM1,Ridge+SourceStandardScaler,EUROC,"V2_02_medium,V2_03_difficult",source_validation_selection,WITHIN_EUROC
B3_RIDGE_QF_QW_lag50_alpha100.0_valgrp_EUROC_FIREFLY_VICON_ROOM2,Ridge+SourceStandardScaler,EUROC,"V1_01_easy,V1_02_medium,V1_03_difficult",source_validation_selection,WITHIN_EUROC
B3_RIDGE_QF_QW_lag100_alpha1e-06_valgrp_EUROC_FIREFLY_VICON_ROOM1,Ridge+SourceStandardScaler,EUROC,"V2_02_medium,V2_03_difficult",source_validation_selection,WITHIN_EUROC
B3_RIDGE_QF_QW_lag100_alpha1e-06_valgrp_EUROC_FIREFLY_VICON_ROOM2,Ridge+SourceStandardScaler,EUROC,"V1_01_easy,V1_02_medium,V1_03_difficult",source_validation_selection,WITHIN_EUROC
B3_RIDGE_QF_QW_lag100_alpha0.0001_valgrp_EUROC_FIREFLY_VICON_ROOM1,Ridge+SourceStandardScaler,EUROC,"V2_02_medium,V2_03_difficult",source_validation_selection,WITHIN_EUROC
B3_RIDGE_QF_QW_lag100_alpha0.0001_valgrp_EUROC_FIREFLY_VICON_ROOM2,Ridge+SourceStandardScaler,EUROC,"V1_01_easy,V1_02_medium,V1_03_difficult",source_validation_selection,WITHIN_EUROC
B3_RIDGE_QF_QW_lag100_alpha0.01_valgrp_EUROC_FIREFLY_VICON_ROOM1,Ridge+SourceStandardScaler,EUROC,"V2_02_medium,V2_03_difficult",source_validation_selection,WITHIN_EUROC
B3_RIDGE_QF_QW_lag100_alpha0.01_valgrp_EUROC_FIREFLY_VICON_ROOM2,Ridge+SourceStandardScaler,EUROC,"V1_01_easy,V1_02_medium,V1_03_difficult",source_validation_selection,WITHIN_EUROC
B3_RIDGE_QF_QW_lag100_alpha1.0_valgrp_EUROC_FIREFLY_VICON_ROOM1,Ridge+SourceStandardScaler,EUROC,"V2_02_medium,V2_03_difficult",source_validation_selection,WITHIN_EUROC
B3_RIDGE_QF_QW_lag100_alpha1.0_valgrp_EUROC_FIREFLY_VICON_ROOM2,Ridge+SourceStandardScaler,EUROC,"V1_01_easy,V1_02_medium,V1_03_difficult",source_validation_selection,WITHIN_EUROC
B3_RIDGE_QF_QW_lag100_alpha100.0_valgrp_EUROC_FIREFLY_VICON_ROOM1,Ridge+SourceStandardScaler,EUROC,"V2_02_medium,V2_03_difficult",source_validation_selection,WITHIN_EUROC
B3_RIDGE_QF_QW_lag100_alpha100.0_valgrp_EUROC_FIREFLY_VICON_ROOM2,Ridge+SourceStandardScaler,EUROC,"V1_01_easy,V1_02_medium,V1_03_difficult",source_validation_selection,WITHIN_EUROC
EUROC_LORO_04_V2_01_easy_B3_RIDGE_QF_QW_final,Ridge+SourceStandardScaler,EUROC,"V1_01_easy,V1_02_medium,V1_03_difficult,V2_02_medium,V2_03_difficult",within_loro_final_refit,WITHIN_EUROC
B2_RIDGE_QF_lag10_alpha1e-06_valgrp_EUROC_FIREFLY_VICON_ROOM1,Ridge+SourceStandardScaler,EUROC,"V2_01_easy,V2_03_difficult",source_validation_selection,WITHIN_EUROC
B2_RIDGE_QF_lag10_alpha1e-06_valgrp_EUROC_FIREFLY_VICON_ROOM2,Ridge+SourceStandardScaler,EUROC,"V1_01_easy,V1_02_medium,V1_03_difficult",source_validation_selection,WITHIN_EUROC
B2_RIDGE_QF_lag10_alpha0.0001_valgrp_EUROC_FIREFLY_VICON_ROOM1,Ridge+SourceStandardScaler,EUROC,"V2_01_easy,V2_03_difficult",source_validation_selection,WITHIN_EUROC
B2_RIDGE_QF_lag10_alpha0.0001_valgrp_EUROC_FIREFLY_VICON_ROOM2,Ridge+SourceStandardScaler,EUROC,"V1_01_easy,V1_02_medium,V1_03_difficult",source_validation_selection,WITHIN_EUROC
B2_RIDGE_QF_lag10_alpha0.01_valgrp_EUROC_FIREFLY_VICON_ROOM1,Ridge+SourceStandardScaler,EUROC,"V2_01_easy,V2_03_difficult",source_validation_selection,WITHIN_EUROC
B2_RIDGE_QF_lag10_alpha0.01_valgrp_EUROC_FIREFLY_VICON_ROOM2,Ridge+SourceStandardScaler,EUROC,"V1_01_easy,V1_02_medium,V1_03_difficult",source_validation_selection,WITHIN_EUROC
B2_RIDGE_QF_lag10_alpha1.0_valgrp_EUROC_FIREFLY_VICON_ROOM1,Ridge+SourceStandardScaler,EUROC,"V2_01_easy,V2_03_difficult",source_validation_selection,WITHIN_EUROC
B2_RIDGE_QF_lag10_alpha1.0_valgrp_EUROC_FIREFLY_VICON_ROOM2,Ridge+SourceStandardScaler,EUROC,"V1_01_easy,V1_02_medium,V1_03_difficult",source_validation_selection,WITHIN_EUROC
B2_RIDGE_QF_lag10_alpha100.0_valgrp_EUROC_FIREFLY_VICON_ROOM1,Ridge+SourceStandardScaler,EUROC,"V2_01_easy,V2_03_difficult",source_validation_selection,WITHIN_EUROC
B2_RIDGE_QF_lag10_alpha100.0_valgrp_EUROC_FIREFLY_VICON_ROOM2,Ridge+SourceStandardScaler,EUROC,"V1_01_easy,V1_02_medium,V1_03_difficult",source_validation_selection,WITHIN_EUROC
B2_RIDGE_QF_lag25_alpha1e-06_valgrp_EUROC_FIREFLY_VICON_ROOM1,Ridge+SourceStandardScaler,EUROC,"V2_01_easy,V2_03_difficult",source_validation_selection,WITHIN_EUROC
B2_RIDGE_QF_lag25_alpha1e-06_valgrp_EUROC_FIREFLY_VICON_ROOM2,Ridge+SourceStandardScaler,EUROC,"V1_01_easy,V1_02_medium,V1_03_difficult",source_validation_selection,WITHIN_EUROC
B2_RIDGE_QF_lag25_alpha0.0001_valgrp_EUROC_FIREFLY_VICON_ROOM1,Ridge+SourceStandardScaler,EUROC,"V2_01_easy,V2_03_difficult",source_validation_selection,WITHIN_EUROC
B2_RIDGE_QF_lag25_alpha0.0001_valgrp_EUROC_FIREFLY_VICON_ROOM2,Ridge+SourceStandardScaler,EUROC,"V1_01_easy,V1_02_medium,V1_03_difficult",source_validation_selection,WITHIN_EUROC
B2_RIDGE_QF_lag25_alpha0.01_valgrp_EUROC_FIREFLY_VICON_ROOM1,Ridge+SourceStandardScaler,EUROC,"V2_01_easy,V2_03_difficult",source_validation_selection,WITHIN_EUROC
B2_RIDGE_QF_lag25_alpha0.01_valgrp_EUROC_FIREFLY_VICON_ROOM2,Ridge+SourceStandardScaler,EUROC,"V1_01_easy,V1_02_medium,V1_03_difficult",source_validation_selection,WITHIN_EUROC
B2_RIDGE_QF_lag25_alpha1.0_valgrp_EUROC_FIREFLY_VICON_ROOM1,Ridge+SourceStandardScaler,EUROC,"V2_01_easy,V2_03_difficult",source_validation_selection,WITHIN_EUROC
B2_RIDGE_QF_lag25_alpha1.0_valgrp_EUROC_FIREFLY_VICON_ROOM2,Ridge+SourceStandardScaler,EUROC,"V1_01_easy,V1_02_medium,V1_03_difficult",source_validation_selection,WITHIN_EUROC
B2_RIDGE_QF_lag25_alpha100.0_valgrp_EUROC_FIREFLY_VICON_ROOM1,Ridge+SourceStandardScaler,EUROC,"V2_01_easy,V2_03_difficult",source_validation_selection,WITHIN_EUROC
B2_RIDGE_QF_lag25_alpha100.0_valgrp_EUROC_FIREFLY_VICON_ROOM2,Ridge+SourceStandardScaler,EUROC,"V1_01_easy,V1_02_medium,V1_03_difficult",source_validation_selection,WITHIN_EUROC
B2_RIDGE_QF_lag50_alpha1e-06_valgrp_EUROC_FIREFLY_VICON_ROOM1,Ridge+SourceStandardScaler,EUROC,"V2_01_easy,V2_03_difficult",source_validation_selection,WITHIN_EUROC
B2_RIDGE_QF_lag50_alpha1e-06_valgrp_EUROC_FIREFLY_VICON_ROOM2,Ridge+SourceStandardScaler,EUROC,"V1_01_easy,V1_02_medium,V1_03_difficult",source_validation_selection,WITHIN_EUROC
B2_RIDGE_QF_lag50_alpha0.0001_valgrp_EUROC_FIREFLY_VICON_ROOM1,Ridge+SourceStandardScaler,EUROC,"V2_01_easy,V2_03_difficult",source_validation_selection,WITHIN_EUROC
B2_RIDGE_QF_lag50_alpha0.0001_valgrp_EUROC_FIREFLY_VICON_ROOM2,Ridge+SourceStandardScaler,EUROC,"V1_01_easy,V1_02_medium,V1_03_difficult",source_validation_selection,WITHIN_EUROC
B2_RIDGE_QF_lag50_alpha0.01_valgrp_EUROC_FIREFLY_VICON_ROOM1,Ridge+SourceStandardScaler,EUROC,"V2_01_easy,V2_03_difficult",source_validation_selection,WITHIN_EUROC
B2_RIDGE_QF_lag50_alpha0.01_valgrp_EUROC_FIREFLY_VICON_ROOM2,Ridge+SourceStandardScaler,EUROC,"V1_01_easy,V1_02_medium,V1_03_difficult",source_validation_selection,WITHIN_EUROC
B2_RIDGE_QF_lag50_alpha1.0_valgrp_EUROC_FIREFLY_VICON_ROOM1,Ridge+SourceStandardScaler,EUROC,"V2_01_easy,V2_03_difficult",source_validation_selection,WITHIN_EUROC
B2_RIDGE_QF_lag50_alpha1.0_valgrp_EUROC_FIREFLY_VICON_ROOM2,Ridge+SourceStandardScaler,EUROC,"V1_01_easy,V1_02_medium,V1_03_difficult",source_validation_selection,WITHIN_EUROC
B2_RIDGE_QF_lag50_alpha100.0_valgrp_EUROC_FIREFLY_VICON_ROOM1,Ridge+SourceStandardScaler,EUROC,"V2_01_easy,V2_03_difficult",source_validation_selection,WITHIN_EUROC
B2_RIDGE_QF_lag50_alpha100.0_valgrp_EUROC_FIREFLY_VICON_ROOM2,Ridge+SourceStandardScaler,EUROC,"V1_01_easy,V1_02_medium,V1_03_difficult",source_validation_selection,WITHIN_EUROC
B2_RIDGE_QF_lag100_alpha1e-06_valgrp_EUROC_FIREFLY_VICON_ROOM1,Ridge+SourceStandardScaler,EUROC,"V2_01_easy,V2_03_difficult",source_validation_selection,WITHIN_EUROC
B2_RIDGE_QF_lag100_alpha1e-06_valgrp_EUROC_FIREFLY_VICON_ROOM2,Ridge+SourceStandardScaler,EUROC,"V1_01_easy,V1_02_medium,V1_03_difficult",source_validation_selection,WITHIN_EUROC
B2_RIDGE_QF_lag100_alpha0.0001_valgrp_EUROC_FIREFLY_VICON_ROOM1,Ridge+SourceStandardScaler,EUROC,"V2_01_easy,V2_03_difficult",source_validation_selection,WITHIN_EUROC
B2_RIDGE_QF_lag100_alpha0.0001_valgrp_EUROC_FIREFLY_VICON_ROOM2,Ridge+SourceStandardScaler,EUROC,"V1_01_easy,V1_02_medium,V1_03_difficult",source_validation_selection,WITHIN_EUROC
B2_RIDGE_QF_lag100_alpha0.01_valgrp_EUROC_FIREFLY_VICON_ROOM1,Ridge+SourceStandardScaler,EUROC,"V2_01_easy,V2_03_difficult",source_validation_selection,WITHIN_EUROC
B2_RIDGE_QF_lag100_alpha0.01_valgrp_EUROC_FIREFLY_VICON_ROOM2,Ridge+SourceStandardScaler,EUROC,"V1_01_easy,V1_02_medium,V1_03_difficult",source_validation_selection,WITHIN_EUROC
B2_RIDGE_QF_lag100_alpha1.0_valgrp_EUROC_FIREFLY_VICON_ROOM1,Ridge+SourceStandardScaler,EUROC,"V2_01_easy,V2_03_difficult",source_validation_selection,WITHIN_EUROC
B2_RIDGE_QF_lag100_alpha1.0_valgrp_EUROC_FIREFLY_VICON_ROOM2,Ridge+SourceStandardScaler,EUROC,"V1_01_easy,V1_02_medium,V1_03_difficult",source_validation_selection,WITHIN_EUROC
B2_RIDGE_QF_lag100_alpha100.0_valgrp_EUROC_FIREFLY_VICON_ROOM1,Ridge+SourceStandardScaler,EUROC,"V2_01_easy,V2_03_difficult",source_validation_selection,WITHIN_EUROC
B2_RIDGE_QF_lag100_alpha100.0_valgrp_EUROC_FIREFLY_VICON_ROOM2,Ridge+SourceStandardScaler,EUROC,"V1_01_easy,V1_02_medium,V1_03_difficult",source_validation_selection,WITHIN_EUROC
EUROC_LORO_05_V2_02_medium_B2_RIDGE_QF_final,Ridge+SourceStandardScaler,EUROC,"V1_01_easy,V1_02_medium,V1_03_difficult,V2_01_easy,V2_03_difficult",within_loro_final_refit,WITHIN_EUROC
B3_RIDGE_QF_QW_lag10_alpha1e-06_valgrp_EUROC_FIREFLY_VICON_ROOM1,Ridge+SourceStandardScaler,EUROC,"V2_01_easy,V2_03_difficult",source_validation_selection,WITHIN_EUROC
B3_RIDGE_QF_QW_lag10_alpha1e-06_valgrp_EUROC_FIREFLY_VICON_ROOM2,Ridge+SourceStandardScaler,EUROC,"V1_01_easy,V1_02_medium,V1_03_difficult",source_validation_selection,WITHIN_EUROC
B3_RIDGE_QF_QW_lag10_alpha0.0001_valgrp_EUROC_FIREFLY_VICON_ROOM1,Ridge+SourceStandardScaler,EUROC,"V2_01_easy,V2_03_difficult",source_validation_selection,WITHIN_EUROC
B3_RIDGE_QF_QW_lag10_alpha0.0001_valgrp_EUROC_FIREFLY_VICON_ROOM2,Ridge+SourceStandardScaler,EUROC,"V1_01_easy,V1_02_medium,V1_03_difficult",source_validation_selection,WITHIN_EUROC
B3_RIDGE_QF_QW_lag10_alpha0.01_valgrp_EUROC_FIREFLY_VICON_ROOM1,Ridge+SourceStandardScaler,EUROC,"V2_01_easy,V2_03_difficult",source_validation_selection,WITHIN_EUROC
B3_RIDGE_QF_QW_lag10_alpha0.01_valgrp_EUROC_FIREFLY_VICON_ROOM2,Ridge+SourceStandardScaler,EUROC,"V1_01_easy,V1_02_medium,V1_03_difficult",source_validation_selection,WITHIN_EUROC
B3_RIDGE_QF_QW_lag10_alpha1.0_valgrp_EUROC_FIREFLY_VICON_ROOM1,Ridge+SourceStandardScaler,EUROC,"V2_01_easy,V2_03_difficult",source_validation_selection,WITHIN_EUROC
B3_RIDGE_QF_QW_lag10_alpha1.0_valgrp_EUROC_FIREFLY_VICON_ROOM2,Ridge+SourceStandardScaler,EUROC,"V1_01_easy,V1_02_medium,V1_03_difficult",source_validation_selection,WITHIN_EUROC
B3_RIDGE_QF_QW_lag10_alpha100.0_valgrp_EUROC_FIREFLY_VICON_ROOM1,Ridge+SourceStandardScaler,EUROC,"V2_01_easy,V2_03_difficult",source_validation_selection,WITHIN_EUROC
B3_RIDGE_QF_QW_lag10_alpha100.0_valgrp_EUROC_FIREFLY_VICON_ROOM2,Ridge+SourceStandardScaler,EUROC,"V1_01_easy,V1_02_medium,V1_03_difficult",source_validation_selection,WITHIN_EUROC
B3_RIDGE_QF_QW_lag25_alpha1e-06_valgrp_EUROC_FIREFLY_VICON_ROOM1,Ridge+SourceStandardScaler,EUROC,"V2_01_easy,V2_03_difficult",source_validation_selection,WITHIN_EUROC
B3_RIDGE_QF_QW_lag25_alpha1e-06_valgrp_EUROC_FIREFLY_VICON_ROOM2,Ridge+SourceStandardScaler,EUROC,"V1_01_easy,V1_02_medium,V1_03_difficult",source_validation_selection,WITHIN_EUROC
B3_RIDGE_QF_QW_lag25_alpha0.0001_valgrp_EUROC_FIREFLY_VICON_ROOM1,Ridge+SourceStandardScaler,EUROC,"V2_01_easy,V2_03_difficult",source_validation_selection,WITHIN_EUROC
B3_RIDGE_QF_QW_lag25_alpha0.0001_valgrp_EUROC_FIREFLY_VICON_ROOM2,Ridge+SourceStandardScaler,EUROC,"V1_01_easy,V1_02_medium,V1_03_difficult",source_validation_selection,WITHIN_EUROC
B3_RIDGE_QF_QW_lag25_alpha0.01_valgrp_EUROC_FIREFLY_VICON_ROOM1,Ridge+SourceStandardScaler,EUROC,"V2_01_easy,V2_03_difficult",source_validation_selection,WITHIN_EUROC
B3_RIDGE_QF_QW_lag25_alpha0.01_valgrp_EUROC_FIREFLY_VICON_ROOM2,Ridge+SourceStandardScaler,EUROC,"V1_01_easy,V1_02_medium,V1_03_difficult",source_validation_selection,WITHIN_EUROC
B3_RIDGE_QF_QW_lag25_alpha1.0_valgrp_EUROC_FIREFLY_VICON_ROOM1,Ridge+SourceStandardScaler,EUROC,"V2_01_easy,V2_03_difficult",source_validation_selection,WITHIN_EUROC
B3_RIDGE_QF_QW_lag25_alpha1.0_valgrp_EUROC_FIREFLY_VICON_ROOM2,Ridge+SourceStandardScaler,EUROC,"V1_01_easy,V1_02_medium,V1_03_difficult",source_validation_selection,WITHIN_EUROC
B3_RIDGE_QF_QW_lag25_alpha100.0_valgrp_EUROC_FIREFLY_VICON_ROOM1,Ridge+SourceStandardScaler,EUROC,"V2_01_easy,V2_03_difficult",source_validation_selection,WITHIN_EUROC
B3_RIDGE_QF_QW_lag25_alpha100.0_valgrp_EUROC_FIREFLY_VICON_ROOM2,Ridge+SourceStandardScaler,EUROC,"V1_01_easy,V1_02_medium,V1_03_difficult",source_validation_selection,WITHIN_EUROC
B3_RIDGE_QF_QW_lag50_alpha1e-06_valgrp_EUROC_FIREFLY_VICON_ROOM1,Ridge+SourceStandardScaler,EUROC,"V2_01_easy,V2_03_difficult",source_validation_selection,WITHIN_EUROC
B3_RIDGE_QF_QW_lag50_alpha1e-06_valgrp_EUROC_FIREFLY_VICON_ROOM2,Ridge+SourceStandardScaler,EUROC,"V1_01_easy,V1_02_medium,V1_03_difficult",source_validation_selection,WITHIN_EUROC
B3_RIDGE_QF_QW_lag50_alpha0.0001_valgrp_EUROC_FIREFLY_VICON_ROOM1,Ridge+SourceStandardScaler,EUROC,"V2_01_easy,V2_03_difficult",source_validation_selection,WITHIN_EUROC
B3_RIDGE_QF_QW_lag50_alpha0.0001_valgrp_EUROC_FIREFLY_VICON_ROOM2,Ridge+SourceStandardScaler,EUROC,"V1_01_easy,V1_02_medium,V1_03_difficult",source_validation_selection,WITHIN_EUROC
B3_RIDGE_QF_QW_lag50_alpha0.01_valgrp_EUROC_FIREFLY_VICON_ROOM1,Ridge+SourceStandardScaler,EUROC,"V2_01_easy,V2_03_difficult",source_validation_selection,WITHIN_EUROC
B3_RIDGE_QF_QW_lag50_alpha0.01_valgrp_EUROC_FIREFLY_VICON_ROOM2,Ridge+SourceStandardScaler,EUROC,"V1_01_easy,V1_02_medium,V1_03_difficult",source_validation_selection,WITHIN_EUROC
B3_RIDGE_QF_QW_lag50_alpha1.0_valgrp_EUROC_FIREFLY_VICON_ROOM1,Ridge+SourceStandardScaler,EUROC,"V2_01_easy,V2_03_difficult",source_validation_selection,WITHIN_EUROC
B3_RIDGE_QF_QW_lag50_alpha1.0_valgrp_EUROC_FIREFLY_VICON_ROOM2,Ridge+SourceStandardScaler,EUROC,"V1_01_easy,V1_02_medium,V1_03_difficult",source_validation_selection,WITHIN_EUROC
B3_RIDGE_QF_QW_lag50_alpha100.0_valgrp_EUROC_FIREFLY_VICON_ROOM1,Ridge+SourceStandardScaler,EUROC,"V2_01_easy,V2_03_difficult",source_validation_selection,WITHIN_EUROC
B3_RIDGE_QF_QW_lag50_alpha100.0_valgrp_EUROC_FIREFLY_VICON_ROOM2,Ridge+SourceStandardScaler,EUROC,"V1_01_easy,V1_02_medium,V1_03_difficult",source_validation_selection,WITHIN_EUROC
B3_RIDGE_QF_QW_lag100_alpha1e-06_valgrp_EUROC_FIREFLY_VICON_ROOM1,Ridge+SourceStandardScaler,EUROC,"V2_01_easy,V2_03_difficult",source_validation_selection,WITHIN_EUROC
B3_RIDGE_QF_QW_lag100_alpha1e-06_valgrp_EUROC_FIREFLY_VICON_ROOM2,Ridge+SourceStandardScaler,EUROC,"V1_01_easy,V1_02_medium,V1_03_difficult",source_validation_selection,WITHIN_EUROC
B3_RIDGE_QF_QW_lag100_alpha0.0001_valgrp_EUROC_FIREFLY_VICON_ROOM1,Ridge+SourceStandardScaler,EUROC,"V2_01_easy,V2_03_difficult",source_validation_selection,WITHIN_EUROC
B3_RIDGE_QF_QW_lag100_alpha0.0001_valgrp_EUROC_FIREFLY_VICON_ROOM2,Ridge+SourceStandardScaler,EUROC,"V1_01_easy,V1_02_medium,V1_03_difficult",source_validation_selection,WITHIN_EUROC
B3_RIDGE_QF_QW_lag100_alpha0.01_valgrp_EUROC_FIREFLY_VICON_ROOM1,Ridge+SourceStandardScaler,EUROC,"V2_01_easy,V2_03_difficult",source_validation_selection,WITHIN_EUROC
B3_RIDGE_QF_QW_lag100_alpha0.01_valgrp_EUROC_FIREFLY_VICON_ROOM2,Ridge+SourceStandardScaler,EUROC,"V1_01_easy,V1_02_medium,V1_03_difficult",source_validation_selection,WITHIN_EUROC
B3_RIDGE_QF_QW_lag100_alpha1.0_valgrp_EUROC_FIREFLY_VICON_ROOM1,Ridge+SourceStandardScaler,EUROC,"V2_01_easy,V2_03_difficult",source_validation_selection,WITHIN_EUROC
B3_RIDGE_QF_QW_lag100_alpha1.0_valgrp_EUROC_FIREFLY_VICON_ROOM2,Ridge+SourceStandardScaler,EUROC,"V1_01_easy,V1_02_medium,V1_03_difficult",source_validation_selection,WITHIN_EUROC
B3_RIDGE_QF_QW_lag100_alpha100.0_valgrp_EUROC_FIREFLY_VICON_ROOM1,Ridge+SourceStandardScaler,EUROC,"V2_01_easy,V2_03_difficult",source_validation_selection,WITHIN_EUROC
B3_RIDGE_QF_QW_lag100_alpha100.0_valgrp_EUROC_FIREFLY_VICON_ROOM2,Ridge+SourceStandardScaler,EUROC,"V1_01_easy,V1_02_medium,V1_03_difficult",source_validation_selection,WITHIN_EUROC
EUROC_LORO_05_V2_02_medium_B3_RIDGE_QF_QW_final,Ridge+SourceStandardScaler,EUROC,"V1_01_easy,V1_02_medium,V1_03_difficult,V2_01_easy,V2_03_difficult",within_loro_final_refit,WITHIN_EUROC
B2_RIDGE_QF_lag10_alpha1e-06_valgrp_EUROC_FIREFLY_VICON_ROOM1,Ridge+SourceStandardScaler,EUROC,"V2_01_easy,V2_02_medium",source_validation_selection,WITHIN_EUROC
B2_RIDGE_QF_lag10_alpha1e-06_valgrp_EUROC_FIREFLY_VICON_ROOM2,Ridge+SourceStandardScaler,EUROC,"V1_01_easy,V1_02_medium,V1_03_difficult",source_validation_selection,WITHIN_EUROC
B2_RIDGE_QF_lag10_alpha0.0001_valgrp_EUROC_FIREFLY_VICON_ROOM1,Ridge+SourceStandardScaler,EUROC,"V2_01_easy,V2_02_medium",source_validation_selection,WITHIN_EUROC
B2_RIDGE_QF_lag10_alpha0.0001_valgrp_EUROC_FIREFLY_VICON_ROOM2,Ridge+SourceStandardScaler,EUROC,"V1_01_easy,V1_02_medium,V1_03_difficult",source_validation_selection,WITHIN_EUROC
B2_RIDGE_QF_lag10_alpha0.01_valgrp_EUROC_FIREFLY_VICON_ROOM1,Ridge+SourceStandardScaler,EUROC,"V2_01_easy,V2_02_medium",source_validation_selection,WITHIN_EUROC
B2_RIDGE_QF_lag10_alpha0.01_valgrp_EUROC_FIREFLY_VICON_ROOM2,Ridge+SourceStandardScaler,EUROC,"V1_01_easy,V1_02_medium,V1_03_difficult",source_validation_selection,WITHIN_EUROC
B2_RIDGE_QF_lag10_alpha1.0_valgrp_EUROC_FIREFLY_VICON_ROOM1,Ridge+SourceStandardScaler,EUROC,"V2_01_easy,V2_02_medium",source_validation_selection,WITHIN_EUROC
B2_RIDGE_QF_lag10_alpha1.0_valgrp_EUROC_FIREFLY_VICON_ROOM2,Ridge+SourceStandardScaler,EUROC,"V1_01_easy,V1_02_medium,V1_03_difficult",source_validation_selection,WITHIN_EUROC
B2_RIDGE_QF_lag10_alpha100.0_valgrp_EUROC_FIREFLY_VICON_ROOM1,Ridge+SourceStandardScaler,EUROC,"V2_01_easy,V2_02_medium",source_validation_selection,WITHIN_EUROC
B2_RIDGE_QF_lag10_alpha100.0_valgrp_EUROC_FIREFLY_VICON_ROOM2,Ridge+SourceStandardScaler,EUROC,"V1_01_easy,V1_02_medium,V1_03_difficult",source_validation_selection,WITHIN_EUROC
B2_RIDGE_QF_lag25_alpha1e-06_valgrp_EUROC_FIREFLY_VICON_ROOM1,Ridge+SourceStandardScaler,EUROC,"V2_01_easy,V2_02_medium",source_validation_selection,WITHIN_EUROC
B2_RIDGE_QF_lag25_alpha1e-06_valgrp_EUROC_FIREFLY_VICON_ROOM2,Ridge+SourceStandardScaler,EUROC,"V1_01_easy,V1_02_medium,V1_03_difficult",source_validation_selection,WITHIN_EUROC
B2_RIDGE_QF_lag25_alpha0.0001_valgrp_EUROC_FIREFLY_VICON_ROOM1,Ridge+SourceStandardScaler,EUROC,"V2_01_easy,V2_02_medium",source_validation_selection,WITHIN_EUROC
B2_RIDGE_QF_lag25_alpha0.0001_valgrp_EUROC_FIREFLY_VICON_ROOM2,Ridge+SourceStandardScaler,EUROC,"V1_01_easy,V1_02_medium,V1_03_difficult",source_validation_selection,WITHIN_EUROC
B2_RIDGE_QF_lag25_alpha0.01_valgrp_EUROC_FIREFLY_VICON_ROOM1,Ridge+SourceStandardScaler,EUROC,"V2_01_easy,V2_02_medium",source_validation_selection,WITHIN_EUROC
B2_RIDGE_QF_lag25_alpha0.01_valgrp_EUROC_FIREFLY_VICON_ROOM2,Ridge+SourceStandardScaler,EUROC,"V1_01_easy,V1_02_medium,V1_03_difficult",source_validation_selection,WITHIN_EUROC
B2_RIDGE_QF_lag25_alpha1.0_valgrp_EUROC_FIREFLY_VICON_ROOM1,Ridge+SourceStandardScaler,EUROC,"V2_01_easy,V2_02_medium",source_validation_selection,WITHIN_EUROC
B2_RIDGE_QF_lag25_alpha1.0_valgrp_EUROC_FIREFLY_VICON_ROOM2,Ridge+SourceStandardScaler,EUROC,"V1_01_easy,V1_02_medium,V1_03_difficult",source_validation_selection,WITHIN_EUROC
B2_RIDGE_QF_lag25_alpha100.0_valgrp_EUROC_FIREFLY_VICON_ROOM1,Ridge+SourceStandardScaler,EUROC,"V2_01_easy,V2_02_medium",source_validation_selection,WITHIN_EUROC
B2_RIDGE_QF_lag25_alpha100.0_valgrp_EUROC_FIREFLY_VICON_ROOM2,Ridge+SourceStandardScaler,EUROC,"V1_01_easy,V1_02_medium,V1_03_difficult",source_validation_selection,WITHIN_EUROC
B2_RIDGE_QF_lag50_alpha1e-06_valgrp_EUROC_FIREFLY_VICON_ROOM1,Ridge+SourceStandardScaler,EUROC,"V2_01_easy,V2_02_medium",source_validation_selection,WITHIN_EUROC
B2_RIDGE_QF_lag50_alpha1e-06_valgrp_EUROC_FIREFLY_VICON_ROOM2,Ridge+SourceStandardScaler,EUROC,"V1_01_easy,V1_02_medium,V1_03_difficult",source_validation_selection,WITHIN_EUROC
B2_RIDGE_QF_lag50_alpha0.0001_valgrp_EUROC_FIREFLY_VICON_ROOM1,Ridge+SourceStandardScaler,EUROC,"V2_01_easy,V2_02_medium",source_validation_selection,WITHIN_EUROC
B2_RIDGE_QF_lag50_alpha0.0001_valgrp_EUROC_FIREFLY_VICON_ROOM2,Ridge+SourceStandardScaler,EUROC,"V1_01_easy,V1_02_medium,V1_03_difficult",source_validation_selection,WITHIN_EUROC
B2_RIDGE_QF_lag50_alpha0.01_valgrp_EUROC_FIREFLY_VICON_ROOM1,Ridge+SourceStandardScaler,EUROC,"V2_01_easy,V2_02_medium",source_validation_selection,WITHIN_EUROC
B2_RIDGE_QF_lag50_alpha0.01_valgrp_EUROC_FIREFLY_VICON_ROOM2,Ridge+SourceStandardScaler,EUROC,"V1_01_easy,V1_02_medium,V1_03_difficult",source_validation_selection,WITHIN_EUROC
B2_RIDGE_QF_lag50_alpha1.0_valgrp_EUROC_FIREFLY_VICON_ROOM1,Ridge+SourceStandardScaler,EUROC,"V2_01_easy,V2_02_medium",source_validation_selection,WITHIN_EUROC
B2_RIDGE_QF_lag50_alpha1.0_valgrp_EUROC_FIREFLY_VICON_ROOM2,Ridge+SourceStandardScaler,EUROC,"V1_01_easy,V1_02_medium,V1_03_difficult",source_validation_selection,WITHIN_EUROC
B2_RIDGE_QF_lag50_alpha100.0_valgrp_EUROC_FIREFLY_VICON_ROOM1,Ridge+SourceStandardScaler,EUROC,"V2_01_easy,V2_02_medium",source_validation_selection,WITHIN_EUROC
B2_RIDGE_QF_lag50_alpha100.0_valgrp_EUROC_FIREFLY_VICON_ROOM2,Ridge+SourceStandardScaler,EUROC,"V1_01_easy,V1_02_medium,V1_03_difficult",source_validation_selection,WITHIN_EUROC
B2_RIDGE_QF_lag100_alpha1e-06_valgrp_EUROC_FIREFLY_VICON_ROOM1,Ridge+SourceStandardScaler,EUROC,"V2_01_easy,V2_02_medium",source_validation_selection,WITHIN_EUROC
B2_RIDGE_QF_lag100_alpha1e-06_valgrp_EUROC_FIREFLY_VICON_ROOM2,Ridge+SourceStandardScaler,EUROC,"V1_01_easy,V1_02_medium,V1_03_difficult",source_validation_selection,WITHIN_EUROC
B2_RIDGE_QF_lag100_alpha0.0001_valgrp_EUROC_FIREFLY_VICON_ROOM1,Ridge+SourceStandardScaler,EUROC,"V2_01_easy,V2_02_medium",source_validation_selection,WITHIN_EUROC
B2_RIDGE_QF_lag100_alpha0.0001_valgrp_EUROC_FIREFLY_VICON_ROOM2,Ridge+SourceStandardScaler,EUROC,"V1_01_easy,V1_02_medium,V1_03_difficult",source_validation_selection,WITHIN_EUROC
B2_RIDGE_QF_lag100_alpha0.01_valgrp_EUROC_FIREFLY_VICON_ROOM1,Ridge+SourceStandardScaler,EUROC,"V2_01_easy,V2_02_medium",source_validation_selection,WITHIN_EUROC
B2_RIDGE_QF_lag100_alpha0.01_valgrp_EUROC_FIREFLY_VICON_ROOM2,Ridge+SourceStandardScaler,EUROC,"V1_01_easy,V1_02_medium,V1_03_difficult",source_validation_selection,WITHIN_EUROC
B2_RIDGE_QF_lag100_alpha1.0_valgrp_EUROC_FIREFLY_VICON_ROOM1,Ridge+SourceStandardScaler,EUROC,"V2_01_easy,V2_02_medium",source_validation_selection,WITHIN_EUROC
B2_RIDGE_QF_lag100_alpha1.0_valgrp_EUROC_FIREFLY_VICON_ROOM2,Ridge+SourceStandardScaler,EUROC,"V1_01_easy,V1_02_medium,V1_03_difficult",source_validation_selection,WITHIN_EUROC
B2_RIDGE_QF_lag100_alpha100.0_valgrp_EUROC_FIREFLY_VICON_ROOM1,Ridge+SourceStandardScaler,EUROC,"V2_01_easy,V2_02_medium",source_validation_selection,WITHIN_EUROC
B2_RIDGE_QF_lag100_alpha100.0_valgrp_EUROC_FIREFLY_VICON_ROOM2,Ridge+SourceStandardScaler,EUROC,"V1_01_easy,V1_02_medium,V1_03_difficult",source_validation_selection,WITHIN_EUROC
EUROC_LORO_06_V2_03_difficult_B2_RIDGE_QF_final,Ridge+SourceStandardScaler,EUROC,"V1_01_easy,V1_02_medium,V1_03_difficult,V2_01_easy,V2_02_medium",within_loro_final_refit,WITHIN_EUROC
B3_RIDGE_QF_QW_lag10_alpha1e-06_valgrp_EUROC_FIREFLY_VICON_ROOM1,Ridge+SourceStandardScaler,EUROC,"V2_01_easy,V2_02_medium",source_validation_selection,WITHIN_EUROC
B3_RIDGE_QF_QW_lag10_alpha1e-06_valgrp_EUROC_FIREFLY_VICON_ROOM2,Ridge+SourceStandardScaler,EUROC,"V1_01_easy,V1_02_medium,V1_03_difficult",source_validation_selection,WITHIN_EUROC
B3_RIDGE_QF_QW_lag10_alpha0.0001_valgrp_EUROC_FIREFLY_VICON_ROOM1,Ridge+SourceStandardScaler,EUROC,"V2_01_easy,V2_02_medium",source_validation_selection,WITHIN_EUROC
B3_RIDGE_QF_QW_lag10_alpha0.0001_valgrp_EUROC_FIREFLY_VICON_ROOM2,Ridge+SourceStandardScaler,EUROC,"V1_01_easy,V1_02_medium,V1_03_difficult",source_validation_selection,WITHIN_EUROC
B3_RIDGE_QF_QW_lag10_alpha0.01_valgrp_EUROC_FIREFLY_VICON_ROOM1,Ridge+SourceStandardScaler,EUROC,"V2_01_easy,V2_02_medium",source_validation_selection,WITHIN_EUROC
B3_RIDGE_QF_QW_lag10_alpha0.01_valgrp_EUROC_FIREFLY_VICON_ROOM2,Ridge+SourceStandardScaler,EUROC,"V1_01_easy,V1_02_medium,V1_03_difficult",source_validation_selection,WITHIN_EUROC
B3_RIDGE_QF_QW_lag10_alpha1.0_valgrp_EUROC_FIREFLY_VICON_ROOM1,Ridge+SourceStandardScaler,EUROC,"V2_01_easy,V2_02_medium",source_validation_selection,WITHIN_EUROC
B3_RIDGE_QF_QW_lag10_alpha1.0_valgrp_EUROC_FIREFLY_VICON_ROOM2,Ridge+SourceStandardScaler,EUROC,"V1_01_easy,V1_02_medium,V1_03_difficult",source_validation_selection,WITHIN_EUROC
B3_RIDGE_QF_QW_lag10_alpha100.0_valgrp_EUROC_FIREFLY_VICON_ROOM1,Ridge+SourceStandardScaler,EUROC,"V2_01_easy,V2_02_medium",source_validation_selection,WITHIN_EUROC
B3_RIDGE_QF_QW_lag10_alpha100.0_valgrp_EUROC_FIREFLY_VICON_ROOM2,Ridge+SourceStandardScaler,EUROC,"V1_01_easy,V1_02_medium,V1_03_difficult",source_validation_selection,WITHIN_EUROC
B3_RIDGE_QF_QW_lag25_alpha1e-06_valgrp_EUROC_FIREFLY_VICON_ROOM1,Ridge+SourceStandardScaler,EUROC,"V2_01_easy,V2_02_medium",source_validation_selection,WITHIN_EUROC
B3_RIDGE_QF_QW_lag25_alpha1e-06_valgrp_EUROC_FIREFLY_VICON_ROOM2,Ridge+SourceStandardScaler,EUROC,"V1_01_easy,V1_02_medium,V1_03_difficult",source_validation_selection,WITHIN_EUROC
B3_RIDGE_QF_QW_lag25_alpha0.0001_valgrp_EUROC_FIREFLY_VICON_ROOM1,Ridge+SourceStandardScaler,EUROC,"V2_01_easy,V2_02_medium",source_validation_selection,WITHIN_EUROC
B3_RIDGE_QF_QW_lag25_alpha0.0001_valgrp_EUROC_FIREFLY_VICON_ROOM2,Ridge+SourceStandardScaler,EUROC,"V1_01_easy,V1_02_medium,V1_03_difficult",source_validation_selection,WITHIN_EUROC
B3_RIDGE_QF_QW_lag25_alpha0.01_valgrp_EUROC_FIREFLY_VICON_ROOM1,Ridge+SourceStandardScaler,EUROC,"V2_01_easy,V2_02_medium",source_validation_selection,WITHIN_EUROC
B3_RIDGE_QF_QW_lag25_alpha0.01_valgrp_EUROC_FIREFLY_VICON_ROOM2,Ridge+SourceStandardScaler,EUROC,"V1_01_easy,V1_02_medium,V1_03_difficult",source_validation_selection,WITHIN_EUROC
B3_RIDGE_QF_QW_lag25_alpha1.0_valgrp_EUROC_FIREFLY_VICON_ROOM1,Ridge+SourceStandardScaler,EUROC,"V2_01_easy,V2_02_medium",source_validation_selection,WITHIN_EUROC
B3_RIDGE_QF_QW_lag25_alpha1.0_valgrp_EUROC_FIREFLY_VICON_ROOM2,Ridge+SourceStandardScaler,EUROC,"V1_01_easy,V1_02_medium,V1_03_difficult",source_validation_selection,WITHIN_EUROC
B3_RIDGE_QF_QW_lag25_alpha100.0_valgrp_EUROC_FIREFLY_VICON_ROOM1,Ridge+SourceStandardScaler,EUROC,"V2_01_easy,V2_02_medium",source_validation_selection,WITHIN_EUROC
B3_RIDGE_QF_QW_lag25_alpha100.0_valgrp_EUROC_FIREFLY_VICON_ROOM2,Ridge+SourceStandardScaler,EUROC,"V1_01_easy,V1_02_medium,V1_03_difficult",source_validation_selection,WITHIN_EUROC
B3_RIDGE_QF_QW_lag50_alpha1e-06_valgrp_EUROC_FIREFLY_VICON_ROOM1,Ridge+SourceStandardScaler,EUROC,"V2_01_easy,V2_02_medium",source_validation_selection,WITHIN_EUROC
B3_RIDGE_QF_QW_lag50_alpha1e-06_valgrp_EUROC_FIREFLY_VICON_ROOM2,Ridge+SourceStandardScaler,EUROC,"V1_01_easy,V1_02_medium,V1_03_difficult",source_validation_selection,WITHIN_EUROC
B3_RIDGE_QF_QW_lag50_alpha0.0001_valgrp_EUROC_FIREFLY_VICON_ROOM1,Ridge+SourceStandardScaler,EUROC,"V2_01_easy,V2_02_medium",source_validation_selection,WITHIN_EUROC
B3_RIDGE_QF_QW_lag50_alpha0.0001_valgrp_EUROC_FIREFLY_VICON_ROOM2,Ridge+SourceStandardScaler,EUROC,"V1_01_easy,V1_02_medium,V1_03_difficult",source_validation_selection,WITHIN_EUROC
B3_RIDGE_QF_QW_lag50_alpha0.01_valgrp_EUROC_FIREFLY_VICON_ROOM1,Ridge+SourceStandardScaler,EUROC,"V2_01_easy,V2_02_medium",source_validation_selection,WITHIN_EUROC
B3_RIDGE_QF_QW_lag50_alpha0.01_valgrp_EUROC_FIREFLY_VICON_ROOM2,Ridge+SourceStandardScaler,EUROC,"V1_01_easy,V1_02_medium,V1_03_difficult",source_validation_selection,WITHIN_EUROC
B3_RIDGE_QF_QW_lag50_alpha1.0_valgrp_EUROC_FIREFLY_VICON_ROOM1,Ridge+SourceStandardScaler,EUROC,"V2_01_easy,V2_02_medium",source_validation_selection,WITHIN_EUROC
B3_RIDGE_QF_QW_lag50_alpha1.0_valgrp_EUROC_FIREFLY_VICON_ROOM2,Ridge+SourceStandardScaler,EUROC,"V1_01_easy,V1_02_medium,V1_03_difficult",source_validation_selection,WITHIN_EUROC
B3_RIDGE_QF_QW_lag50_alpha100.0_valgrp_EUROC_FIREFLY_VICON_ROOM1,Ridge+SourceStandardScaler,EUROC,"V2_01_easy,V2_02_medium",source_validation_selection,WITHIN_EUROC
B3_RIDGE_QF_QW_lag50_alpha100.0_valgrp_EUROC_FIREFLY_VICON_ROOM2,Ridge+SourceStandardScaler,EUROC,"V1_01_easy,V1_02_medium,V1_03_difficult",source_validation_selection,WITHIN_EUROC
B3_RIDGE_QF_QW_lag100_alpha1e-06_valgrp_EUROC_FIREFLY_VICON_ROOM1,Ridge+SourceStandardScaler,EUROC,"V2_01_easy,V2_02_medium",source_validation_selection,WITHIN_EUROC
B3_RIDGE_QF_QW_lag100_alpha1e-06_valgrp_EUROC_FIREFLY_VICON_ROOM2,Ridge+SourceStandardScaler,EUROC,"V1_01_easy,V1_02_medium,V1_03_difficult",source_validation_selection,WITHIN_EUROC
B3_RIDGE_QF_QW_lag100_alpha0.0001_valgrp_EUROC_FIREFLY_VICON_ROOM1,Ridge+SourceStandardScaler,EUROC,"V2_01_easy,V2_02_medium",source_validation_selection,WITHIN_EUROC
B3_RIDGE_QF_QW_lag100_alpha0.0001_valgrp_EUROC_FIREFLY_VICON_ROOM2,Ridge+SourceStandardScaler,EUROC,"V1_01_easy,V1_02_medium,V1_03_difficult",source_validation_selection,WITHIN_EUROC
B3_RIDGE_QF_QW_lag100_alpha0.01_valgrp_EUROC_FIREFLY_VICON_ROOM1,Ridge+SourceStandardScaler,EUROC,"V2_01_easy,V2_02_medium",source_validation_selection,WITHIN_EUROC
B3_RIDGE_QF_QW_lag100_alpha0.01_valgrp_EUROC_FIREFLY_VICON_ROOM2,Ridge+SourceStandardScaler,EUROC,"V1_01_easy,V1_02_medium,V1_03_difficult",source_validation_selection,WITHIN_EUROC
B3_RIDGE_QF_QW_lag100_alpha1.0_valgrp_EUROC_FIREFLY_VICON_ROOM1,Ridge+SourceStandardScaler,EUROC,"V2_01_easy,V2_02_medium",source_validation_selection,WITHIN_EUROC
B3_RIDGE_QF_QW_lag100_alpha1.0_valgrp_EUROC_FIREFLY_VICON_ROOM2,Ridge+SourceStandardScaler,EUROC,"V1_01_easy,V1_02_medium,V1_03_difficult",source_validation_selection,WITHIN_EUROC
B3_RIDGE_QF_QW_lag100_alpha100.0_valgrp_EUROC_FIREFLY_VICON_ROOM1,Ridge+SourceStandardScaler,EUROC,"V2_01_easy,V2_02_medium",source_validation_selection,WITHIN_EUROC
B3_RIDGE_QF_QW_lag100_alpha100.0_valgrp_EUROC_FIREFLY_VICON_ROOM2,Ridge+SourceStandardScaler,EUROC,"V1_01_easy,V1_02_medium,V1_03_difficult",source_validation_selection,WITHIN_EUROC
EUROC_LORO_06_V2_03_difficult_B3_RIDGE_QF_QW_final,Ridge+SourceStandardScaler,EUROC,"V1_01_easy,V1_02_medium,V1_03_difficult,V2_01_easy,V2_02_medium",within_loro_final_refit,WITHIN_EUROC
B2_RIDGE_QF_lag10_alpha1e-06_valgrp_indoor_forward,Ridge+SourceStandardScaler,UZH_FPV,"indoor_45_13_snapdragon,indoor_45_14_snapdragon,indoor_45_2_snapdragon,indoor_45_4_snapdragon,outdoor_forward_1_snapdragon",source_validation_selection,WITHIN_UZH
B2_RIDGE_QF_lag10_alpha1e-06_valgrp_indoor_45,Ridge+SourceStandardScaler,UZH_FPV,"indoor_forward_10_snapdragon,indoor_forward_9_snapdragon,outdoor_forward_1_snapdragon",source_validation_selection,WITHIN_UZH
B2_RIDGE_QF_lag10_alpha1e-06_valgrp_outdoor_forward,Ridge+SourceStandardScaler,UZH_FPV,"indoor_45_13_snapdragon,indoor_45_14_snapdragon,indoor_45_2_snapdragon,indoor_45_4_snapdragon,indoor_forward_10_snapdragon,indoor_forward_9_snapdragon",source_validation_selection,WITHIN_UZH
B2_RIDGE_QF_lag10_alpha0.0001_valgrp_indoor_forward,Ridge+SourceStandardScaler,UZH_FPV,"indoor_45_13_snapdragon,indoor_45_14_snapdragon,indoor_45_2_snapdragon,indoor_45_4_snapdragon,outdoor_forward_1_snapdragon",source_validation_selection,WITHIN_UZH
B2_RIDGE_QF_lag10_alpha0.0001_valgrp_indoor_45,Ridge+SourceStandardScaler,UZH_FPV,"indoor_forward_10_snapdragon,indoor_forward_9_snapdragon,outdoor_forward_1_snapdragon",source_validation_selection,WITHIN_UZH
B2_RIDGE_QF_lag10_alpha0.0001_valgrp_outdoor_forward,Ridge+SourceStandardScaler,UZH_FPV,"indoor_45_13_snapdragon,indoor_45_14_snapdragon,indoor_45_2_snapdragon,indoor_45_4_snapdragon,indoor_forward_10_snapdragon,indoor_forward_9_snapdragon",source_validation_selection,WITHIN_UZH
B2_RIDGE_QF_lag10_alpha0.01_valgrp_indoor_forward,Ridge+SourceStandardScaler,UZH_FPV,"indoor_45_13_snapdragon,indoor_45_14_snapdragon,indoor_45_2_snapdragon,indoor_45_4_snapdragon,outdoor_forward_1_snapdragon",source_validation_selection,WITHIN_UZH
B2_RIDGE_QF_lag10_alpha0.01_valgrp_indoor_45,Ridge+SourceStandardScaler,UZH_FPV,"indoor_forward_10_snapdragon,indoor_forward_9_snapdragon,outdoor_forward_1_snapdragon",source_validation_selection,WITHIN_UZH
B2_RIDGE_QF_lag10_alpha0.01_valgrp_outdoor_forward,Ridge+SourceStandardScaler,UZH_FPV,"indoor_45_13_snapdragon,indoor_45_14_snapdragon,indoor_45_2_snapdragon,indoor_45_4_snapdragon,indoor_forward_10_snapdragon,indoor_forward_9_snapdragon",source_validation_selection,WITHIN_UZH
B2_RIDGE_QF_lag10_alpha1.0_valgrp_indoor_forward,Ridge+SourceStandardScaler,UZH_FPV,"indoor_45_13_snapdragon,indoor_45_14_snapdragon,indoor_45_2_snapdragon,indoor_45_4_snapdragon,outdoor_forward_1_snapdragon",source_validation_selection,WITHIN_UZH
B2_RIDGE_QF_lag10_alpha1.0_valgrp_indoor_45,Ridge+SourceStandardScaler,UZH_FPV,"indoor_forward_10_snapdragon,indoor_forward_9_snapdragon,outdoor_forward_1_snapdragon",source_validation_selection,WITHIN_UZH
B2_RIDGE_QF_lag10_alpha1.0_valgrp_outdoor_forward,Ridge+SourceStandardScaler,UZH_FPV,"indoor_45_13_snapdragon,indoor_45_14_snapdragon,indoor_45_2_snapdragon,indoor_45_4_snapdragon,indoor_forward_10_snapdragon,indoor_forward_9_snapdragon",source_validation_selection,WITHIN_UZH
B2_RIDGE_QF_lag10_alpha100.0_valgrp_indoor_forward,Ridge+SourceStandardScaler,UZH_FPV,"indoor_45_13_snapdragon,indoor_45_14_snapdragon,indoor_45_2_snapdragon,indoor_45_4_snapdragon,outdoor_forward_1_snapdragon",source_validation_selection,WITHIN_UZH
B2_RIDGE_QF_lag10_alpha100.0_valgrp_indoor_45,Ridge+SourceStandardScaler,UZH_FPV,"indoor_forward_10_snapdragon,indoor_forward_9_snapdragon,outdoor_forward_1_snapdragon",source_validation_selection,WITHIN_UZH
B2_RIDGE_QF_lag10_alpha100.0_valgrp_outdoor_forward,Ridge+SourceStandardScaler,UZH_FPV,"indoor_45_13_snapdragon,indoor_45_14_snapdragon,indoor_45_2_snapdragon,indoor_45_4_snapdragon,indoor_forward_10_snapdragon,indoor_forward_9_snapdragon",source_validation_selection,WITHIN_UZH
B2_RIDGE_QF_lag25_alpha1e-06_valgrp_indoor_forward,Ridge+SourceStandardScaler,UZH_FPV,"indoor_45_13_snapdragon,indoor_45_14_snapdragon,indoor_45_2_snapdragon,indoor_45_4_snapdragon,outdoor_forward_1_snapdragon",source_validation_selection,WITHIN_UZH
B2_RIDGE_QF_lag25_alpha1e-06_valgrp_indoor_45,Ridge+SourceStandardScaler,UZH_FPV,"indoor_forward_10_snapdragon,indoor_forward_9_snapdragon,outdoor_forward_1_snapdragon",source_validation_selection,WITHIN_UZH
B2_RIDGE_QF_lag25_alpha1e-06_valgrp_outdoor_forward,Ridge+SourceStandardScaler,UZH_FPV,"indoor_45_13_snapdragon,indoor_45_14_snapdragon,indoor_45_2_snapdragon,indoor_45_4_snapdragon,indoor_forward_10_snapdragon,indoor_forward_9_snapdragon",source_validation_selection,WITHIN_UZH
B2_RIDGE_QF_lag25_alpha0.0001_valgrp_indoor_forward,Ridge+SourceStandardScaler,UZH_FPV,"indoor_45_13_snapdragon,indoor_45_14_snapdragon,indoor_45_2_snapdragon,indoor_45_4_snapdragon,outdoor_forward_1_snapdragon",source_validation_selection,WITHIN_UZH
B2_RIDGE_QF_lag25_alpha0.0001_valgrp_indoor_45,Ridge+SourceStandardScaler,UZH_FPV,"indoor_forward_10_snapdragon,indoor_forward_9_snapdragon,outdoor_forward_1_snapdragon",source_validation_selection,WITHIN_UZH
B2_RIDGE_QF_lag25_alpha0.0001_valgrp_outdoor_forward,Ridge+SourceStandardScaler,UZH_FPV,"indoor_45_13_snapdragon,indoor_45_14_snapdragon,indoor_45_2_snapdragon,indoor_45_4_snapdragon,indoor_forward_10_snapdragon,indoor_forward_9_snapdragon",source_validation_selection,WITHIN_UZH
B2_RIDGE_QF_lag25_alpha0.01_valgrp_indoor_forward,Ridge+SourceStandardScaler,UZH_FPV,"indoor_45_13_snapdragon,indoor_45_14_snapdragon,indoor_45_2_snapdragon,indoor_45_4_snapdragon,outdoor_forward_1_snapdragon",source_validation_selection,WITHIN_UZH
B2_RIDGE_QF_lag25_alpha0.01_valgrp_indoor_45,Ridge+SourceStandardScaler,UZH_FPV,"indoor_forward_10_snapdragon,indoor_forward_9_snapdragon,outdoor_forward_1_snapdragon",source_validation_selection,WITHIN_UZH
B2_RIDGE_QF_lag25_alpha0.01_valgrp_outdoor_forward,Ridge+SourceStandardScaler,UZH_FPV,"indoor_45_13_snapdragon,indoor_45_14_snapdragon,indoor_45_2_snapdragon,indoor_45_4_snapdragon,indoor_forward_10_snapdragon,indoor_forward_9_snapdragon",source_validation_selection,WITHIN_UZH
B2_RIDGE_QF_lag25_alpha1.0_valgrp_indoor_forward,Ridge+SourceStandardScaler,UZH_FPV,"indoor_45_13_snapdragon,indoor_45_14_snapdragon,indoor_45_2_snapdragon,indoor_45_4_snapdragon,outdoor_forward_1_snapdragon",source_validation_selection,WITHIN_UZH
B2_RIDGE_QF_lag25_alpha1.0_valgrp_indoor_45,Ridge+SourceStandardScaler,UZH_FPV,"indoor_forward_10_snapdragon,indoor_forward_9_snapdragon,outdoor_forward_1_snapdragon",source_validation_selection,WITHIN_UZH
B2_RIDGE_QF_lag25_alpha1.0_valgrp_outdoor_forward,Ridge+SourceStandardScaler,UZH_FPV,"indoor_45_13_snapdragon,indoor_45_14_snapdragon,indoor_45_2_snapdragon,indoor_45_4_snapdragon,indoor_forward_10_snapdragon,indoor_forward_9_snapdragon",source_validation_selection,WITHIN_UZH
B2_RIDGE_QF_lag25_alpha100.0_valgrp_indoor_forward,Ridge+SourceStandardScaler,UZH_FPV,"indoor_45_13_snapdragon,indoor_45_14_snapdragon,indoor_45_2_snapdragon,indoor_45_4_snapdragon,outdoor_forward_1_snapdragon",source_validation_selection,WITHIN_UZH
B2_RIDGE_QF_lag25_alpha100.0_valgrp_indoor_45,Ridge+SourceStandardScaler,UZH_FPV,"indoor_forward_10_snapdragon,indoor_forward_9_snapdragon,outdoor_forward_1_snapdragon",source_validation_selection,WITHIN_UZH
B2_RIDGE_QF_lag25_alpha100.0_valgrp_outdoor_forward,Ridge+SourceStandardScaler,UZH_FPV,"indoor_45_13_snapdragon,indoor_45_14_snapdragon,indoor_45_2_snapdragon,indoor_45_4_snapdragon,indoor_forward_10_snapdragon,indoor_forward_9_snapdragon",source_validation_selection,WITHIN_UZH
B2_RIDGE_QF_lag50_alpha1e-06_valgrp_indoor_forward,Ridge+SourceStandardScaler,UZH_FPV,"indoor_45_13_snapdragon,indoor_45_14_snapdragon,indoor_45_2_snapdragon,indoor_45_4_snapdragon,outdoor_forward_1_snapdragon",source_validation_selection,WITHIN_UZH
B2_RIDGE_QF_lag50_alpha1e-06_valgrp_indoor_45,Ridge+SourceStandardScaler,UZH_FPV,"indoor_forward_10_snapdragon,indoor_forward_9_snapdragon,outdoor_forward_1_snapdragon",source_validation_selection,WITHIN_UZH
B2_RIDGE_QF_lag50_alpha1e-06_valgrp_outdoor_forward,Ridge+SourceStandardScaler,UZH_FPV,"indoor_45_13_snapdragon,indoor_45_14_snapdragon,indoor_45_2_snapdragon,indoor_45_4_snapdragon,indoor_forward_10_snapdragon,indoor_forward_9_snapdragon",source_validation_selection,WITHIN_UZH
B2_RIDGE_QF_lag50_alpha0.0001_valgrp_indoor_forward,Ridge+SourceStandardScaler,UZH_FPV,"indoor_45_13_snapdragon,indoor_45_14_snapdragon,indoor_45_2_snapdragon,indoor_45_4_snapdragon,outdoor_forward_1_snapdragon",source_validation_selection,WITHIN_UZH
B2_RIDGE_QF_lag50_alpha0.0001_valgrp_indoor_45,Ridge+SourceStandardScaler,UZH_FPV,"indoor_forward_10_snapdragon,indoor_forward_9_snapdragon,outdoor_forward_1_snapdragon",source_validation_selection,WITHIN_UZH
B2_RIDGE_QF_lag50_alpha0.0001_valgrp_outdoor_forward,Ridge+SourceStandardScaler,UZH_FPV,"indoor_45_13_snapdragon,indoor_45_14_snapdragon,indoor_45_2_snapdragon,indoor_45_4_snapdragon,indoor_forward_10_snapdragon,indoor_forward_9_snapdragon",source_validation_selection,WITHIN_UZH
B2_RIDGE_QF_lag50_alpha0.01_valgrp_indoor_forward,Ridge+SourceStandardScaler,UZH_FPV,"indoor_45_13_snapdragon,indoor_45_14_snapdragon,indoor_45_2_snapdragon,indoor_45_4_snapdragon,outdoor_forward_1_snapdragon",source_validation_selection,WITHIN_UZH
B2_RIDGE_QF_lag50_alpha0.01_valgrp_indoor_45,Ridge+SourceStandardScaler,UZH_FPV,"indoor_forward_10_snapdragon,indoor_forward_9_snapdragon,outdoor_forward_1_snapdragon",source_validation_selection,WITHIN_UZH
B2_RIDGE_QF_lag50_alpha0.01_valgrp_outdoor_forward,Ridge+SourceStandardScaler,UZH_FPV,"indoor_45_13_snapdragon,indoor_45_14_snapdragon,indoor_45_2_snapdragon,indoor_45_4_snapdragon,indoor_forward_10_snapdragon,indoor_forward_9_snapdragon",source_validation_selection,WITHIN_UZH
B2_RIDGE_QF_lag50_alpha1.0_valgrp_indoor_forward,Ridge+SourceStandardScaler,UZH_FPV,"indoor_45_13_snapdragon,indoor_45_14_snapdragon,indoor_45_2_snapdragon,indoor_45_4_snapdragon,outdoor_forward_1_snapdragon",source_validation_selection,WITHIN_UZH
B2_RIDGE_QF_lag50_alpha1.0_valgrp_indoor_45,Ridge+SourceStandardScaler,UZH_FPV,"indoor_forward_10_snapdragon,indoor_forward_9_snapdragon,outdoor_forward_1_snapdragon",source_validation_selection,WITHIN_UZH
B2_RIDGE_QF_lag50_alpha1.0_valgrp_outdoor_forward,Ridge+SourceStandardScaler,UZH_FPV,"indoor_45_13_snapdragon,indoor_45_14_snapdragon,indoor_45_2_snapdragon,indoor_45_4_snapdragon,indoor_forward_10_snapdragon,indoor_forward_9_snapdragon",source_validation_selection,WITHIN_UZH
B2_RIDGE_QF_lag50_alpha100.0_valgrp_indoor_forward,Ridge+SourceStandardScaler,UZH_FPV,"indoor_45_13_snapdragon,indoor_45_14_snapdragon,indoor_45_2_snapdragon,indoor_45_4_snapdragon,outdoor_forward_1_snapdragon",source_validation_selection,WITHIN_UZH
B2_RIDGE_QF_lag50_alpha100.0_valgrp_indoor_45,Ridge+SourceStandardScaler,UZH_FPV,"indoor_forward_10_snapdragon,indoor_forward_9_snapdragon,outdoor_forward_1_snapdragon",source_validation_selection,WITHIN_UZH
B2_RIDGE_QF_lag50_alpha100.0_valgrp_outdoor_forward,Ridge+SourceStandardScaler,UZH_FPV,"indoor_45_13_snapdragon,indoor_45_14_snapdragon,indoor_45_2_snapdragon,indoor_45_4_snapdragon,indoor_forward_10_snapdragon,indoor_forward_9_snapdragon",source_validation_selection,WITHIN_UZH
B2_RIDGE_QF_lag100_alpha1e-06_valgrp_indoor_forward,Ridge+SourceStandardScaler,UZH_FPV,"indoor_45_13_snapdragon,indoor_45_14_snapdragon,indoor_45_2_snapdragon,indoor_45_4_snapdragon,outdoor_forward_1_snapdragon",source_validation_selection,WITHIN_UZH
B2_RIDGE_QF_lag100_alpha1e-06_valgrp_indoor_45,Ridge+SourceStandardScaler,UZH_FPV,"indoor_forward_10_snapdragon,indoor_forward_9_snapdragon,outdoor_forward_1_snapdragon",source_validation_selection,WITHIN_UZH
B2_RIDGE_QF_lag100_alpha1e-06_valgrp_outdoor_forward,Ridge+SourceStandardScaler,UZH_FPV,"indoor_45_13_snapdragon,indoor_45_14_snapdragon,indoor_45_2_snapdragon,indoor_45_4_snapdragon,indoor_forward_10_snapdragon,indoor_forward_9_snapdragon",source_validation_selection,WITHIN_UZH
B2_RIDGE_QF_lag100_alpha0.0001_valgrp_indoor_forward,Ridge+SourceStandardScaler,UZH_FPV,"indoor_45_13_snapdragon,indoor_45_14_snapdragon,indoor_45_2_snapdragon,indoor_45_4_snapdragon,outdoor_forward_1_snapdragon",source_validation_selection,WITHIN_UZH
B2_RIDGE_QF_lag100_alpha0.0001_valgrp_indoor_45,Ridge+SourceStandardScaler,UZH_FPV,"indoor_forward_10_snapdragon,indoor_forward_9_snapdragon,outdoor_forward_1_snapdragon",source_validation_selection,WITHIN_UZH
B2_RIDGE_QF_lag100_alpha0.0001_valgrp_outdoor_forward,Ridge+SourceStandardScaler,UZH_FPV,"indoor_45_13_snapdragon,indoor_45_14_snapdragon,indoor_45_2_snapdragon,indoor_45_4_snapdragon,indoor_forward_10_snapdragon,indoor_forward_9_snapdragon",source_validation_selection,WITHIN_UZH
B2_RIDGE_QF_lag100_alpha0.01_valgrp_indoor_forward,Ridge+SourceStandardScaler,UZH_FPV,"indoor_45_13_snapdragon,indoor_45_14_snapdragon,indoor_45_2_snapdragon,indoor_45_4_snapdragon,outdoor_forward_1_snapdragon",source_validation_selection,WITHIN_UZH
B2_RIDGE_QF_lag100_alpha0.01_valgrp_indoor_45,Ridge+SourceStandardScaler,UZH_FPV,"indoor_forward_10_snapdragon,indoor_forward_9_snapdragon,outdoor_forward_1_snapdragon",source_validation_selection,WITHIN_UZH
B2_RIDGE_QF_lag100_alpha0.01_valgrp_outdoor_forward,Ridge+SourceStandardScaler,UZH_FPV,"indoor_45_13_snapdragon,indoor_45_14_snapdragon,indoor_45_2_snapdragon,indoor_45_4_snapdragon,indoor_forward_10_snapdragon,indoor_forward_9_snapdragon",source_validation_selection,WITHIN_UZH
B2_RIDGE_QF_lag100_alpha1.0_valgrp_indoor_forward,Ridge+SourceStandardScaler,UZH_FPV,"indoor_45_13_snapdragon,indoor_45_14_snapdragon,indoor_45_2_snapdragon,indoor_45_4_snapdragon,outdoor_forward_1_snapdragon",source_validation_selection,WITHIN_UZH
B2_RIDGE_QF_lag100_alpha1.0_valgrp_indoor_45,Ridge+SourceStandardScaler,UZH_FPV,"indoor_forward_10_snapdragon,indoor_forward_9_snapdragon,outdoor_forward_1_snapdragon",source_validation_selection,WITHIN_UZH
B2_RIDGE_QF_lag100_alpha1.0_valgrp_outdoor_forward,Ridge+SourceStandardScaler,UZH_FPV,"indoor_45_13_snapdragon,indoor_45_14_snapdragon,indoor_45_2_snapdragon,indoor_45_4_snapdragon,indoor_forward_10_snapdragon,indoor_forward_9_snapdragon",source_validation_selection,WITHIN_UZH
B2_RIDGE_QF_lag100_alpha100.0_valgrp_indoor_forward,Ridge+SourceStandardScaler,UZH_FPV,"indoor_45_13_snapdragon,indoor_45_14_snapdragon,indoor_45_2_snapdragon,indoor_45_4_snapdragon,outdoor_forward_1_snapdragon",source_validation_selection,WITHIN_UZH
B2_RIDGE_QF_lag100_alpha100.0_valgrp_indoor_45,Ridge+SourceStandardScaler,UZH_FPV,"indoor_forward_10_snapdragon,indoor_forward_9_snapdragon,outdoor_forward_1_snapdragon",source_validation_selection,WITHIN_UZH
B2_RIDGE_QF_lag100_alpha100.0_valgrp_outdoor_forward,Ridge+SourceStandardScaler,UZH_FPV,"indoor_45_13_snapdragon,indoor_45_14_snapdragon,indoor_45_2_snapdragon,indoor_45_4_snapdragon,indoor_forward_10_snapdragon,indoor_forward_9_snapdragon",source_validation_selection,WITHIN_UZH
UZH_FPV_LORO_01_indoor_forward_6_snapdragon_B2_RIDGE_QF_final,Ridge+SourceStandardScaler,UZH_FPV,"indoor_45_13_snapdragon,indoor_45_14_snapdragon,indoor_45_2_snapdragon,indoor_45_4_snapdragon,indoor_forward_10_snapdragon,indoor_forward_9_snapdragon,outdoor_forward_1_snapdragon",within_loro_final_refit,WITHIN_UZH
B3_RIDGE_QF_QW_lag10_alpha1e-06_valgrp_indoor_forward,Ridge+SourceStandardScaler,UZH_FPV,"indoor_45_13_snapdragon,indoor_45_14_snapdragon,indoor_45_2_snapdragon,indoor_45_4_snapdragon,outdoor_forward_1_snapdragon",source_validation_selection,WITHIN_UZH
B3_RIDGE_QF_QW_lag10_alpha1e-06_valgrp_indoor_45,Ridge+SourceStandardScaler,UZH_FPV,"indoor_forward_10_snapdragon,indoor_forward_9_snapdragon,outdoor_forward_1_snapdragon",source_validation_selection,WITHIN_UZH
B3_RIDGE_QF_QW_lag10_alpha1e-06_valgrp_outdoor_forward,Ridge+SourceStandardScaler,UZH_FPV,"indoor_45_13_snapdragon,indoor_45_14_snapdragon,indoor_45_2_snapdragon,indoor_45_4_snapdragon,indoor_forward_10_snapdragon,indoor_forward_9_snapdragon",source_validation_selection,WITHIN_UZH
B3_RIDGE_QF_QW_lag10_alpha0.0001_valgrp_indoor_forward,Ridge+SourceStandardScaler,UZH_FPV,"indoor_45_13_snapdragon,indoor_45_14_snapdragon,indoor_45_2_snapdragon,indoor_45_4_snapdragon,outdoor_forward_1_snapdragon",source_validation_selection,WITHIN_UZH
B3_RIDGE_QF_QW_lag10_alpha0.0001_valgrp_indoor_45,Ridge+SourceStandardScaler,UZH_FPV,"indoor_forward_10_snapdragon,indoor_forward_9_snapdragon,outdoor_forward_1_snapdragon",source_validation_selection,WITHIN_UZH
B3_RIDGE_QF_QW_lag10_alpha0.0001_valgrp_outdoor_forward,Ridge+SourceStandardScaler,UZH_FPV,"indoor_45_13_snapdragon,indoor_45_14_snapdragon,indoor_45_2_snapdragon,indoor_45_4_snapdragon,indoor_forward_10_snapdragon,indoor_forward_9_snapdragon",source_validation_selection,WITHIN_UZH
B3_RIDGE_QF_QW_lag10_alpha0.01_valgrp_indoor_forward,Ridge+SourceStandardScaler,UZH_FPV,"indoor_45_13_snapdragon,indoor_45_14_snapdragon,indoor_45_2_snapdragon,indoor_45_4_snapdragon,outdoor_forward_1_snapdragon",source_validation_selection,WITHIN_UZH
B3_RIDGE_QF_QW_lag10_alpha0.01_valgrp_indoor_45,Ridge+SourceStandardScaler,UZH_FPV,"indoor_forward_10_snapdragon,indoor_forward_9_snapdragon,outdoor_forward_1_snapdragon",source_validation_selection,WITHIN_UZH
B3_RIDGE_QF_QW_lag10_alpha0.01_valgrp_outdoor_forward,Ridge+SourceStandardScaler,UZH_FPV,"indoor_45_13_snapdragon,indoor_45_14_snapdragon,indoor_45_2_snapdragon,indoor_45_4_snapdragon,indoor_forward_10_snapdragon,indoor_forward_9_snapdragon",source_validation_selection,WITHIN_UZH
B3_RIDGE_QF_QW_lag10_alpha1.0_valgrp_indoor_forward,Ridge+SourceStandardScaler,UZH_FPV,"indoor_45_13_snapdragon,indoor_45_14_snapdragon,indoor_45_2_snapdragon,indoor_45_4_snapdragon,outdoor_forward_1_snapdragon",source_validation_selection,WITHIN_UZH
B3_RIDGE_QF_QW_lag10_alpha1.0_valgrp_indoor_45,Ridge+SourceStandardScaler,UZH_FPV,"indoor_forward_10_snapdragon,indoor_forward_9_snapdragon,outdoor_forward_1_snapdragon",source_validation_selection,WITHIN_UZH
B3_RIDGE_QF_QW_lag10_alpha1.0_valgrp_outdoor_forward,Ridge+SourceStandardScaler,UZH_FPV,"indoor_45_13_snapdragon,indoor_45_14_snapdragon,indoor_45_2_snapdragon,indoor_45_4_snapdragon,indoor_forward_10_snapdragon,indoor_forward_9_snapdragon",source_validation_selection,WITHIN_UZH
B3_RIDGE_QF_QW_lag10_alpha100.0_valgrp_indoor_forward,Ridge+SourceStandardScaler,UZH_FPV,"indoor_45_13_snapdragon,indoor_45_14_snapdragon,indoor_45_2_snapdragon,indoor_45_4_snapdragon,outdoor_forward_1_snapdragon",source_validation_selection,WITHIN_UZH
B3_RIDGE_QF_QW_lag10_alpha100.0_valgrp_indoor_45,Ridge+SourceStandardScaler,UZH_FPV,"indoor_forward_10_snapdragon,indoor_forward_9_snapdragon,outdoor_forward_1_snapdragon",source_validation_selection,WITHIN_UZH
B3_RIDGE_QF_QW_lag10_alpha100.0_valgrp_outdoor_forward,Ridge+SourceStandardScaler,UZH_FPV,"indoor_45_13_snapdragon,indoor_45_14_snapdragon,indoor_45_2_snapdragon,indoor_45_4_snapdragon,indoor_forward_10_snapdragon,indoor_forward_9_snapdragon",source_validation_selection,WITHIN_UZH
B3_RIDGE_QF_QW_lag25_alpha1e-06_valgrp_indoor_forward,Ridge+SourceStandardScaler,UZH_FPV,"indoor_45_13_snapdragon,indoor_45_14_snapdragon,indoor_45_2_snapdragon,indoor_45_4_snapdragon,outdoor_forward_1_snapdragon",source_validation_selection,WITHIN_UZH
B3_RIDGE_QF_QW_lag25_alpha1e-06_valgrp_indoor_45,Ridge+SourceStandardScaler,UZH_FPV,"indoor_forward_10_snapdragon,indoor_forward_9_snapdragon,outdoor_forward_1_snapdragon",source_validation_selection,WITHIN_UZH
B3_RIDGE_QF_QW_lag25_alpha1e-06_valgrp_outdoor_forward,Ridge+SourceStandardScaler,UZH_FPV,"indoor_45_13_snapdragon,indoor_45_14_snapdragon,indoor_45_2_snapdragon,indoor_45_4_snapdragon,indoor_forward_10_snapdragon,indoor_forward_9_snapdragon",source_validation_selection,WITHIN_UZH
B3_RIDGE_QF_QW_lag25_alpha0.0001_valgrp_indoor_forward,Ridge+SourceStandardScaler,UZH_FPV,"indoor_45_13_snapdragon,indoor_45_14_snapdragon,indoor_45_2_snapdragon,indoor_45_4_snapdragon,outdoor_forward_1_snapdragon",source_validation_selection,WITHIN_UZH
B3_RIDGE_QF_QW_lag25_alpha0.0001_valgrp_indoor_45,Ridge+SourceStandardScaler,UZH_FPV,"indoor_forward_10_snapdragon,indoor_forward_9_snapdragon,outdoor_forward_1_snapdragon",source_validation_selection,WITHIN_UZH
B3_RIDGE_QF_QW_lag25_alpha0.0001_valgrp_outdoor_forward,Ridge+SourceStandardScaler,UZH_FPV,"indoor_45_13_snapdragon,indoor_45_14_snapdragon,indoor_45_2_snapdragon,indoor_45_4_snapdragon,indoor_forward_10_snapdragon,indoor_forward_9_snapdragon",source_validation_selection,WITHIN_UZH
B3_RIDGE_QF_QW_lag25_alpha0.01_valgrp_indoor_forward,Ridge+SourceStandardScaler,UZH_FPV,"indoor_45_13_snapdragon,indoor_45_14_snapdragon,indoor_45_2_snapdragon,indoor_45_4_snapdragon,outdoor_forward_1_snapdragon",source_validation_selection,WITHIN_UZH
B3_RIDGE_QF_QW_lag25_alpha0.01_valgrp_indoor_45,Ridge+SourceStandardScaler,UZH_FPV,"indoor_forward_10_snapdragon,indoor_forward_9_snapdragon,outdoor_forward_1_snapdragon",source_validation_selection,WITHIN_UZH
B3_RIDGE_QF_QW_lag25_alpha0.01_valgrp_outdoor_forward,Ridge+SourceStandardScaler,UZH_FPV,"indoor_45_13_snapdragon,indoor_45_14_snapdragon,indoor_45_2_snapdragon,indoor_45_4_snapdragon,indoor_forward_10_snapdragon,indoor_forward_9_snapdragon",source_validation_selection,WITHIN_UZH
B3_RIDGE_QF_QW_lag25_alpha1.0_valgrp_indoor_forward,Ridge+SourceStandardScaler,UZH_FPV,"indoor_45_13_snapdragon,indoor_45_14_snapdragon,indoor_45_2_snapdragon,indoor_45_4_snapdragon,outdoor_forward_1_snapdragon",source_validation_selection,WITHIN_UZH
B3_RIDGE_QF_QW_lag25_alpha1.0_valgrp_indoor_45,Ridge+SourceStandardScaler,UZH_FPV,"indoor_forward_10_snapdragon,indoor_forward_9_snapdragon,outdoor_forward_1_snapdragon",source_validation_selection,WITHIN_UZH
B3_RIDGE_QF_QW_lag25_alpha1.0_valgrp_outdoor_forward,Ridge+SourceStandardScaler,UZH_FPV,"indoor_45_13_snapdragon,indoor_45_14_snapdragon,indoor_45_2_snapdragon,indoor_45_4_snapdragon,indoor_forward_10_snapdragon,indoor_forward_9_snapdragon",source_validation_selection,WITHIN_UZH
B3_RIDGE_QF_QW_lag25_alpha100.0_valgrp_indoor_forward,Ridge+SourceStandardScaler,UZH_FPV,"indoor_45_13_snapdragon,indoor_45_14_snapdragon,indoor_45_2_snapdragon,indoor_45_4_snapdragon,outdoor_forward_1_snapdragon",source_validation_selection,WITHIN_UZH
B3_RIDGE_QF_QW_lag25_alpha100.0_valgrp_indoor_45,Ridge+SourceStandardScaler,UZH_FPV,"indoor_forward_10_snapdragon,indoor_forward_9_snapdragon,outdoor_forward_1_snapdragon",source_validation_selection,WITHIN_UZH
B3_RIDGE_QF_QW_lag25_alpha100.0_valgrp_outdoor_forward,Ridge+SourceStandardScaler,UZH_FPV,"indoor_45_13_snapdragon,indoor_45_14_snapdragon,indoor_45_2_snapdragon,indoor_45_4_snapdragon,indoor_forward_10_snapdragon,indoor_forward_9_snapdragon",source_validation_selection,WITHIN_UZH
B3_RIDGE_QF_QW_lag50_alpha1e-06_valgrp_indoor_forward,Ridge+SourceStandardScaler,UZH_FPV,"indoor_45_13_snapdragon,indoor_45_14_snapdragon,indoor_45_2_snapdragon,indoor_45_4_snapdragon,outdoor_forward_1_snapdragon",source_validation_selection,WITHIN_UZH
B3_RIDGE_QF_QW_lag50_alpha1e-06_valgrp_indoor_45,Ridge+SourceStandardScaler,UZH_FPV,"indoor_forward_10_snapdragon,indoor_forward_9_snapdragon,outdoor_forward_1_snapdragon",source_validation_selection,WITHIN_UZH
B3_RIDGE_QF_QW_lag50_alpha1e-06_valgrp_outdoor_forward,Ridge+SourceStandardScaler,UZH_FPV,"indoor_45_13_snapdragon,indoor_45_14_snapdragon,indoor_45_2_snapdragon,indoor_45_4_snapdragon,indoor_forward_10_snapdragon,indoor_forward_9_snapdragon",source_validation_selection,WITHIN_UZH
B3_RIDGE_QF_QW_lag50_alpha0.0001_valgrp_indoor_forward,Ridge+SourceStandardScaler,UZH_FPV,"indoor_45_13_snapdragon,indoor_45_14_snapdragon,indoor_45_2_snapdragon,indoor_45_4_snapdragon,outdoor_forward_1_snapdragon",source_validation_selection,WITHIN_UZH
B3_RIDGE_QF_QW_lag50_alpha0.0001_valgrp_indoor_45,Ridge+SourceStandardScaler,UZH_FPV,"indoor_forward_10_snapdragon,indoor_forward_9_snapdragon,outdoor_forward_1_snapdragon",source_validation_selection,WITHIN_UZH
B3_RIDGE_QF_QW_lag50_alpha0.0001_valgrp_outdoor_forward,Ridge+SourceStandardScaler,UZH_FPV,"indoor_45_13_snapdragon,indoor_45_14_snapdragon,indoor_45_2_snapdragon,indoor_45_4_snapdragon,indoor_forward_10_snapdragon,indoor_forward_9_snapdragon",source_validation_selection,WITHIN_UZH
B3_RIDGE_QF_QW_lag50_alpha0.01_valgrp_indoor_forward,Ridge+SourceStandardScaler,UZH_FPV,"indoor_45_13_snapdragon,indoor_45_14_snapdragon,indoor_45_2_snapdragon,indoor_45_4_snapdragon,outdoor_forward_1_snapdragon",source_validation_selection,WITHIN_UZH
B3_RIDGE_QF_QW_lag50_alpha0.01_valgrp_indoor_45,Ridge+SourceStandardScaler,UZH_FPV,"indoor_forward_10_snapdragon,indoor_forward_9_snapdragon,outdoor_forward_1_snapdragon",source_validation_selection,WITHIN_UZH
B3_RIDGE_QF_QW_lag50_alpha0.01_valgrp_outdoor_forward,Ridge+SourceStandardScaler,UZH_FPV,"indoor_45_13_snapdragon,indoor_45_14_snapdragon,indoor_45_2_snapdragon,indoor_45_4_snapdragon,indoor_forward_10_snapdragon,indoor_forward_9_snapdragon",source_validation_selection,WITHIN_UZH
B3_RIDGE_QF_QW_lag50_alpha1.0_valgrp_indoor_forward,Ridge+SourceStandardScaler,UZH_FPV,"indoor_45_13_snapdragon,indoor_45_14_snapdragon,indoor_45_2_snapdragon,indoor_45_4_snapdragon,outdoor_forward_1_snapdragon",source_validation_selection,WITHIN_UZH
B3_RIDGE_QF_QW_lag50_alpha1.0_valgrp_indoor_45,Ridge+SourceStandardScaler,UZH_FPV,"indoor_forward_10_snapdragon,indoor_forward_9_snapdragon,outdoor_forward_1_snapdragon",source_validation_selection,WITHIN_UZH
B3_RIDGE_QF_QW_lag50_alpha1.0_valgrp_outdoor_forward,Ridge+SourceStandardScaler,UZH_FPV,"indoor_45_13_snapdragon,indoor_45_14_snapdragon,indoor_45_2_snapdragon,indoor_45_4_snapdragon,indoor_forward_10_snapdragon,indoor_forward_9_snapdragon",source_validation_selection,WITHIN_UZH
B3_RIDGE_QF_QW_lag50_alpha100.0_valgrp_indoor_forward,Ridge+SourceStandardScaler,UZH_FPV,"indoor_45_13_snapdragon,indoor_45_14_snapdragon,indoor_45_2_snapdragon,indoor_45_4_snapdragon,outdoor_forward_1_snapdragon",source_validation_selection,WITHIN_UZH
B3_RIDGE_QF_QW_lag50_alpha100.0_valgrp_indoor_45,Ridge+SourceStandardScaler,UZH_FPV,"indoor_forward_10_snapdragon,indoor_forward_9_snapdragon,outdoor_forward_1_snapdragon",source_validation_selection,WITHIN_UZH
B3_RIDGE_QF_QW_lag50_alpha100.0_valgrp_outdoor_forward,Ridge+SourceStandardScaler,UZH_FPV,"indoor_45_13_snapdragon,indoor_45_14_snapdragon,indoor_45_2_snapdragon,indoor_45_4_snapdragon,indoor_forward_10_snapdragon,indoor_forward_9_snapdragon",source_validation_selection,WITHIN_UZH
B3_RIDGE_QF_QW_lag100_alpha1e-06_valgrp_indoor_forward,Ridge+SourceStandardScaler,UZH_FPV,"indoor_45_13_snapdragon,indoor_45_14_snapdragon,indoor_45_2_snapdragon,indoor_45_4_snapdragon,outdoor_forward_1_snapdragon",source_validation_selection,WITHIN_UZH
B3_RIDGE_QF_QW_lag100_alpha1e-06_valgrp_indoor_45,Ridge+SourceStandardScaler,UZH_FPV,"indoor_forward_10_snapdragon,indoor_forward_9_snapdragon,outdoor_forward_1_snapdragon",source_validation_selection,WITHIN_UZH
B3_RIDGE_QF_QW_lag100_alpha1e-06_valgrp_outdoor_forward,Ridge+SourceStandardScaler,UZH_FPV,"indoor_45_13_snapdragon,indoor_45_14_snapdragon,indoor_45_2_snapdragon,indoor_45_4_snapdragon,indoor_forward_10_snapdragon,indoor_forward_9_snapdragon",source_validation_selection,WITHIN_UZH
B3_RIDGE_QF_QW_lag100_alpha0.0001_valgrp_indoor_forward,Ridge+SourceStandardScaler,UZH_FPV,"indoor_45_13_snapdragon,indoor_45_14_snapdragon,indoor_45_2_snapdragon,indoor_45_4_snapdragon,outdoor_forward_1_snapdragon",source_validation_selection,WITHIN_UZH
B3_RIDGE_QF_QW_lag100_alpha0.0001_valgrp_indoor_45,Ridge+SourceStandardScaler,UZH_FPV,"indoor_forward_10_snapdragon,indoor_forward_9_snapdragon,outdoor_forward_1_snapdragon",source_validation_selection,WITHIN_UZH
B3_RIDGE_QF_QW_lag100_alpha0.0001_valgrp_outdoor_forward,Ridge+SourceStandardScaler,UZH_FPV,"indoor_45_13_snapdragon,indoor_45_14_snapdragon,indoor_45_2_snapdragon,indoor_45_4_snapdragon,indoor_forward_10_snapdragon,indoor_forward_9_snapdragon",source_validation_selection,WITHIN_UZH
B3_RIDGE_QF_QW_lag100_alpha0.01_valgrp_indoor_forward,Ridge+SourceStandardScaler,UZH_FPV,"indoor_45_13_snapdragon,indoor_45_14_snapdragon,indoor_45_2_snapdragon,indoor_45_4_snapdragon,outdoor_forward_1_snapdragon",source_validation_selection,WITHIN_UZH
B3_RIDGE_QF_QW_lag100_alpha0.01_valgrp_indoor_45,Ridge+SourceStandardScaler,UZH_FPV,"indoor_forward_10_snapdragon,indoor_forward_9_snapdragon,outdoor_forward_1_snapdragon",source_validation_selection,WITHIN_UZH
B3_RIDGE_QF_QW_lag100_alpha0.01_valgrp_outdoor_forward,Ridge+SourceStandardScaler,UZH_FPV,"indoor_45_13_snapdragon,indoor_45_14_snapdragon,indoor_45_2_snapdragon,indoor_45_4_snapdragon,indoor_forward_10_snapdragon,indoor_forward_9_snapdragon",source_validation_selection,WITHIN_UZH
B3_RIDGE_QF_QW_lag100_alpha1.0_valgrp_indoor_forward,Ridge+SourceStandardScaler,UZH_FPV,"indoor_45_13_snapdragon,indoor_45_14_snapdragon,indoor_45_2_snapdragon,indoor_45_4_snapdragon,outdoor_forward_1_snapdragon",source_validation_selection,WITHIN_UZH
B3_RIDGE_QF_QW_lag100_alpha1.0_valgrp_indoor_45,Ridge+SourceStandardScaler,UZH_FPV,"indoor_forward_10_snapdragon,indoor_forward_9_snapdragon,outdoor_forward_1_snapdragon",source_validation_selection,WITHIN_UZH
B3_RIDGE_QF_QW_lag100_alpha1.0_valgrp_outdoor_forward,Ridge+SourceStandardScaler,UZH_FPV,"indoor_45_13_snapdragon,indoor_45_14_snapdragon,indoor_45_2_snapdragon,indoor_45_4_snapdragon,indoor_forward_10_snapdragon,indoor_forward_9_snapdragon",source_validation_selection,WITHIN_UZH
B3_RIDGE_QF_QW_lag100_alpha100.0_valgrp_indoor_forward,Ridge+SourceStandardScaler,UZH_FPV,"indoor_45_13_snapdragon,indoor_45_14_snapdragon,indoor_45_2_snapdragon,indoor_45_4_snapdragon,outdoor_forward_1_snapdragon",source_validation_selection,WITHIN_UZH
B3_RIDGE_QF_QW_lag100_alpha100.0_valgrp_indoor_45,Ridge+SourceStandardScaler,UZH_FPV,"indoor_forward_10_snapdragon,indoor_forward_9_snapdragon,outdoor_forward_1_snapdragon",source_validation_selection,WITHIN_UZH
B3_RIDGE_QF_QW_lag100_alpha100.0_valgrp_outdoor_forward,Ridge+SourceStandardScaler,UZH_FPV,"indoor_45_13_snapdragon,indoor_45_14_snapdragon,indoor_45_2_snapdragon,indoor_45_4_snapdragon,indoor_forward_10_snapdragon,indoor_forward_9_snapdragon",source_validation_selection,WITHIN_UZH
UZH_FPV_LORO_01_indoor_forward_6_snapdragon_B3_RIDGE_QF_QW_final,Ridge+SourceStandardScaler,UZH_FPV,"indoor_45_13_snapdragon,indoor_45_14_snapdragon,indoor_45_2_snapdragon,indoor_45_4_snapdragon,indoor_forward_10_snapdragon,indoor_forward_9_snapdragon,outdoor_forward_1_snapdragon",within_loro_final_refit,WITHIN_UZH
B2_RIDGE_QF_lag10_alpha1e-06_valgrp_indoor_forward,Ridge+SourceStandardScaler,UZH_FPV,"indoor_45_13_snapdragon,indoor_45_14_snapdragon,indoor_45_2_snapdragon,indoor_45_4_snapdragon,outdoor_forward_1_snapdragon",source_validation_selection,WITHIN_UZH
B2_RIDGE_QF_lag10_alpha1e-06_valgrp_indoor_45,Ridge+SourceStandardScaler,UZH_FPV,"indoor_forward_10_snapdragon,indoor_forward_6_snapdragon,outdoor_forward_1_snapdragon",source_validation_selection,WITHIN_UZH
B2_RIDGE_QF_lag10_alpha1e-06_valgrp_outdoor_forward,Ridge+SourceStandardScaler,UZH_FPV,"indoor_45_13_snapdragon,indoor_45_14_snapdragon,indoor_45_2_snapdragon,indoor_45_4_snapdragon,indoor_forward_10_snapdragon,indoor_forward_6_snapdragon",source_validation_selection,WITHIN_UZH
B2_RIDGE_QF_lag10_alpha0.0001_valgrp_indoor_forward,Ridge+SourceStandardScaler,UZH_FPV,"indoor_45_13_snapdragon,indoor_45_14_snapdragon,indoor_45_2_snapdragon,indoor_45_4_snapdragon,outdoor_forward_1_snapdragon",source_validation_selection,WITHIN_UZH
B2_RIDGE_QF_lag10_alpha0.0001_valgrp_indoor_45,Ridge+SourceStandardScaler,UZH_FPV,"indoor_forward_10_snapdragon,indoor_forward_6_snapdragon,outdoor_forward_1_snapdragon",source_validation_selection,WITHIN_UZH
B2_RIDGE_QF_lag10_alpha0.0001_valgrp_outdoor_forward,Ridge+SourceStandardScaler,UZH_FPV,"indoor_45_13_snapdragon,indoor_45_14_snapdragon,indoor_45_2_snapdragon,indoor_45_4_snapdragon,indoor_forward_10_snapdragon,indoor_forward_6_snapdragon",source_validation_selection,WITHIN_UZH
B2_RIDGE_QF_lag10_alpha0.01_valgrp_indoor_forward,Ridge+SourceStandardScaler,UZH_FPV,"indoor_45_13_snapdragon,indoor_45_14_snapdragon,indoor_45_2_snapdragon,indoor_45_4_snapdragon,outdoor_forward_1_snapdragon",source_validation_selection,WITHIN_UZH
B2_RIDGE_QF_lag10_alpha0.01_valgrp_indoor_45,Ridge+SourceStandardScaler,UZH_FPV,"indoor_forward_10_snapdragon,indoor_forward_6_snapdragon,outdoor_forward_1_snapdragon",source_validation_selection,WITHIN_UZH
B2_RIDGE_QF_lag10_alpha0.01_valgrp_outdoor_forward,Ridge+SourceStandardScaler,UZH_FPV,"indoor_45_13_snapdragon,indoor_45_14_snapdragon,indoor_45_2_snapdragon,indoor_45_4_snapdragon,indoor_forward_10_snapdragon,indoor_forward_6_snapdragon",source_validation_selection,WITHIN_UZH
B2_RIDGE_QF_lag10_alpha1.0_valgrp_indoor_forward,Ridge+SourceStandardScaler,UZH_FPV,"indoor_45_13_snapdragon,indoor_45_14_snapdragon,indoor_45_2_snapdragon,indoor_45_4_snapdragon,outdoor_forward_1_snapdragon",source_validation_selection,WITHIN_UZH
B2_RIDGE_QF_lag10_alpha1.0_valgrp_indoor_45,Ridge+SourceStandardScaler,UZH_FPV,"indoor_forward_10_snapdragon,indoor_forward_6_snapdragon,outdoor_forward_1_snapdragon",source_validation_selection,WITHIN_UZH
B2_RIDGE_QF_lag10_alpha1.0_valgrp_outdoor_forward,Ridge+SourceStandardScaler,UZH_FPV,"indoor_45_13_snapdragon,indoor_45_14_snapdragon,indoor_45_2_snapdragon,indoor_45_4_snapdragon,indoor_forward_10_snapdragon,indoor_forward_6_snapdragon",source_validation_selection,WITHIN_UZH
B2_RIDGE_QF_lag10_alpha100.0_valgrp_indoor_forward,Ridge+SourceStandardScaler,UZH_FPV,"indoor_45_13_snapdragon,indoor_45_14_snapdragon,indoor_45_2_snapdragon,indoor_45_4_snapdragon,outdoor_forward_1_snapdragon",source_validation_selection,WITHIN_UZH
B2_RIDGE_QF_lag10_alpha100.0_valgrp_indoor_45,Ridge+SourceStandardScaler,UZH_FPV,"indoor_forward_10_snapdragon,indoor_forward_6_snapdragon,outdoor_forward_1_snapdragon",source_validation_selection,WITHIN_UZH
B2_RIDGE_QF_lag10_alpha100.0_valgrp_outdoor_forward,Ridge+SourceStandardScaler,UZH_FPV,"indoor_45_13_snapdragon,indoor_45_14_snapdragon,indoor_45_2_snapdragon,indoor_45_4_snapdragon,indoor_forward_10_snapdragon,indoor_forward_6_snapdragon",source_validation_selection,WITHIN_UZH
B2_RIDGE_QF_lag25_alpha1e-06_valgrp_indoor_forward,Ridge+SourceStandardScaler,UZH_FPV,"indoor_45_13_snapdragon,indoor_45_14_snapdragon,indoor_45_2_snapdragon,indoor_45_4_snapdragon,outdoor_forward_1_snapdragon",source_validation_selection,WITHIN_UZH
B2_RIDGE_QF_lag25_alpha1e-06_valgrp_indoor_45,Ridge+SourceStandardScaler,UZH_FPV,"indoor_forward_10_snapdragon,indoor_forward_6_snapdragon,outdoor_forward_1_snapdragon",source_validation_selection,WITHIN_UZH
B2_RIDGE_QF_lag25_alpha1e-06_valgrp_outdoor_forward,Ridge+SourceStandardScaler,UZH_FPV,"indoor_45_13_snapdragon,indoor_45_14_snapdragon,indoor_45_2_snapdragon,indoor_45_4_snapdragon,indoor_forward_10_snapdragon,indoor_forward_6_snapdragon",source_validation_selection,WITHIN_UZH
B2_RIDGE_QF_lag25_alpha0.0001_valgrp_indoor_forward,Ridge+SourceStandardScaler,UZH_FPV,"indoor_45_13_snapdragon,indoor_45_14_snapdragon,indoor_45_2_snapdragon,indoor_45_4_snapdragon,outdoor_forward_1_snapdragon",source_validation_selection,WITHIN_UZH
B2_RIDGE_QF_lag25_alpha0.0001_valgrp_indoor_45,Ridge+SourceStandardScaler,UZH_FPV,"indoor_forward_10_snapdragon,indoor_forward_6_snapdragon,outdoor_forward_1_snapdragon",source_validation_selection,WITHIN_UZH
B2_RIDGE_QF_lag25_alpha0.0001_valgrp_outdoor_forward,Ridge+SourceStandardScaler,UZH_FPV,"indoor_45_13_snapdragon,indoor_45_14_snapdragon,indoor_45_2_snapdragon,indoor_45_4_snapdragon,indoor_forward_10_snapdragon,indoor_forward_6_snapdragon",source_validation_selection,WITHIN_UZH
B2_RIDGE_QF_lag25_alpha0.01_valgrp_indoor_forward,Ridge+SourceStandardScaler,UZH_FPV,"indoor_45_13_snapdragon,indoor_45_14_snapdragon,indoor_45_2_snapdragon,indoor_45_4_snapdragon,outdoor_forward_1_snapdragon",source_validation_selection,WITHIN_UZH
B2_RIDGE_QF_lag25_alpha0.01_valgrp_indoor_45,Ridge+SourceStandardScaler,UZH_FPV,"indoor_forward_10_snapdragon,indoor_forward_6_snapdragon,outdoor_forward_1_snapdragon",source_validation_selection,WITHIN_UZH
B2_RIDGE_QF_lag25_alpha0.01_valgrp_outdoor_forward,Ridge+SourceStandardScaler,UZH_FPV,"indoor_45_13_snapdragon,indoor_45_14_snapdragon,indoor_45_2_snapdragon,indoor_45_4_snapdragon,indoor_forward_10_snapdragon,indoor_forward_6_snapdragon",source_validation_selection,WITHIN_UZH
B2_RIDGE_QF_lag25_alpha1.0_valgrp_indoor_forward,Ridge+SourceStandardScaler,UZH_FPV,"indoor_45_13_snapdragon,indoor_45_14_snapdragon,indoor_45_2_snapdragon,indoor_45_4_snapdragon,outdoor_forward_1_snapdragon",source_validation_selection,WITHIN_UZH
B2_RIDGE_QF_lag25_alpha1.0_valgrp_indoor_45,Ridge+SourceStandardScaler,UZH_FPV,"indoor_forward_10_snapdragon,indoor_forward_6_snapdragon,outdoor_forward_1_snapdragon",source_validation_selection,WITHIN_UZH
B2_RIDGE_QF_lag25_alpha1.0_valgrp_outdoor_forward,Ridge+SourceStandardScaler,UZH_FPV,"indoor_45_13_snapdragon,indoor_45_14_snapdragon,indoor_45_2_snapdragon,indoor_45_4_snapdragon,indoor_forward_10_snapdragon,indoor_forward_6_snapdragon",source_validation_selection,WITHIN_UZH
B2_RIDGE_QF_lag25_alpha100.0_valgrp_indoor_forward,Ridge+SourceStandardScaler,UZH_FPV,"indoor_45_13_snapdragon,indoor_45_14_snapdragon,indoor_45_2_snapdragon,indoor_45_4_snapdragon,outdoor_forward_1_snapdragon",source_validation_selection,WITHIN_UZH
B2_RIDGE_QF_lag25_alpha100.0_valgrp_indoor_45,Ridge+SourceStandardScaler,UZH_FPV,"indoor_forward_10_snapdragon,indoor_forward_6_snapdragon,outdoor_forward_1_snapdragon",source_validation_selection,WITHIN_UZH
B2_RIDGE_QF_lag25_alpha100.0_valgrp_outdoor_forward,Ridge+SourceStandardScaler,UZH_FPV,"indoor_45_13_snapdragon,indoor_45_14_snapdragon,indoor_45_2_snapdragon,indoor_45_4_snapdragon,indoor_forward_10_snapdragon,indoor_forward_6_snapdragon",source_validation_selection,WITHIN_UZH
B2_RIDGE_QF_lag50_alpha1e-06_valgrp_indoor_forward,Ridge+SourceStandardScaler,UZH_FPV,"indoor_45_13_snapdragon,indoor_45_14_snapdragon,indoor_45_2_snapdragon,indoor_45_4_snapdragon,outdoor_forward_1_snapdragon",source_validation_selection,WITHIN_UZH
B2_RIDGE_QF_lag50_alpha1e-06_valgrp_indoor_45,Ridge+SourceStandardScaler,UZH_FPV,"indoor_forward_10_snapdragon,indoor_forward_6_snapdragon,outdoor_forward_1_snapdragon",source_validation_selection,WITHIN_UZH
B2_RIDGE_QF_lag50_alpha1e-06_valgrp_outdoor_forward,Ridge+SourceStandardScaler,UZH_FPV,"indoor_45_13_snapdragon,indoor_45_14_snapdragon,indoor_45_2_snapdragon,indoor_45_4_snapdragon,indoor_forward_10_snapdragon,indoor_forward_6_snapdragon",source_validation_selection,WITHIN_UZH
B2_RIDGE_QF_lag50_alpha0.0001_valgrp_indoor_forward,Ridge+SourceStandardScaler,UZH_FPV,"indoor_45_13_snapdragon,indoor_45_14_snapdragon,indoor_45_2_snapdragon,indoor_45_4_snapdragon,outdoor_forward_1_snapdragon",source_validation_selection,WITHIN_UZH
B2_RIDGE_QF_lag50_alpha0.0001_valgrp_indoor_45,Ridge+SourceStandardScaler,UZH_FPV,"indoor_forward_10_snapdragon,indoor_forward_6_snapdragon,outdoor_forward_1_snapdragon",source_validation_selection,WITHIN_UZH
B2_RIDGE_QF_lag50_alpha0.0001_valgrp_outdoor_forward,Ridge+SourceStandardScaler,UZH_FPV,"indoor_45_13_snapdragon,indoor_45_14_snapdragon,indoor_45_2_snapdragon,indoor_45_4_snapdragon,indoor_forward_10_snapdragon,indoor_forward_6_snapdragon",source_validation_selection,WITHIN_UZH
B2_RIDGE_QF_lag50_alpha0.01_valgrp_indoor_forward,Ridge+SourceStandardScaler,UZH_FPV,"indoor_45_13_snapdragon,indoor_45_14_snapdragon,indoor_45_2_snapdragon,indoor_45_4_snapdragon,outdoor_forward_1_snapdragon",source_validation_selection,WITHIN_UZH
B2_RIDGE_QF_lag50_alpha0.01_valgrp_indoor_45,Ridge+SourceStandardScaler,UZH_FPV,"indoor_forward_10_snapdragon,indoor_forward_6_snapdragon,outdoor_forward_1_snapdragon",source_validation_selection,WITHIN_UZH
B2_RIDGE_QF_lag50_alpha0.01_valgrp_outdoor_forward,Ridge+SourceStandardScaler,UZH_FPV,"indoor_45_13_snapdragon,indoor_45_14_snapdragon,indoor_45_2_snapdragon,indoor_45_4_snapdragon,indoor_forward_10_snapdragon,indoor_forward_6_snapdragon",source_validation_selection,WITHIN_UZH
B2_RIDGE_QF_lag50_alpha1.0_valgrp_indoor_forward,Ridge+SourceStandardScaler,UZH_FPV,"indoor_45_13_snapdragon,indoor_45_14_snapdragon,indoor_45_2_snapdragon,indoor_45_4_snapdragon,outdoor_forward_1_snapdragon",source_validation_selection,WITHIN_UZH
B2_RIDGE_QF_lag50_alpha1.0_valgrp_indoor_45,Ridge+SourceStandardScaler,UZH_FPV,"indoor_forward_10_snapdragon,indoor_forward_6_snapdragon,outdoor_forward_1_snapdragon",source_validation_selection,WITHIN_UZH
B2_RIDGE_QF_lag50_alpha1.0_valgrp_outdoor_forward,Ridge+SourceStandardScaler,UZH_FPV,"indoor_45_13_snapdragon,indoor_45_14_snapdragon,indoor_45_2_snapdragon,indoor_45_4_snapdragon,indoor_forward_10_snapdragon,indoor_forward_6_snapdragon",source_validation_selection,WITHIN_UZH
B2_RIDGE_QF_lag50_alpha100.0_valgrp_indoor_forward,Ridge+SourceStandardScaler,UZH_FPV,"indoor_45_13_snapdragon,indoor_45_14_snapdragon,indoor_45_2_snapdragon,indoor_45_4_snapdragon,outdoor_forward_1_snapdragon",source_validation_selection,WITHIN_UZH
B2_RIDGE_QF_lag50_alpha100.0_valgrp_indoor_45,Ridge+SourceStandardScaler,UZH_FPV,"indoor_forward_10_snapdragon,indoor_forward_6_snapdragon,outdoor_forward_1_snapdragon",source_validation_selection,WITHIN_UZH
B2_RIDGE_QF_lag50_alpha100.0_valgrp_outdoor_forward,Ridge+SourceStandardScaler,UZH_FPV,"indoor_45_13_snapdragon,indoor_45_14_snapdragon,indoor_45_2_snapdragon,indoor_45_4_snapdragon,indoor_forward_10_snapdragon,indoor_forward_6_snapdragon",source_validation_selection,WITHIN_UZH
B2_RIDGE_QF_lag100_alpha1e-06_valgrp_indoor_forward,Ridge+SourceStandardScaler,UZH_FPV,"indoor_45_13_snapdragon,indoor_45_14_snapdragon,indoor_45_2_snapdragon,indoor_45_4_snapdragon,outdoor_forward_1_snapdragon",source_validation_selection,WITHIN_UZH
B2_RIDGE_QF_lag100_alpha1e-06_valgrp_indoor_45,Ridge+SourceStandardScaler,UZH_FPV,"indoor_forward_10_snapdragon,indoor_forward_6_snapdragon,outdoor_forward_1_snapdragon",source_validation_selection,WITHIN_UZH
B2_RIDGE_QF_lag100_alpha1e-06_valgrp_outdoor_forward,Ridge+SourceStandardScaler,UZH_FPV,"indoor_45_13_snapdragon,indoor_45_14_snapdragon,indoor_45_2_snapdragon,indoor_45_4_snapdragon,indoor_forward_10_snapdragon,indoor_forward_6_snapdragon",source_validation_selection,WITHIN_UZH
B2_RIDGE_QF_lag100_alpha0.0001_valgrp_indoor_forward,Ridge+SourceStandardScaler,UZH_FPV,"indoor_45_13_snapdragon,indoor_45_14_snapdragon,indoor_45_2_snapdragon,indoor_45_4_snapdragon,outdoor_forward_1_snapdragon",source_validation_selection,WITHIN_UZH
B2_RIDGE_QF_lag100_alpha0.0001_valgrp_indoor_45,Ridge+SourceStandardScaler,UZH_FPV,"indoor_forward_10_snapdragon,indoor_forward_6_snapdragon,outdoor_forward_1_snapdragon",source_validation_selection,WITHIN_UZH
B2_RIDGE_QF_lag100_alpha0.0001_valgrp_outdoor_forward,Ridge+SourceStandardScaler,UZH_FPV,"indoor_45_13_snapdragon,indoor_45_14_snapdragon,indoor_45_2_snapdragon,indoor_45_4_snapdragon,indoor_forward_10_snapdragon,indoor_forward_6_snapdragon",source_validation_selection,WITHIN_UZH
B2_RIDGE_QF_lag100_alpha0.01_valgrp_indoor_forward,Ridge+SourceStandardScaler,UZH_FPV,"indoor_45_13_snapdragon,indoor_45_14_snapdragon,indoor_45_2_snapdragon,indoor_45_4_snapdragon,outdoor_forward_1_snapdragon",source_validation_selection,WITHIN_UZH
B2_RIDGE_QF_lag100_alpha0.01_valgrp_indoor_45,Ridge+SourceStandardScaler,UZH_FPV,"indoor_forward_10_snapdragon,indoor_forward_6_snapdragon,outdoor_forward_1_snapdragon",source_validation_selection,WITHIN_UZH
B2_RIDGE_QF_lag100_alpha0.01_valgrp_outdoor_forward,Ridge+SourceStandardScaler,UZH_FPV,"indoor_45_13_snapdragon,indoor_45_14_snapdragon,indoor_45_2_snapdragon,indoor_45_4_snapdragon,indoor_forward_10_snapdragon,indoor_forward_6_snapdragon",source_validation_selection,WITHIN_UZH
B2_RIDGE_QF_lag100_alpha1.0_valgrp_indoor_forward,Ridge+SourceStandardScaler,UZH_FPV,"indoor_45_13_snapdragon,indoor_45_14_snapdragon,indoor_45_2_snapdragon,indoor_45_4_snapdragon,outdoor_forward_1_snapdragon",source_validation_selection,WITHIN_UZH
B2_RIDGE_QF_lag100_alpha1.0_valgrp_indoor_45,Ridge+SourceStandardScaler,UZH_FPV,"indoor_forward_10_snapdragon,indoor_forward_6_snapdragon,outdoor_forward_1_snapdragon",source_validation_selection,WITHIN_UZH
B2_RIDGE_QF_lag100_alpha1.0_valgrp_outdoor_forward,Ridge+SourceStandardScaler,UZH_FPV,"indoor_45_13_snapdragon,indoor_45_14_snapdragon,indoor_45_2_snapdragon,indoor_45_4_snapdragon,indoor_forward_10_snapdragon,indoor_forward_6_snapdragon",source_validation_selection,WITHIN_UZH
B2_RIDGE_QF_lag100_alpha100.0_valgrp_indoor_forward,Ridge+SourceStandardScaler,UZH_FPV,"indoor_45_13_snapdragon,indoor_45_14_snapdragon,indoor_45_2_snapdragon,indoor_45_4_snapdragon,outdoor_forward_1_snapdragon",source_validation_selection,WITHIN_UZH
B2_RIDGE_QF_lag100_alpha100.0_valgrp_indoor_45,Ridge+SourceStandardScaler,UZH_FPV,"indoor_forward_10_snapdragon,indoor_forward_6_snapdragon,outdoor_forward_1_snapdragon",source_validation_selection,WITHIN_UZH
B2_RIDGE_QF_lag100_alpha100.0_valgrp_outdoor_forward,Ridge+SourceStandardScaler,UZH_FPV,"indoor_45_13_snapdragon,indoor_45_14_snapdragon,indoor_45_2_snapdragon,indoor_45_4_snapdragon,indoor_forward_10_snapdragon,indoor_forward_6_snapdragon",source_validation_selection,WITHIN_UZH
UZH_FPV_LORO_02_indoor_forward_9_snapdragon_B2_RIDGE_QF_final,Ridge+SourceStandardScaler,UZH_FPV,"indoor_45_13_snapdragon,indoor_45_14_snapdragon,indoor_45_2_snapdragon,indoor_45_4_snapdragon,indoor_forward_10_snapdragon,indoor_forward_6_snapdragon,outdoor_forward_1_snapdragon",within_loro_final_refit,WITHIN_UZH
B3_RIDGE_QF_QW_lag10_alpha1e-06_valgrp_indoor_forward,Ridge+SourceStandardScaler,UZH_FPV,"indoor_45_13_snapdragon,indoor_45_14_snapdragon,indoor_45_2_snapdragon,indoor_45_4_snapdragon,outdoor_forward_1_snapdragon",source_validation_selection,WITHIN_UZH
B3_RIDGE_QF_QW_lag10_alpha1e-06_valgrp_indoor_45,Ridge+SourceStandardScaler,UZH_FPV,"indoor_forward_10_snapdragon,indoor_forward_6_snapdragon,outdoor_forward_1_snapdragon",source_validation_selection,WITHIN_UZH
B3_RIDGE_QF_QW_lag10_alpha1e-06_valgrp_outdoor_forward,Ridge+SourceStandardScaler,UZH_FPV,"indoor_45_13_snapdragon,indoor_45_14_snapdragon,indoor_45_2_snapdragon,indoor_45_4_snapdragon,indoor_forward_10_snapdragon,indoor_forward_6_snapdragon",source_validation_selection,WITHIN_UZH
B3_RIDGE_QF_QW_lag10_alpha0.0001_valgrp_indoor_forward,Ridge+SourceStandardScaler,UZH_FPV,"indoor_45_13_snapdragon,indoor_45_14_snapdragon,indoor_45_2_snapdragon,indoor_45_4_snapdragon,outdoor_forward_1_snapdragon",source_validation_selection,WITHIN_UZH
B3_RIDGE_QF_QW_lag10_alpha0.0001_valgrp_indoor_45,Ridge+SourceStandardScaler,UZH_FPV,"indoor_forward_10_snapdragon,indoor_forward_6_snapdragon,outdoor_forward_1_snapdragon",source_validation_selection,WITHIN_UZH
B3_RIDGE_QF_QW_lag10_alpha0.0001_valgrp_outdoor_forward,Ridge+SourceStandardScaler,UZH_FPV,"indoor_45_13_snapdragon,indoor_45_14_snapdragon,indoor_45_2_snapdragon,indoor_45_4_snapdragon,indoor_forward_10_snapdragon,indoor_forward_6_snapdragon",source_validation_selection,WITHIN_UZH
B3_RIDGE_QF_QW_lag10_alpha0.01_valgrp_indoor_forward,Ridge+SourceStandardScaler,UZH_FPV,"indoor_45_13_snapdragon,indoor_45_14_snapdragon,indoor_45_2_snapdragon,indoor_45_4_snapdragon,outdoor_forward_1_snapdragon",source_validation_selection,WITHIN_UZH
B3_RIDGE_QF_QW_lag10_alpha0.01_valgrp_indoor_45,Ridge+SourceStandardScaler,UZH_FPV,"indoor_forward_10_snapdragon,indoor_forward_6_snapdragon,outdoor_forward_1_snapdragon",source_validation_selection,WITHIN_UZH
B3_RIDGE_QF_QW_lag10_alpha0.01_valgrp_outdoor_forward,Ridge+SourceStandardScaler,UZH_FPV,"indoor_45_13_snapdragon,indoor_45_14_snapdragon,indoor_45_2_snapdragon,indoor_45_4_snapdragon,indoor_forward_10_snapdragon,indoor_forward_6_snapdragon",source_validation_selection,WITHIN_UZH
B3_RIDGE_QF_QW_lag10_alpha1.0_valgrp_indoor_forward,Ridge+SourceStandardScaler,UZH_FPV,"indoor_45_13_snapdragon,indoor_45_14_snapdragon,indoor_45_2_snapdragon,indoor_45_4_snapdragon,outdoor_forward_1_snapdragon",source_validation_selection,WITHIN_UZH
B3_RIDGE_QF_QW_lag10_alpha1.0_valgrp_indoor_45,Ridge+SourceStandardScaler,UZH_FPV,"indoor_forward_10_snapdragon,indoor_forward_6_snapdragon,outdoor_forward_1_snapdragon",source_validation_selection,WITHIN_UZH
B3_RIDGE_QF_QW_lag10_alpha1.0_valgrp_outdoor_forward,Ridge+SourceStandardScaler,UZH_FPV,"indoor_45_13_snapdragon,indoor_45_14_snapdragon,indoor_45_2_snapdragon,indoor_45_4_snapdragon,indoor_forward_10_snapdragon,indoor_forward_6_snapdragon",source_validation_selection,WITHIN_UZH
B3_RIDGE_QF_QW_lag10_alpha100.0_valgrp_indoor_forward,Ridge+SourceStandardScaler,UZH_FPV,"indoor_45_13_snapdragon,indoor_45_14_snapdragon,indoor_45_2_snapdragon,indoor_45_4_snapdragon,outdoor_forward_1_snapdragon",source_validation_selection,WITHIN_UZH
B3_RIDGE_QF_QW_lag10_alpha100.0_valgrp_indoor_45,Ridge+SourceStandardScaler,UZH_FPV,"indoor_forward_10_snapdragon,indoor_forward_6_snapdragon,outdoor_forward_1_snapdragon",source_validation_selection,WITHIN_UZH
B3_RIDGE_QF_QW_lag10_alpha100.0_valgrp_outdoor_forward,Ridge+SourceStandardScaler,UZH_FPV,"indoor_45_13_snapdragon,indoor_45_14_snapdragon,indoor_45_2_snapdragon,indoor_45_4_snapdragon,indoor_forward_10_snapdragon,indoor_forward_6_snapdragon",source_validation_selection,WITHIN_UZH
B3_RIDGE_QF_QW_lag25_alpha1e-06_valgrp_indoor_forward,Ridge+SourceStandardScaler,UZH_FPV,"indoor_45_13_snapdragon,indoor_45_14_snapdragon,indoor_45_2_snapdragon,indoor_45_4_snapdragon,outdoor_forward_1_snapdragon",source_validation_selection,WITHIN_UZH
B3_RIDGE_QF_QW_lag25_alpha1e-06_valgrp_indoor_45,Ridge+SourceStandardScaler,UZH_FPV,"indoor_forward_10_snapdragon,indoor_forward_6_snapdragon,outdoor_forward_1_snapdragon",source_validation_selection,WITHIN_UZH
B3_RIDGE_QF_QW_lag25_alpha1e-06_valgrp_outdoor_forward,Ridge+SourceStandardScaler,UZH_FPV,"indoor_45_13_snapdragon,indoor_45_14_snapdragon,indoor_45_2_snapdragon,indoor_45_4_snapdragon,indoor_forward_10_snapdragon,indoor_forward_6_snapdragon",source_validation_selection,WITHIN_UZH
B3_RIDGE_QF_QW_lag25_alpha0.0001_valgrp_indoor_forward,Ridge+SourceStandardScaler,UZH_FPV,"indoor_45_13_snapdragon,indoor_45_14_snapdragon,indoor_45_2_snapdragon,indoor_45_4_snapdragon,outdoor_forward_1_snapdragon",source_validation_selection,WITHIN_UZH
B3_RIDGE_QF_QW_lag25_alpha0.0001_valgrp_indoor_45,Ridge+SourceStandardScaler,UZH_FPV,"indoor_forward_10_snapdragon,indoor_forward_6_snapdragon,outdoor_forward_1_snapdragon",source_validation_selection,WITHIN_UZH
B3_RIDGE_QF_QW_lag25_alpha0.0001_valgrp_outdoor_forward,Ridge+SourceStandardScaler,UZH_FPV,"indoor_45_13_snapdragon,indoor_45_14_snapdragon,indoor_45_2_snapdragon,indoor_45_4_snapdragon,indoor_forward_10_snapdragon,indoor_forward_6_snapdragon",source_validation_selection,WITHIN_UZH
B3_RIDGE_QF_QW_lag25_alpha0.01_valgrp_indoor_forward,Ridge+SourceStandardScaler,UZH_FPV,"indoor_45_13_snapdragon,indoor_45_14_snapdragon,indoor_45_2_snapdragon,indoor_45_4_snapdragon,outdoor_forward_1_snapdragon",source_validation_selection,WITHIN_UZH
B3_RIDGE_QF_QW_lag25_alpha0.01_valgrp_indoor_45,Ridge+SourceStandardScaler,UZH_FPV,"indoor_forward_10_snapdragon,indoor_forward_6_snapdragon,outdoor_forward_1_snapdragon",source_validation_selection,WITHIN_UZH
B3_RIDGE_QF_QW_lag25_alpha0.01_valgrp_outdoor_forward,Ridge+SourceStandardScaler,UZH_FPV,"indoor_45_13_snapdragon,indoor_45_14_snapdragon,indoor_45_2_snapdragon,indoor_45_4_snapdragon,indoor_forward_10_snapdragon,indoor_forward_6_snapdragon",source_validation_selection,WITHIN_UZH
B3_RIDGE_QF_QW_lag25_alpha1.0_valgrp_indoor_forward,Ridge+SourceStandardScaler,UZH_FPV,"indoor_45_13_snapdragon,indoor_45_14_snapdragon,indoor_45_2_snapdragon,indoor_45_4_snapdragon,outdoor_forward_1_snapdragon",source_validation_selection,WITHIN_UZH
B3_RIDGE_QF_QW_lag25_alpha1.0_valgrp_indoor_45,Ridge+SourceStandardScaler,UZH_FPV,"indoor_forward_10_snapdragon,indoor_forward_6_snapdragon,outdoor_forward_1_snapdragon",source_validation_selection,WITHIN_UZH
B3_RIDGE_QF_QW_lag25_alpha1.0_valgrp_outdoor_forward,Ridge+SourceStandardScaler,UZH_FPV,"indoor_45_13_snapdragon,indoor_45_14_snapdragon,indoor_45_2_snapdragon,indoor_45_4_snapdragon,indoor_forward_10_snapdragon,indoor_forward_6_snapdragon",source_validation_selection,WITHIN_UZH
B3_RIDGE_QF_QW_lag25_alpha100.0_valgrp_indoor_forward,Ridge+SourceStandardScaler,UZH_FPV,"indoor_45_13_snapdragon,indoor_45_14_snapdragon,indoor_45_2_snapdragon,indoor_45_4_snapdragon,outdoor_forward_1_snapdragon",source_validation_selection,WITHIN_UZH
B3_RIDGE_QF_QW_lag25_alpha100.0_valgrp_indoor_45,Ridge+SourceStandardScaler,UZH_FPV,"indoor_forward_10_snapdragon,indoor_forward_6_snapdragon,outdoor_forward_1_snapdragon",source_validation_selection,WITHIN_UZH
B3_RIDGE_QF_QW_lag25_alpha100.0_valgrp_outdoor_forward,Ridge+SourceStandardScaler,UZH_FPV,"indoor_45_13_snapdragon,indoor_45_14_snapdragon,indoor_45_2_snapdragon,indoor_45_4_snapdragon,indoor_forward_10_snapdragon,indoor_forward_6_snapdragon",source_validation_selection,WITHIN_UZH
B3_RIDGE_QF_QW_lag50_alpha1e-06_valgrp_indoor_forward,Ridge+SourceStandardScaler,UZH_FPV,"indoor_45_13_snapdragon,indoor_45_14_snapdragon,indoor_45_2_snapdragon,indoor_45_4_snapdragon,outdoor_forward_1_snapdragon",source_validation_selection,WITHIN_UZH
B3_RIDGE_QF_QW_lag50_alpha1e-06_valgrp_indoor_45,Ridge+SourceStandardScaler,UZH_FPV,"indoor_forward_10_snapdragon,indoor_forward_6_snapdragon,outdoor_forward_1_snapdragon",source_validation_selection,WITHIN_UZH
B3_RIDGE_QF_QW_lag50_alpha1e-06_valgrp_outdoor_forward,Ridge+SourceStandardScaler,UZH_FPV,"indoor_45_13_snapdragon,indoor_45_14_snapdragon,indoor_45_2_snapdragon,indoor_45_4_snapdragon,indoor_forward_10_snapdragon,indoor_forward_6_snapdragon",source_validation_selection,WITHIN_UZH
B3_RIDGE_QF_QW_lag50_alpha0.0001_valgrp_indoor_forward,Ridge+SourceStandardScaler,UZH_FPV,"indoor_45_13_snapdragon,indoor_45_14_snapdragon,indoor_45_2_snapdragon,indoor_45_4_snapdragon,outdoor_forward_1_snapdragon",source_validation_selection,WITHIN_UZH
B3_RIDGE_QF_QW_lag50_alpha0.0001_valgrp_indoor_45,Ridge+SourceStandardScaler,UZH_FPV,"indoor_forward_10_snapdragon,indoor_forward_6_snapdragon,outdoor_forward_1_snapdragon",source_validation_selection,WITHIN_UZH
B3_RIDGE_QF_QW_lag50_alpha0.0001_valgrp_outdoor_forward,Ridge+SourceStandardScaler,UZH_FPV,"indoor_45_13_snapdragon,indoor_45_14_snapdragon,indoor_45_2_snapdragon,indoor_45_4_snapdragon,indoor_forward_10_snapdragon,indoor_forward_6_snapdragon",source_validation_selection,WITHIN_UZH
B3_RIDGE_QF_QW_lag50_alpha0.01_valgrp_indoor_forward,Ridge+SourceStandardScaler,UZH_FPV,"indoor_45_13_snapdragon,indoor_45_14_snapdragon,indoor_45_2_snapdragon,indoor_45_4_snapdragon,outdoor_forward_1_snapdragon",source_validation_selection,WITHIN_UZH
B3_RIDGE_QF_QW_lag50_alpha0.01_valgrp_indoor_45,Ridge+SourceStandardScaler,UZH_FPV,"indoor_forward_10_snapdragon,indoor_forward_6_snapdragon,outdoor_forward_1_snapdragon",source_validation_selection,WITHIN_UZH
B3_RIDGE_QF_QW_lag50_alpha0.01_valgrp_outdoor_forward,Ridge+SourceStandardScaler,UZH_FPV,"indoor_45_13_snapdragon,indoor_45_14_snapdragon,indoor_45_2_snapdragon,indoor_45_4_snapdragon,indoor_forward_10_snapdragon,indoor_forward_6_snapdragon",source_validation_selection,WITHIN_UZH
B3_RIDGE_QF_QW_lag50_alpha1.0_valgrp_indoor_forward,Ridge+SourceStandardScaler,UZH_FPV,"indoor_45_13_snapdragon,indoor_45_14_snapdragon,indoor_45_2_snapdragon,indoor_45_4_snapdragon,outdoor_forward_1_snapdragon",source_validation_selection,WITHIN_UZH
B3_RIDGE_QF_QW_lag50_alpha1.0_valgrp_indoor_45,Ridge+SourceStandardScaler,UZH_FPV,"indoor_forward_10_snapdragon,indoor_forward_6_snapdragon,outdoor_forward_1_snapdragon",source_validation_selection,WITHIN_UZH
B3_RIDGE_QF_QW_lag50_alpha1.0_valgrp_outdoor_forward,Ridge+SourceStandardScaler,UZH_FPV,"indoor_45_13_snapdragon,indoor_45_14_snapdragon,indoor_45_2_snapdragon,indoor_45_4_snapdragon,indoor_forward_10_snapdragon,indoor_forward_6_snapdragon",source_validation_selection,WITHIN_UZH
B3_RIDGE_QF_QW_lag50_alpha100.0_valgrp_indoor_forward,Ridge+SourceStandardScaler,UZH_FPV,"indoor_45_13_snapdragon,indoor_45_14_snapdragon,indoor_45_2_snapdragon,indoor_45_4_snapdragon,outdoor_forward_1_snapdragon",source_validation_selection,WITHIN_UZH
B3_RIDGE_QF_QW_lag50_alpha100.0_valgrp_indoor_45,Ridge+SourceStandardScaler,UZH_FPV,"indoor_forward_10_snapdragon,indoor_forward_6_snapdragon,outdoor_forward_1_snapdragon",source_validation_selection,WITHIN_UZH
B3_RIDGE_QF_QW_lag50_alpha100.0_valgrp_outdoor_forward,Ridge+SourceStandardScaler,UZH_FPV,"indoor_45_13_snapdragon,indoor_45_14_snapdragon,indoor_45_2_snapdragon,indoor_45_4_snapdragon,indoor_forward_10_snapdragon,indoor_forward_6_snapdragon",source_validation_selection,WITHIN_UZH
B3_RIDGE_QF_QW_lag100_alpha1e-06_valgrp_indoor_forward,Ridge+SourceStandardScaler,UZH_FPV,"indoor_45_13_snapdragon,indoor_45_14_snapdragon,indoor_45_2_snapdragon,indoor_45_4_snapdragon,outdoor_forward_1_snapdragon",source_validation_selection,WITHIN_UZH
B3_RIDGE_QF_QW_lag100_alpha1e-06_valgrp_indoor_45,Ridge+SourceStandardScaler,UZH_FPV,"indoor_forward_10_snapdragon,indoor_forward_6_snapdragon,outdoor_forward_1_snapdragon",source_validation_selection,WITHIN_UZH
B3_RIDGE_QF_QW_lag100_alpha1e-06_valgrp_outdoor_forward,Ridge+SourceStandardScaler,UZH_FPV,"indoor_45_13_snapdragon,indoor_45_14_snapdragon,indoor_45_2_snapdragon,indoor_45_4_snapdragon,indoor_forward_10_snapdragon,indoor_forward_6_snapdragon",source_validation_selection,WITHIN_UZH
B3_RIDGE_QF_QW_lag100_alpha0.0001_valgrp_indoor_forward,Ridge+SourceStandardScaler,UZH_FPV,"indoor_45_13_snapdragon,indoor_45_14_snapdragon,indoor_45_2_snapdragon,indoor_45_4_snapdragon,outdoor_forward_1_snapdragon",source_validation_selection,WITHIN_UZH
B3_RIDGE_QF_QW_lag100_alpha0.0001_valgrp_indoor_45,Ridge+SourceStandardScaler,UZH_FPV,"indoor_forward_10_snapdragon,indoor_forward_6_snapdragon,outdoor_forward_1_snapdragon",source_validation_selection,WITHIN_UZH
B3_RIDGE_QF_QW_lag100_alpha0.0001_valgrp_outdoor_forward,Ridge+SourceStandardScaler,UZH_FPV,"indoor_45_13_snapdragon,indoor_45_14_snapdragon,indoor_45_2_snapdragon,indoor_45_4_snapdragon,indoor_forward_10_snapdragon,indoor_forward_6_snapdragon",source_validation_selection,WITHIN_UZH
B3_RIDGE_QF_QW_lag100_alpha0.01_valgrp_indoor_forward,Ridge+SourceStandardScaler,UZH_FPV,"indoor_45_13_snapdragon,indoor_45_14_snapdragon,indoor_45_2_snapdragon,indoor_45_4_snapdragon,outdoor_forward_1_snapdragon",source_validation_selection,WITHIN_UZH
B3_RIDGE_QF_QW_lag100_alpha0.01_valgrp_indoor_45,Ridge+SourceStandardScaler,UZH_FPV,"indoor_forward_10_snapdragon,indoor_forward_6_snapdragon,outdoor_forward_1_snapdragon",source_validation_selection,WITHIN_UZH
B3_RIDGE_QF_QW_lag100_alpha0.01_valgrp_outdoor_forward,Ridge+SourceStandardScaler,UZH_FPV,"indoor_45_13_snapdragon,indoor_45_14_snapdragon,indoor_45_2_snapdragon,indoor_45_4_snapdragon,indoor_forward_10_snapdragon,indoor_forward_6_snapdragon",source_validation_selection,WITHIN_UZH
B3_RIDGE_QF_QW_lag100_alpha1.0_valgrp_indoor_forward,Ridge+SourceStandardScaler,UZH_FPV,"indoor_45_13_snapdragon,indoor_45_14_snapdragon,indoor_45_2_snapdragon,indoor_45_4_snapdragon,outdoor_forward_1_snapdragon",source_validation_selection,WITHIN_UZH
B3_RIDGE_QF_QW_lag100_alpha1.0_valgrp_indoor_45,Ridge+SourceStandardScaler,UZH_FPV,"indoor_forward_10_snapdragon,indoor_forward_6_snapdragon,outdoor_forward_1_snapdragon",source_validation_selection,WITHIN_UZH
B3_RIDGE_QF_QW_lag100_alpha1.0_valgrp_outdoor_forward,Ridge+SourceStandardScaler,UZH_FPV,"indoor_45_13_snapdragon,indoor_45_14_snapdragon,indoor_45_2_snapdragon,indoor_45_4_snapdragon,indoor_forward_10_snapdragon,indoor_forward_6_snapdragon",source_validation_selection,WITHIN_UZH
B3_RIDGE_QF_QW_lag100_alpha100.0_valgrp_indoor_forward,Ridge+SourceStandardScaler,UZH_FPV,"indoor_45_13_snapdragon,indoor_45_14_snapdragon,indoor_45_2_snapdragon,indoor_45_4_snapdragon,outdoor_forward_1_snapdragon",source_validation_selection,WITHIN_UZH
B3_RIDGE_QF_QW_lag100_alpha100.0_valgrp_indoor_45,Ridge+SourceStandardScaler,UZH_FPV,"indoor_forward_10_snapdragon,indoor_forward_6_snapdragon,outdoor_forward_1_snapdragon",source_validation_selection,WITHIN_UZH
B3_RIDGE_QF_QW_lag100_alpha100.0_valgrp_outdoor_forward,Ridge+SourceStandardScaler,UZH_FPV,"indoor_45_13_snapdragon,indoor_45_14_snapdragon,indoor_45_2_snapdragon,indoor_45_4_snapdragon,indoor_forward_10_snapdragon,indoor_forward_6_snapdragon",source_validation_selection,WITHIN_UZH
UZH_FPV_LORO_02_indoor_forward_9_snapdragon_B3_RIDGE_QF_QW_final,Ridge+SourceStandardScaler,UZH_FPV,"indoor_45_13_snapdragon,indoor_45_14_snapdragon,indoor_45_2_snapdragon,indoor_45_4_snapdragon,indoor_forward_10_snapdragon,indoor_forward_6_snapdragon,outdoor_forward_1_snapdragon",within_loro_final_refit,WITHIN_UZH
B2_RIDGE_QF_lag10_alpha1e-06_valgrp_indoor_forward,Ridge+SourceStandardScaler,UZH_FPV,"indoor_45_13_snapdragon,indoor_45_14_snapdragon,indoor_45_2_snapdragon,indoor_45_4_snapdragon,outdoor_forward_1_snapdragon",source_validation_selection,WITHIN_UZH
B2_RIDGE_QF_lag10_alpha1e-06_valgrp_indoor_45,Ridge+SourceStandardScaler,UZH_FPV,"indoor_forward_6_snapdragon,indoor_forward_9_snapdragon,outdoor_forward_1_snapdragon",source_validation_selection,WITHIN_UZH
B2_RIDGE_QF_lag10_alpha1e-06_valgrp_outdoor_forward,Ridge+SourceStandardScaler,UZH_FPV,"indoor_45_13_snapdragon,indoor_45_14_snapdragon,indoor_45_2_snapdragon,indoor_45_4_snapdragon,indoor_forward_6_snapdragon,indoor_forward_9_snapdragon",source_validation_selection,WITHIN_UZH
B2_RIDGE_QF_lag10_alpha0.0001_valgrp_indoor_forward,Ridge+SourceStandardScaler,UZH_FPV,"indoor_45_13_snapdragon,indoor_45_14_snapdragon,indoor_45_2_snapdragon,indoor_45_4_snapdragon,outdoor_forward_1_snapdragon",source_validation_selection,WITHIN_UZH
B2_RIDGE_QF_lag10_alpha0.0001_valgrp_indoor_45,Ridge+SourceStandardScaler,UZH_FPV,"indoor_forward_6_snapdragon,indoor_forward_9_snapdragon,outdoor_forward_1_snapdragon",source_validation_selection,WITHIN_UZH
B2_RIDGE_QF_lag10_alpha0.0001_valgrp_outdoor_forward,Ridge+SourceStandardScaler,UZH_FPV,"indoor_45_13_snapdragon,indoor_45_14_snapdragon,indoor_45_2_snapdragon,indoor_45_4_snapdragon,indoor_forward_6_snapdragon,indoor_forward_9_snapdragon",source_validation_selection,WITHIN_UZH
B2_RIDGE_QF_lag10_alpha0.01_valgrp_indoor_forward,Ridge+SourceStandardScaler,UZH_FPV,"indoor_45_13_snapdragon,indoor_45_14_snapdragon,indoor_45_2_snapdragon,indoor_45_4_snapdragon,outdoor_forward_1_snapdragon",source_validation_selection,WITHIN_UZH
B2_RIDGE_QF_lag10_alpha0.01_valgrp_indoor_45,Ridge+SourceStandardScaler,UZH_FPV,"indoor_forward_6_snapdragon,indoor_forward_9_snapdragon,outdoor_forward_1_snapdragon",source_validation_selection,WITHIN_UZH
B2_RIDGE_QF_lag10_alpha0.01_valgrp_outdoor_forward,Ridge+SourceStandardScaler,UZH_FPV,"indoor_45_13_snapdragon,indoor_45_14_snapdragon,indoor_45_2_snapdragon,indoor_45_4_snapdragon,indoor_forward_6_snapdragon,indoor_forward_9_snapdragon",source_validation_selection,WITHIN_UZH
B2_RIDGE_QF_lag10_alpha1.0_valgrp_indoor_forward,Ridge+SourceStandardScaler,UZH_FPV,"indoor_45_13_snapdragon,indoor_45_14_snapdragon,indoor_45_2_snapdragon,indoor_45_4_snapdragon,outdoor_forward_1_snapdragon",source_validation_selection,WITHIN_UZH
B2_RIDGE_QF_lag10_alpha1.0_valgrp_indoor_45,Ridge+SourceStandardScaler,UZH_FPV,"indoor_forward_6_snapdragon,indoor_forward_9_snapdragon,outdoor_forward_1_snapdragon",source_validation_selection,WITHIN_UZH
B2_RIDGE_QF_lag10_alpha1.0_valgrp_outdoor_forward,Ridge+SourceStandardScaler,UZH_FPV,"indoor_45_13_snapdragon,indoor_45_14_snapdragon,indoor_45_2_snapdragon,indoor_45_4_snapdragon,indoor_forward_6_snapdragon,indoor_forward_9_snapdragon",source_validation_selection,WITHIN_UZH
B2_RIDGE_QF_lag10_alpha100.0_valgrp_indoor_forward,Ridge+SourceStandardScaler,UZH_FPV,"indoor_45_13_snapdragon,indoor_45_14_snapdragon,indoor_45_2_snapdragon,indoor_45_4_snapdragon,outdoor_forward_1_snapdragon",source_validation_selection,WITHIN_UZH
B2_RIDGE_QF_lag10_alpha100.0_valgrp_indoor_45,Ridge+SourceStandardScaler,UZH_FPV,"indoor_forward_6_snapdragon,indoor_forward_9_snapdragon,outdoor_forward_1_snapdragon",source_validation_selection,WITHIN_UZH
B2_RIDGE_QF_lag10_alpha100.0_valgrp_outdoor_forward,Ridge+SourceStandardScaler,UZH_FPV,"indoor_45_13_snapdragon,indoor_45_14_snapdragon,indoor_45_2_snapdragon,indoor_45_4_snapdragon,indoor_forward_6_snapdragon,indoor_forward_9_snapdragon",source_validation_selection,WITHIN_UZH
B2_RIDGE_QF_lag25_alpha1e-06_valgrp_indoor_forward,Ridge+SourceStandardScaler,UZH_FPV,"indoor_45_13_snapdragon,indoor_45_14_snapdragon,indoor_45_2_snapdragon,indoor_45_4_snapdragon,outdoor_forward_1_snapdragon",source_validation_selection,WITHIN_UZH
B2_RIDGE_QF_lag25_alpha1e-06_valgrp_indoor_45,Ridge+SourceStandardScaler,UZH_FPV,"indoor_forward_6_snapdragon,indoor_forward_9_snapdragon,outdoor_forward_1_snapdragon",source_validation_selection,WITHIN_UZH
B2_RIDGE_QF_lag25_alpha1e-06_valgrp_outdoor_forward,Ridge+SourceStandardScaler,UZH_FPV,"indoor_45_13_snapdragon,indoor_45_14_snapdragon,indoor_45_2_snapdragon,indoor_45_4_snapdragon,indoor_forward_6_snapdragon,indoor_forward_9_snapdragon",source_validation_selection,WITHIN_UZH
B2_RIDGE_QF_lag25_alpha0.0001_valgrp_indoor_forward,Ridge+SourceStandardScaler,UZH_FPV,"indoor_45_13_snapdragon,indoor_45_14_snapdragon,indoor_45_2_snapdragon,indoor_45_4_snapdragon,outdoor_forward_1_snapdragon",source_validation_selection,WITHIN_UZH
B2_RIDGE_QF_lag25_alpha0.0001_valgrp_indoor_45,Ridge+SourceStandardScaler,UZH_FPV,"indoor_forward_6_snapdragon,indoor_forward_9_snapdragon,outdoor_forward_1_snapdragon",source_validation_selection,WITHIN_UZH
B2_RIDGE_QF_lag25_alpha0.0001_valgrp_outdoor_forward,Ridge+SourceStandardScaler,UZH_FPV,"indoor_45_13_snapdragon,indoor_45_14_snapdragon,indoor_45_2_snapdragon,indoor_45_4_snapdragon,indoor_forward_6_snapdragon,indoor_forward_9_snapdragon",source_validation_selection,WITHIN_UZH
B2_RIDGE_QF_lag25_alpha0.01_valgrp_indoor_forward,Ridge+SourceStandardScaler,UZH_FPV,"indoor_45_13_snapdragon,indoor_45_14_snapdragon,indoor_45_2_snapdragon,indoor_45_4_snapdragon,outdoor_forward_1_snapdragon",source_validation_selection,WITHIN_UZH
B2_RIDGE_QF_lag25_alpha0.01_valgrp_indoor_45,Ridge+SourceStandardScaler,UZH_FPV,"indoor_forward_6_snapdragon,indoor_forward_9_snapdragon,outdoor_forward_1_snapdragon",source_validation_selection,WITHIN_UZH
B2_RIDGE_QF_lag25_alpha0.01_valgrp_outdoor_forward,Ridge+SourceStandardScaler,UZH_FPV,"indoor_45_13_snapdragon,indoor_45_14_snapdragon,indoor_45_2_snapdragon,indoor_45_4_snapdragon,indoor_forward_6_snapdragon,indoor_forward_9_snapdragon",source_validation_selection,WITHIN_UZH
B2_RIDGE_QF_lag25_alpha1.0_valgrp_indoor_forward,Ridge+SourceStandardScaler,UZH_FPV,"indoor_45_13_snapdragon,indoor_45_14_snapdragon,indoor_45_2_snapdragon,indoor_45_4_snapdragon,outdoor_forward_1_snapdragon",source_validation_selection,WITHIN_UZH
B2_RIDGE_QF_lag25_alpha1.0_valgrp_indoor_45,Ridge+SourceStandardScaler,UZH_FPV,"indoor_forward_6_snapdragon,indoor_forward_9_snapdragon,outdoor_forward_1_snapdragon",source_validation_selection,WITHIN_UZH
B2_RIDGE_QF_lag25_alpha1.0_valgrp_outdoor_forward,Ridge+SourceStandardScaler,UZH_FPV,"indoor_45_13_snapdragon,indoor_45_14_snapdragon,indoor_45_2_snapdragon,indoor_45_4_snapdragon,indoor_forward_6_snapdragon,indoor_forward_9_snapdragon",source_validation_selection,WITHIN_UZH
B2_RIDGE_QF_lag25_alpha100.0_valgrp_indoor_forward,Ridge+SourceStandardScaler,UZH_FPV,"indoor_45_13_snapdragon,indoor_45_14_snapdragon,indoor_45_2_snapdragon,indoor_45_4_snapdragon,outdoor_forward_1_snapdragon",source_validation_selection,WITHIN_UZH
B2_RIDGE_QF_lag25_alpha100.0_valgrp_indoor_45,Ridge+SourceStandardScaler,UZH_FPV,"indoor_forward_6_snapdragon,indoor_forward_9_snapdragon,outdoor_forward_1_snapdragon",source_validation_selection,WITHIN_UZH
B2_RIDGE_QF_lag25_alpha100.0_valgrp_outdoor_forward,Ridge+SourceStandardScaler,UZH_FPV,"indoor_45_13_snapdragon,indoor_45_14_snapdragon,indoor_45_2_snapdragon,indoor_45_4_snapdragon,indoor_forward_6_snapdragon,indoor_forward_9_snapdragon",source_validation_selection,WITHIN_UZH
B2_RIDGE_QF_lag50_alpha1e-06_valgrp_indoor_forward,Ridge+SourceStandardScaler,UZH_FPV,"indoor_45_13_snapdragon,indoor_45_14_snapdragon,indoor_45_2_snapdragon,indoor_45_4_snapdragon,outdoor_forward_1_snapdragon",source_validation_selection,WITHIN_UZH
B2_RIDGE_QF_lag50_alpha1e-06_valgrp_indoor_45,Ridge+SourceStandardScaler,UZH_FPV,"indoor_forward_6_snapdragon,indoor_forward_9_snapdragon,outdoor_forward_1_snapdragon",source_validation_selection,WITHIN_UZH
B2_RIDGE_QF_lag50_alpha1e-06_valgrp_outdoor_forward,Ridge+SourceStandardScaler,UZH_FPV,"indoor_45_13_snapdragon,indoor_45_14_snapdragon,indoor_45_2_snapdragon,indoor_45_4_snapdragon,indoor_forward_6_snapdragon,indoor_forward_9_snapdragon",source_validation_selection,WITHIN_UZH
B2_RIDGE_QF_lag50_alpha0.0001_valgrp_indoor_forward,Ridge+SourceStandardScaler,UZH_FPV,"indoor_45_13_snapdragon,indoor_45_14_snapdragon,indoor_45_2_snapdragon,indoor_45_4_snapdragon,outdoor_forward_1_snapdragon",source_validation_selection,WITHIN_UZH
B2_RIDGE_QF_lag50_alpha0.0001_valgrp_indoor_45,Ridge+SourceStandardScaler,UZH_FPV,"indoor_forward_6_snapdragon,indoor_forward_9_snapdragon,outdoor_forward_1_snapdragon",source_validation_selection,WITHIN_UZH
B2_RIDGE_QF_lag50_alpha0.0001_valgrp_outdoor_forward,Ridge+SourceStandardScaler,UZH_FPV,"indoor_45_13_snapdragon,indoor_45_14_snapdragon,indoor_45_2_snapdragon,indoor_45_4_snapdragon,indoor_forward_6_snapdragon,indoor_forward_9_snapdragon",source_validation_selection,WITHIN_UZH
B2_RIDGE_QF_lag50_alpha0.01_valgrp_indoor_forward,Ridge+SourceStandardScaler,UZH_FPV,"indoor_45_13_snapdragon,indoor_45_14_snapdragon,indoor_45_2_snapdragon,indoor_45_4_snapdragon,outdoor_forward_1_snapdragon",source_validation_selection,WITHIN_UZH
B2_RIDGE_QF_lag50_alpha0.01_valgrp_indoor_45,Ridge+SourceStandardScaler,UZH_FPV,"indoor_forward_6_snapdragon,indoor_forward_9_snapdragon,outdoor_forward_1_snapdragon",source_validation_selection,WITHIN_UZH
B2_RIDGE_QF_lag50_alpha0.01_valgrp_outdoor_forward,Ridge+SourceStandardScaler,UZH_FPV,"indoor_45_13_snapdragon,indoor_45_14_snapdragon,indoor_45_2_snapdragon,indoor_45_4_snapdragon,indoor_forward_6_snapdragon,indoor_forward_9_snapdragon",source_validation_selection,WITHIN_UZH
B2_RIDGE_QF_lag50_alpha1.0_valgrp_indoor_forward,Ridge+SourceStandardScaler,UZH_FPV,"indoor_45_13_snapdragon,indoor_45_14_snapdragon,indoor_45_2_snapdragon,indoor_45_4_snapdragon,outdoor_forward_1_snapdragon",source_validation_selection,WITHIN_UZH
B2_RIDGE_QF_lag50_alpha1.0_valgrp_indoor_45,Ridge+SourceStandardScaler,UZH_FPV,"indoor_forward_6_snapdragon,indoor_forward_9_snapdragon,outdoor_forward_1_snapdragon",source_validation_selection,WITHIN_UZH
B2_RIDGE_QF_lag50_alpha1.0_valgrp_outdoor_forward,Ridge+SourceStandardScaler,UZH_FPV,"indoor_45_13_snapdragon,indoor_45_14_snapdragon,indoor_45_2_snapdragon,indoor_45_4_snapdragon,indoor_forward_6_snapdragon,indoor_forward_9_snapdragon",source_validation_selection,WITHIN_UZH
B2_RIDGE_QF_lag50_alpha100.0_valgrp_indoor_forward,Ridge+SourceStandardScaler,UZH_FPV,"indoor_45_13_snapdragon,indoor_45_14_snapdragon,indoor_45_2_snapdragon,indoor_45_4_snapdragon,outdoor_forward_1_snapdragon",source_validation_selection,WITHIN_UZH
B2_RIDGE_QF_lag50_alpha100.0_valgrp_indoor_45,Ridge+SourceStandardScaler,UZH_FPV,"indoor_forward_6_snapdragon,indoor_forward_9_snapdragon,outdoor_forward_1_snapdragon",source_validation_selection,WITHIN_UZH
B2_RIDGE_QF_lag50_alpha100.0_valgrp_outdoor_forward,Ridge+SourceStandardScaler,UZH_FPV,"indoor_45_13_snapdragon,indoor_45_14_snapdragon,indoor_45_2_snapdragon,indoor_45_4_snapdragon,indoor_forward_6_snapdragon,indoor_forward_9_snapdragon",source_validation_selection,WITHIN_UZH
B2_RIDGE_QF_lag100_alpha1e-06_valgrp_indoor_forward,Ridge+SourceStandardScaler,UZH_FPV,"indoor_45_13_snapdragon,indoor_45_14_snapdragon,indoor_45_2_snapdragon,indoor_45_4_snapdragon,outdoor_forward_1_snapdragon",source_validation_selection,WITHIN_UZH
B2_RIDGE_QF_lag100_alpha1e-06_valgrp_indoor_45,Ridge+SourceStandardScaler,UZH_FPV,"indoor_forward_6_snapdragon,indoor_forward_9_snapdragon,outdoor_forward_1_snapdragon",source_validation_selection,WITHIN_UZH
B2_RIDGE_QF_lag100_alpha1e-06_valgrp_outdoor_forward,Ridge+SourceStandardScaler,UZH_FPV,"indoor_45_13_snapdragon,indoor_45_14_snapdragon,indoor_45_2_snapdragon,indoor_45_4_snapdragon,indoor_forward_6_snapdragon,indoor_forward_9_snapdragon",source_validation_selection,WITHIN_UZH
B2_RIDGE_QF_lag100_alpha0.0001_valgrp_indoor_forward,Ridge+SourceStandardScaler,UZH_FPV,"indoor_45_13_snapdragon,indoor_45_14_snapdragon,indoor_45_2_snapdragon,indoor_45_4_snapdragon,outdoor_forward_1_snapdragon",source_validation_selection,WITHIN_UZH
B2_RIDGE_QF_lag100_alpha0.0001_valgrp_indoor_45,Ridge+SourceStandardScaler,UZH_FPV,"indoor_forward_6_snapdragon,indoor_forward_9_snapdragon,outdoor_forward_1_snapdragon",source_validation_selection,WITHIN_UZH
B2_RIDGE_QF_lag100_alpha0.0001_valgrp_outdoor_forward,Ridge+SourceStandardScaler,UZH_FPV,"indoor_45_13_snapdragon,indoor_45_14_snapdragon,indoor_45_2_snapdragon,indoor_45_4_snapdragon,indoor_forward_6_snapdragon,indoor_forward_9_snapdragon",source_validation_selection,WITHIN_UZH
B2_RIDGE_QF_lag100_alpha0.01_valgrp_indoor_forward,Ridge+SourceStandardScaler,UZH_FPV,"indoor_45_13_snapdragon,indoor_45_14_snapdragon,indoor_45_2_snapdragon,indoor_45_4_snapdragon,outdoor_forward_1_snapdragon",source_validation_selection,WITHIN_UZH
B2_RIDGE_QF_lag100_alpha0.01_valgrp_indoor_45,Ridge+SourceStandardScaler,UZH_FPV,"indoor_forward_6_snapdragon,indoor_forward_9_snapdragon,outdoor_forward_1_snapdragon",source_validation_selection,WITHIN_UZH
B2_RIDGE_QF_lag100_alpha0.01_valgrp_outdoor_forward,Ridge+SourceStandardScaler,UZH_FPV,"indoor_45_13_snapdragon,indoor_45_14_snapdragon,indoor_45_2_snapdragon,indoor_45_4_snapdragon,indoor_forward_6_snapdragon,indoor_forward_9_snapdragon",source_validation_selection,WITHIN_UZH
B2_RIDGE_QF_lag100_alpha1.0_valgrp_indoor_forward,Ridge+SourceStandardScaler,UZH_FPV,"indoor_45_13_snapdragon,indoor_45_14_snapdragon,indoor_45_2_snapdragon,indoor_45_4_snapdragon,outdoor_forward_1_snapdragon",source_validation_selection,WITHIN_UZH
B2_RIDGE_QF_lag100_alpha1.0_valgrp_indoor_45,Ridge+SourceStandardScaler,UZH_FPV,"indoor_forward_6_snapdragon,indoor_forward_9_snapdragon,outdoor_forward_1_snapdragon",source_validation_selection,WITHIN_UZH
B2_RIDGE_QF_lag100_alpha1.0_valgrp_outdoor_forward,Ridge+SourceStandardScaler,UZH_FPV,"indoor_45_13_snapdragon,indoor_45_14_snapdragon,indoor_45_2_snapdragon,indoor_45_4_snapdragon,indoor_forward_6_snapdragon,indoor_forward_9_snapdragon",source_validation_selection,WITHIN_UZH
B2_RIDGE_QF_lag100_alpha100.0_valgrp_indoor_forward,Ridge+SourceStandardScaler,UZH_FPV,"indoor_45_13_snapdragon,indoor_45_14_snapdragon,indoor_45_2_snapdragon,indoor_45_4_snapdragon,outdoor_forward_1_snapdragon",source_validation_selection,WITHIN_UZH
B2_RIDGE_QF_lag100_alpha100.0_valgrp_indoor_45,Ridge+SourceStandardScaler,UZH_FPV,"indoor_forward_6_snapdragon,indoor_forward_9_snapdragon,outdoor_forward_1_snapdragon",source_validation_selection,WITHIN_UZH
B2_RIDGE_QF_lag100_alpha100.0_valgrp_outdoor_forward,Ridge+SourceStandardScaler,UZH_FPV,"indoor_45_13_snapdragon,indoor_45_14_snapdragon,indoor_45_2_snapdragon,indoor_45_4_snapdragon,indoor_forward_6_snapdragon,indoor_forward_9_snapdragon",source_validation_selection,WITHIN_UZH
UZH_FPV_LORO_03_indoor_forward_10_snapdragon_B2_RIDGE_QF_final,Ridge+SourceStandardScaler,UZH_FPV,"indoor_45_13_snapdragon,indoor_45_14_snapdragon,indoor_45_2_snapdragon,indoor_45_4_snapdragon,indoor_forward_6_snapdragon,indoor_forward_9_snapdragon,outdoor_forward_1_snapdragon",within_loro_final_refit,WITHIN_UZH
B3_RIDGE_QF_QW_lag10_alpha1e-06_valgrp_indoor_forward,Ridge+SourceStandardScaler,UZH_FPV,"indoor_45_13_snapdragon,indoor_45_14_snapdragon,indoor_45_2_snapdragon,indoor_45_4_snapdragon,outdoor_forward_1_snapdragon",source_validation_selection,WITHIN_UZH
B3_RIDGE_QF_QW_lag10_alpha1e-06_valgrp_indoor_45,Ridge+SourceStandardScaler,UZH_FPV,"indoor_forward_6_snapdragon,indoor_forward_9_snapdragon,outdoor_forward_1_snapdragon",source_validation_selection,WITHIN_UZH
B3_RIDGE_QF_QW_lag10_alpha1e-06_valgrp_outdoor_forward,Ridge+SourceStandardScaler,UZH_FPV,"indoor_45_13_snapdragon,indoor_45_14_snapdragon,indoor_45_2_snapdragon,indoor_45_4_snapdragon,indoor_forward_6_snapdragon,indoor_forward_9_snapdragon",source_validation_selection,WITHIN_UZH
B3_RIDGE_QF_QW_lag10_alpha0.0001_valgrp_indoor_forward,Ridge+SourceStandardScaler,UZH_FPV,"indoor_45_13_snapdragon,indoor_45_14_snapdragon,indoor_45_2_snapdragon,indoor_45_4_snapdragon,outdoor_forward_1_snapdragon",source_validation_selection,WITHIN_UZH
B3_RIDGE_QF_QW_lag10_alpha0.0001_valgrp_indoor_45,Ridge+SourceStandardScaler,UZH_FPV,"indoor_forward_6_snapdragon,indoor_forward_9_snapdragon,outdoor_forward_1_snapdragon",source_validation_selection,WITHIN_UZH
B3_RIDGE_QF_QW_lag10_alpha0.0001_valgrp_outdoor_forward,Ridge+SourceStandardScaler,UZH_FPV,"indoor_45_13_snapdragon,indoor_45_14_snapdragon,indoor_45_2_snapdragon,indoor_45_4_snapdragon,indoor_forward_6_snapdragon,indoor_forward_9_snapdragon",source_validation_selection,WITHIN_UZH
B3_RIDGE_QF_QW_lag10_alpha0.01_valgrp_indoor_forward,Ridge+SourceStandardScaler,UZH_FPV,"indoor_45_13_snapdragon,indoor_45_14_snapdragon,indoor_45_2_snapdragon,indoor_45_4_snapdragon,outdoor_forward_1_snapdragon",source_validation_selection,WITHIN_UZH
B3_RIDGE_QF_QW_lag10_alpha0.01_valgrp_indoor_45,Ridge+SourceStandardScaler,UZH_FPV,"indoor_forward_6_snapdragon,indoor_forward_9_snapdragon,outdoor_forward_1_snapdragon",source_validation_selection,WITHIN_UZH
B3_RIDGE_QF_QW_lag10_alpha0.01_valgrp_outdoor_forward,Ridge+SourceStandardScaler,UZH_FPV,"indoor_45_13_snapdragon,indoor_45_14_snapdragon,indoor_45_2_snapdragon,indoor_45_4_snapdragon,indoor_forward_6_snapdragon,indoor_forward_9_snapdragon",source_validation_selection,WITHIN_UZH
B3_RIDGE_QF_QW_lag10_alpha1.0_valgrp_indoor_forward,Ridge+SourceStandardScaler,UZH_FPV,"indoor_45_13_snapdragon,indoor_45_14_snapdragon,indoor_45_2_snapdragon,indoor_45_4_snapdragon,outdoor_forward_1_snapdragon",source_validation_selection,WITHIN_UZH
B3_RIDGE_QF_QW_lag10_alpha1.0_valgrp_indoor_45,Ridge+SourceStandardScaler,UZH_FPV,"indoor_forward_6_snapdragon,indoor_forward_9_snapdragon,outdoor_forward_1_snapdragon",source_validation_selection,WITHIN_UZH
B3_RIDGE_QF_QW_lag10_alpha1.0_valgrp_outdoor_forward,Ridge+SourceStandardScaler,UZH_FPV,"indoor_45_13_snapdragon,indoor_45_14_snapdragon,indoor_45_2_snapdragon,indoor_45_4_snapdragon,indoor_forward_6_snapdragon,indoor_forward_9_snapdragon",source_validation_selection,WITHIN_UZH
B3_RIDGE_QF_QW_lag10_alpha100.0_valgrp_indoor_forward,Ridge+SourceStandardScaler,UZH_FPV,"indoor_45_13_snapdragon,indoor_45_14_snapdragon,indoor_45_2_snapdragon,indoor_45_4_snapdragon,outdoor_forward_1_snapdragon",source_validation_selection,WITHIN_UZH
B3_RIDGE_QF_QW_lag10_alpha100.0_valgrp_indoor_45,Ridge+SourceStandardScaler,UZH_FPV,"indoor_forward_6_snapdragon,indoor_forward_9_snapdragon,outdoor_forward_1_snapdragon",source_validation_selection,WITHIN_UZH
B3_RIDGE_QF_QW_lag10_alpha100.0_valgrp_outdoor_forward,Ridge+SourceStandardScaler,UZH_FPV,"indoor_45_13_snapdragon,indoor_45_14_snapdragon,indoor_45_2_snapdragon,indoor_45_4_snapdragon,indoor_forward_6_snapdragon,indoor_forward_9_snapdragon",source_validation_selection,WITHIN_UZH
B3_RIDGE_QF_QW_lag25_alpha1e-06_valgrp_indoor_forward,Ridge+SourceStandardScaler,UZH_FPV,"indoor_45_13_snapdragon,indoor_45_14_snapdragon,indoor_45_2_snapdragon,indoor_45_4_snapdragon,outdoor_forward_1_snapdragon",source_validation_selection,WITHIN_UZH
B3_RIDGE_QF_QW_lag25_alpha1e-06_valgrp_indoor_45,Ridge+SourceStandardScaler,UZH_FPV,"indoor_forward_6_snapdragon,indoor_forward_9_snapdragon,outdoor_forward_1_snapdragon",source_validation_selection,WITHIN_UZH
B3_RIDGE_QF_QW_lag25_alpha1e-06_valgrp_outdoor_forward,Ridge+SourceStandardScaler,UZH_FPV,"indoor_45_13_snapdragon,indoor_45_14_snapdragon,indoor_45_2_snapdragon,indoor_45_4_snapdragon,indoor_forward_6_snapdragon,indoor_forward_9_snapdragon",source_validation_selection,WITHIN_UZH
B3_RIDGE_QF_QW_lag25_alpha0.0001_valgrp_indoor_forward,Ridge+SourceStandardScaler,UZH_FPV,"indoor_45_13_snapdragon,indoor_45_14_snapdragon,indoor_45_2_snapdragon,indoor_45_4_snapdragon,outdoor_forward_1_snapdragon",source_validation_selection,WITHIN_UZH
B3_RIDGE_QF_QW_lag25_alpha0.0001_valgrp_indoor_45,Ridge+SourceStandardScaler,UZH_FPV,"indoor_forward_6_snapdragon,indoor_forward_9_snapdragon,outdoor_forward_1_snapdragon",source_validation_selection,WITHIN_UZH
B3_RIDGE_QF_QW_lag25_alpha0.0001_valgrp_outdoor_forward,Ridge+SourceStandardScaler,UZH_FPV,"indoor_45_13_snapdragon,indoor_45_14_snapdragon,indoor_45_2_snapdragon,indoor_45_4_snapdragon,indoor_forward_6_snapdragon,indoor_forward_9_snapdragon",source_validation_selection,WITHIN_UZH
B3_RIDGE_QF_QW_lag25_alpha0.01_valgrp_indoor_forward,Ridge+SourceStandardScaler,UZH_FPV,"indoor_45_13_snapdragon,indoor_45_14_snapdragon,indoor_45_2_snapdragon,indoor_45_4_snapdragon,outdoor_forward_1_snapdragon",source_validation_selection,WITHIN_UZH
B3_RIDGE_QF_QW_lag25_alpha0.01_valgrp_indoor_45,Ridge+SourceStandardScaler,UZH_FPV,"indoor_forward_6_snapdragon,indoor_forward_9_snapdragon,outdoor_forward_1_snapdragon",source_validation_selection,WITHIN_UZH
B3_RIDGE_QF_QW_lag25_alpha0.01_valgrp_outdoor_forward,Ridge+SourceStandardScaler,UZH_FPV,"indoor_45_13_snapdragon,indoor_45_14_snapdragon,indoor_45_2_snapdragon,indoor_45_4_snapdragon,indoor_forward_6_snapdragon,indoor_forward_9_snapdragon",source_validation_selection,WITHIN_UZH
B3_RIDGE_QF_QW_lag25_alpha1.0_valgrp_indoor_forward,Ridge+SourceStandardScaler,UZH_FPV,"indoor_45_13_snapdragon,indoor_45_14_snapdragon,indoor_45_2_snapdragon,indoor_45_4_snapdragon,outdoor_forward_1_snapdragon",source_validation_selection,WITHIN_UZH
B3_RIDGE_QF_QW_lag25_alpha1.0_valgrp_indoor_45,Ridge+SourceStandardScaler,UZH_FPV,"indoor_forward_6_snapdragon,indoor_forward_9_snapdragon,outdoor_forward_1_snapdragon",source_validation_selection,WITHIN_UZH
B3_RIDGE_QF_QW_lag25_alpha1.0_valgrp_outdoor_forward,Ridge+SourceStandardScaler,UZH_FPV,"indoor_45_13_snapdragon,indoor_45_14_snapdragon,indoor_45_2_snapdragon,indoor_45_4_snapdragon,indoor_forward_6_snapdragon,indoor_forward_9_snapdragon",source_validation_selection,WITHIN_UZH
B3_RIDGE_QF_QW_lag25_alpha100.0_valgrp_indoor_forward,Ridge+SourceStandardScaler,UZH_FPV,"indoor_45_13_snapdragon,indoor_45_14_snapdragon,indoor_45_2_snapdragon,indoor_45_4_snapdragon,outdoor_forward_1_snapdragon",source_validation_selection,WITHIN_UZH
B3_RIDGE_QF_QW_lag25_alpha100.0_valgrp_indoor_45,Ridge+SourceStandardScaler,UZH_FPV,"indoor_forward_6_snapdragon,indoor_forward_9_snapdragon,outdoor_forward_1_snapdragon",source_validation_selection,WITHIN_UZH
B3_RIDGE_QF_QW_lag25_alpha100.0_valgrp_outdoor_forward,Ridge+SourceStandardScaler,UZH_FPV,"indoor_45_13_snapdragon,indoor_45_14_snapdragon,indoor_45_2_snapdragon,indoor_45_4_snapdragon,indoor_forward_6_snapdragon,indoor_forward_9_snapdragon",source_validation_selection,WITHIN_UZH
B3_RIDGE_QF_QW_lag50_alpha1e-06_valgrp_indoor_forward,Ridge+SourceStandardScaler,UZH_FPV,"indoor_45_13_snapdragon,indoor_45_14_snapdragon,indoor_45_2_snapdragon,indoor_45_4_snapdragon,outdoor_forward_1_snapdragon",source_validation_selection,WITHIN_UZH
B3_RIDGE_QF_QW_lag50_alpha1e-06_valgrp_indoor_45,Ridge+SourceStandardScaler,UZH_FPV,"indoor_forward_6_snapdragon,indoor_forward_9_snapdragon,outdoor_forward_1_snapdragon",source_validation_selection,WITHIN_UZH
B3_RIDGE_QF_QW_lag50_alpha1e-06_valgrp_outdoor_forward,Ridge+SourceStandardScaler,UZH_FPV,"indoor_45_13_snapdragon,indoor_45_14_snapdragon,indoor_45_2_snapdragon,indoor_45_4_snapdragon,indoor_forward_6_snapdragon,indoor_forward_9_snapdragon",source_validation_selection,WITHIN_UZH
B3_RIDGE_QF_QW_lag50_alpha0.0001_valgrp_indoor_forward,Ridge+SourceStandardScaler,UZH_FPV,"indoor_45_13_snapdragon,indoor_45_14_snapdragon,indoor_45_2_snapdragon,indoor_45_4_snapdragon,outdoor_forward_1_snapdragon",source_validation_selection,WITHIN_UZH
B3_RIDGE_QF_QW_lag50_alpha0.0001_valgrp_indoor_45,Ridge+SourceStandardScaler,UZH_FPV,"indoor_forward_6_snapdragon,indoor_forward_9_snapdragon,outdoor_forward_1_snapdragon",source_validation_selection,WITHIN_UZH
B3_RIDGE_QF_QW_lag50_alpha0.0001_valgrp_outdoor_forward,Ridge+SourceStandardScaler,UZH_FPV,"indoor_45_13_snapdragon,indoor_45_14_snapdragon,indoor_45_2_snapdragon,indoor_45_4_snapdragon,indoor_forward_6_snapdragon,indoor_forward_9_snapdragon",source_validation_selection,WITHIN_UZH
B3_RIDGE_QF_QW_lag50_alpha0.01_valgrp_indoor_forward,Ridge+SourceStandardScaler,UZH_FPV,"indoor_45_13_snapdragon,indoor_45_14_snapdragon,indoor_45_2_snapdragon,indoor_45_4_snapdragon,outdoor_forward_1_snapdragon",source_validation_selection,WITHIN_UZH
B3_RIDGE_QF_QW_lag50_alpha0.01_valgrp_indoor_45,Ridge+SourceStandardScaler,UZH_FPV,"indoor_forward_6_snapdragon,indoor_forward_9_snapdragon,outdoor_forward_1_snapdragon",source_validation_selection,WITHIN_UZH
B3_RIDGE_QF_QW_lag50_alpha0.01_valgrp_outdoor_forward,Ridge+SourceStandardScaler,UZH_FPV,"indoor_45_13_snapdragon,indoor_45_14_snapdragon,indoor_45_2_snapdragon,indoor_45_4_snapdragon,indoor_forward_6_snapdragon,indoor_forward_9_snapdragon",source_validation_selection,WITHIN_UZH
B3_RIDGE_QF_QW_lag50_alpha1.0_valgrp_indoor_forward,Ridge+SourceStandardScaler,UZH_FPV,"indoor_45_13_snapdragon,indoor_45_14_snapdragon,indoor_45_2_snapdragon,indoor_45_4_snapdragon,outdoor_forward_1_snapdragon",source_validation_selection,WITHIN_UZH
B3_RIDGE_QF_QW_lag50_alpha1.0_valgrp_indoor_45,Ridge+SourceStandardScaler,UZH_FPV,"indoor_forward_6_snapdragon,indoor_forward_9_snapdragon,outdoor_forward_1_snapdragon",source_validation_selection,WITHIN_UZH
B3_RIDGE_QF_QW_lag50_alpha1.0_valgrp_outdoor_forward,Ridge+SourceStandardScaler,UZH_FPV,"indoor_45_13_snapdragon,indoor_45_14_snapdragon,indoor_45_2_snapdragon,indoor_45_4_snapdragon,indoor_forward_6_snapdragon,indoor_forward_9_snapdragon",source_validation_selection,WITHIN_UZH
B3_RIDGE_QF_QW_lag50_alpha100.0_valgrp_indoor_forward,Ridge+SourceStandardScaler,UZH_FPV,"indoor_45_13_snapdragon,indoor_45_14_snapdragon,indoor_45_2_snapdragon,indoor_45_4_snapdragon,outdoor_forward_1_snapdragon",source_validation_selection,WITHIN_UZH
B3_RIDGE_QF_QW_lag50_alpha100.0_valgrp_indoor_45,Ridge+SourceStandardScaler,UZH_FPV,"indoor_forward_6_snapdragon,indoor_forward_9_snapdragon,outdoor_forward_1_snapdragon",source_validation_selection,WITHIN_UZH
B3_RIDGE_QF_QW_lag50_alpha100.0_valgrp_outdoor_forward,Ridge+SourceStandardScaler,UZH_FPV,"indoor_45_13_snapdragon,indoor_45_14_snapdragon,indoor_45_2_snapdragon,indoor_45_4_snapdragon,indoor_forward_6_snapdragon,indoor_forward_9_snapdragon",source_validation_selection,WITHIN_UZH
B3_RIDGE_QF_QW_lag100_alpha1e-06_valgrp_indoor_forward,Ridge+SourceStandardScaler,UZH_FPV,"indoor_45_13_snapdragon,indoor_45_14_snapdragon,indoor_45_2_snapdragon,indoor_45_4_snapdragon,outdoor_forward_1_snapdragon",source_validation_selection,WITHIN_UZH
B3_RIDGE_QF_QW_lag100_alpha1e-06_valgrp_indoor_45,Ridge+SourceStandardScaler,UZH_FPV,"indoor_forward_6_snapdragon,indoor_forward_9_snapdragon,outdoor_forward_1_snapdragon",source_validation_selection,WITHIN_UZH
B3_RIDGE_QF_QW_lag100_alpha1e-06_valgrp_outdoor_forward,Ridge+SourceStandardScaler,UZH_FPV,"indoor_45_13_snapdragon,indoor_45_14_snapdragon,indoor_45_2_snapdragon,indoor_45_4_snapdragon,indoor_forward_6_snapdragon,indoor_forward_9_snapdragon",source_validation_selection,WITHIN_UZH
B3_RIDGE_QF_QW_lag100_alpha0.0001_valgrp_indoor_forward,Ridge+SourceStandardScaler,UZH_FPV,"indoor_45_13_snapdragon,indoor_45_14_snapdragon,indoor_45_2_snapdragon,indoor_45_4_snapdragon,outdoor_forward_1_snapdragon",source_validation_selection,WITHIN_UZH
B3_RIDGE_QF_QW_lag100_alpha0.0001_valgrp_indoor_45,Ridge+SourceStandardScaler,UZH_FPV,"indoor_forward_6_snapdragon,indoor_forward_9_snapdragon,outdoor_forward_1_snapdragon",source_validation_selection,WITHIN_UZH
B3_RIDGE_QF_QW_lag100_alpha0.0001_valgrp_outdoor_forward,Ridge+SourceStandardScaler,UZH_FPV,"indoor_45_13_snapdragon,indoor_45_14_snapdragon,indoor_45_2_snapdragon,indoor_45_4_snapdragon,indoor_forward_6_snapdragon,indoor_forward_9_snapdragon",source_validation_selection,WITHIN_UZH
B3_RIDGE_QF_QW_lag100_alpha0.01_valgrp_indoor_forward,Ridge+SourceStandardScaler,UZH_FPV,"indoor_45_13_snapdragon,indoor_45_14_snapdragon,indoor_45_2_snapdragon,indoor_45_4_snapdragon,outdoor_forward_1_snapdragon",source_validation_selection,WITHIN_UZH
B3_RIDGE_QF_QW_lag100_alpha0.01_valgrp_indoor_45,Ridge+SourceStandardScaler,UZH_FPV,"indoor_forward_6_snapdragon,indoor_forward_9_snapdragon,outdoor_forward_1_snapdragon",source_validation_selection,WITHIN_UZH
B3_RIDGE_QF_QW_lag100_alpha0.01_valgrp_outdoor_forward,Ridge+SourceStandardScaler,UZH_FPV,"indoor_45_13_snapdragon,indoor_45_14_snapdragon,indoor_45_2_snapdragon,indoor_45_4_snapdragon,indoor_forward_6_snapdragon,indoor_forward_9_snapdragon",source_validation_selection,WITHIN_UZH
B3_RIDGE_QF_QW_lag100_alpha1.0_valgrp_indoor_forward,Ridge+SourceStandardScaler,UZH_FPV,"indoor_45_13_snapdragon,indoor_45_14_snapdragon,indoor_45_2_snapdragon,indoor_45_4_snapdragon,outdoor_forward_1_snapdragon",source_validation_selection,WITHIN_UZH
B3_RIDGE_QF_QW_lag100_alpha1.0_valgrp_indoor_45,Ridge+SourceStandardScaler,UZH_FPV,"indoor_forward_6_snapdragon,indoor_forward_9_snapdragon,outdoor_forward_1_snapdragon",source_validation_selection,WITHIN_UZH
B3_RIDGE_QF_QW_lag100_alpha1.0_valgrp_outdoor_forward,Ridge+SourceStandardScaler,UZH_FPV,"indoor_45_13_snapdragon,indoor_45_14_snapdragon,indoor_45_2_snapdragon,indoor_45_4_snapdragon,indoor_forward_6_snapdragon,indoor_forward_9_snapdragon",source_validation_selection,WITHIN_UZH
B3_RIDGE_QF_QW_lag100_alpha100.0_valgrp_indoor_forward,Ridge+SourceStandardScaler,UZH_FPV,"indoor_45_13_snapdragon,indoor_45_14_snapdragon,indoor_45_2_snapdragon,indoor_45_4_snapdragon,outdoor_forward_1_snapdragon",source_validation_selection,WITHIN_UZH
B3_RIDGE_QF_QW_lag100_alpha100.0_valgrp_indoor_45,Ridge+SourceStandardScaler,UZH_FPV,"indoor_forward_6_snapdragon,indoor_forward_9_snapdragon,outdoor_forward_1_snapdragon",source_validation_selection,WITHIN_UZH
B3_RIDGE_QF_QW_lag100_alpha100.0_valgrp_outdoor_forward,Ridge+SourceStandardScaler,UZH_FPV,"indoor_45_13_snapdragon,indoor_45_14_snapdragon,indoor_45_2_snapdragon,indoor_45_4_snapdragon,indoor_forward_6_snapdragon,indoor_forward_9_snapdragon",source_validation_selection,WITHIN_UZH
UZH_FPV_LORO_03_indoor_forward_10_snapdragon_B3_RIDGE_QF_QW_final,Ridge+SourceStandardScaler,UZH_FPV,"indoor_45_13_snapdragon,indoor_45_14_snapdragon,indoor_45_2_snapdragon,indoor_45_4_snapdragon,indoor_forward_6_snapdragon,indoor_forward_9_snapdragon,outdoor_forward_1_snapdragon",within_loro_final_refit,WITHIN_UZH
B2_RIDGE_QF_lag10_alpha1e-06_valgrp_indoor_forward,Ridge+SourceStandardScaler,UZH_FPV,"indoor_45_13_snapdragon,indoor_45_14_snapdragon,indoor_45_4_snapdragon,outdoor_forward_1_snapdragon",source_validation_selection,WITHIN_UZH
B2_RIDGE_QF_lag10_alpha1e-06_valgrp_indoor_45,Ridge+SourceStandardScaler,UZH_FPV,"indoor_forward_10_snapdragon,indoor_forward_6_snapdragon,indoor_forward_9_snapdragon,outdoor_forward_1_snapdragon",source_validation_selection,WITHIN_UZH
B2_RIDGE_QF_lag10_alpha1e-06_valgrp_outdoor_forward,Ridge+SourceStandardScaler,UZH_FPV,"indoor_45_13_snapdragon,indoor_45_14_snapdragon,indoor_45_4_snapdragon,indoor_forward_10_snapdragon,indoor_forward_6_snapdragon,indoor_forward_9_snapdragon",source_validation_selection,WITHIN_UZH
B2_RIDGE_QF_lag10_alpha0.0001_valgrp_indoor_forward,Ridge+SourceStandardScaler,UZH_FPV,"indoor_45_13_snapdragon,indoor_45_14_snapdragon,indoor_45_4_snapdragon,outdoor_forward_1_snapdragon",source_validation_selection,WITHIN_UZH
B2_RIDGE_QF_lag10_alpha0.0001_valgrp_indoor_45,Ridge+SourceStandardScaler,UZH_FPV,"indoor_forward_10_snapdragon,indoor_forward_6_snapdragon,indoor_forward_9_snapdragon,outdoor_forward_1_snapdragon",source_validation_selection,WITHIN_UZH
B2_RIDGE_QF_lag10_alpha0.0001_valgrp_outdoor_forward,Ridge+SourceStandardScaler,UZH_FPV,"indoor_45_13_snapdragon,indoor_45_14_snapdragon,indoor_45_4_snapdragon,indoor_forward_10_snapdragon,indoor_forward_6_snapdragon,indoor_forward_9_snapdragon",source_validation_selection,WITHIN_UZH
B2_RIDGE_QF_lag10_alpha0.01_valgrp_indoor_forward,Ridge+SourceStandardScaler,UZH_FPV,"indoor_45_13_snapdragon,indoor_45_14_snapdragon,indoor_45_4_snapdragon,outdoor_forward_1_snapdragon",source_validation_selection,WITHIN_UZH
B2_RIDGE_QF_lag10_alpha0.01_valgrp_indoor_45,Ridge+SourceStandardScaler,UZH_FPV,"indoor_forward_10_snapdragon,indoor_forward_6_snapdragon,indoor_forward_9_snapdragon,outdoor_forward_1_snapdragon",source_validation_selection,WITHIN_UZH
B2_RIDGE_QF_lag10_alpha0.01_valgrp_outdoor_forward,Ridge+SourceStandardScaler,UZH_FPV,"indoor_45_13_snapdragon,indoor_45_14_snapdragon,indoor_45_4_snapdragon,indoor_forward_10_snapdragon,indoor_forward_6_snapdragon,indoor_forward_9_snapdragon",source_validation_selection,WITHIN_UZH
B2_RIDGE_QF_lag10_alpha1.0_valgrp_indoor_forward,Ridge+SourceStandardScaler,UZH_FPV,"indoor_45_13_snapdragon,indoor_45_14_snapdragon,indoor_45_4_snapdragon,outdoor_forward_1_snapdragon",source_validation_selection,WITHIN_UZH
B2_RIDGE_QF_lag10_alpha1.0_valgrp_indoor_45,Ridge+SourceStandardScaler,UZH_FPV,"indoor_forward_10_snapdragon,indoor_forward_6_snapdragon,indoor_forward_9_snapdragon,outdoor_forward_1_snapdragon",source_validation_selection,WITHIN_UZH
B2_RIDGE_QF_lag10_alpha1.0_valgrp_outdoor_forward,Ridge+SourceStandardScaler,UZH_FPV,"indoor_45_13_snapdragon,indoor_45_14_snapdragon,indoor_45_4_snapdragon,indoor_forward_10_snapdragon,indoor_forward_6_snapdragon,indoor_forward_9_snapdragon",source_validation_selection,WITHIN_UZH
B2_RIDGE_QF_lag10_alpha100.0_valgrp_indoor_forward,Ridge+SourceStandardScaler,UZH_FPV,"indoor_45_13_snapdragon,indoor_45_14_snapdragon,indoor_45_4_snapdragon,outdoor_forward_1_snapdragon",source_validation_selection,WITHIN_UZH
B2_RIDGE_QF_lag10_alpha100.0_valgrp_indoor_45,Ridge+SourceStandardScaler,UZH_FPV,"indoor_forward_10_snapdragon,indoor_forward_6_snapdragon,indoor_forward_9_snapdragon,outdoor_forward_1_snapdragon",source_validation_selection,WITHIN_UZH
B2_RIDGE_QF_lag10_alpha100.0_valgrp_outdoor_forward,Ridge+SourceStandardScaler,UZH_FPV,"indoor_45_13_snapdragon,indoor_45_14_snapdragon,indoor_45_4_snapdragon,indoor_forward_10_snapdragon,indoor_forward_6_snapdragon,indoor_forward_9_snapdragon",source_validation_selection,WITHIN_UZH
B2_RIDGE_QF_lag25_alpha1e-06_valgrp_indoor_forward,Ridge+SourceStandardScaler,UZH_FPV,"indoor_45_13_snapdragon,indoor_45_14_snapdragon,indoor_45_4_snapdragon,outdoor_forward_1_snapdragon",source_validation_selection,WITHIN_UZH
B2_RIDGE_QF_lag25_alpha1e-06_valgrp_indoor_45,Ridge+SourceStandardScaler,UZH_FPV,"indoor_forward_10_snapdragon,indoor_forward_6_snapdragon,indoor_forward_9_snapdragon,outdoor_forward_1_snapdragon",source_validation_selection,WITHIN_UZH
B2_RIDGE_QF_lag25_alpha1e-06_valgrp_outdoor_forward,Ridge+SourceStandardScaler,UZH_FPV,"indoor_45_13_snapdragon,indoor_45_14_snapdragon,indoor_45_4_snapdragon,indoor_forward_10_snapdragon,indoor_forward_6_snapdragon,indoor_forward_9_snapdragon",source_validation_selection,WITHIN_UZH
B2_RIDGE_QF_lag25_alpha0.0001_valgrp_indoor_forward,Ridge+SourceStandardScaler,UZH_FPV,"indoor_45_13_snapdragon,indoor_45_14_snapdragon,indoor_45_4_snapdragon,outdoor_forward_1_snapdragon",source_validation_selection,WITHIN_UZH
B2_RIDGE_QF_lag25_alpha0.0001_valgrp_indoor_45,Ridge+SourceStandardScaler,UZH_FPV,"indoor_forward_10_snapdragon,indoor_forward_6_snapdragon,indoor_forward_9_snapdragon,outdoor_forward_1_snapdragon",source_validation_selection,WITHIN_UZH
B2_RIDGE_QF_lag25_alpha0.0001_valgrp_outdoor_forward,Ridge+SourceStandardScaler,UZH_FPV,"indoor_45_13_snapdragon,indoor_45_14_snapdragon,indoor_45_4_snapdragon,indoor_forward_10_snapdragon,indoor_forward_6_snapdragon,indoor_forward_9_snapdragon",source_validation_selection,WITHIN_UZH
B2_RIDGE_QF_lag25_alpha0.01_valgrp_indoor_forward,Ridge+SourceStandardScaler,UZH_FPV,"indoor_45_13_snapdragon,indoor_45_14_snapdragon,indoor_45_4_snapdragon,outdoor_forward_1_snapdragon",source_validation_selection,WITHIN_UZH
B2_RIDGE_QF_lag25_alpha0.01_valgrp_indoor_45,Ridge+SourceStandardScaler,UZH_FPV,"indoor_forward_10_snapdragon,indoor_forward_6_snapdragon,indoor_forward_9_snapdragon,outdoor_forward_1_snapdragon",source_validation_selection,WITHIN_UZH
B2_RIDGE_QF_lag25_alpha0.01_valgrp_outdoor_forward,Ridge+SourceStandardScaler,UZH_FPV,"indoor_45_13_snapdragon,indoor_45_14_snapdragon,indoor_45_4_snapdragon,indoor_forward_10_snapdragon,indoor_forward_6_snapdragon,indoor_forward_9_snapdragon",source_validation_selection,WITHIN_UZH
B2_RIDGE_QF_lag25_alpha1.0_valgrp_indoor_forward,Ridge+SourceStandardScaler,UZH_FPV,"indoor_45_13_snapdragon,indoor_45_14_snapdragon,indoor_45_4_snapdragon,outdoor_forward_1_snapdragon",source_validation_selection,WITHIN_UZH
B2_RIDGE_QF_lag25_alpha1.0_valgrp_indoor_45,Ridge+SourceStandardScaler,UZH_FPV,"indoor_forward_10_snapdragon,indoor_forward_6_snapdragon,indoor_forward_9_snapdragon,outdoor_forward_1_snapdragon",source_validation_selection,WITHIN_UZH
B2_RIDGE_QF_lag25_alpha1.0_valgrp_outdoor_forward,Ridge+SourceStandardScaler,UZH_FPV,"indoor_45_13_snapdragon,indoor_45_14_snapdragon,indoor_45_4_snapdragon,indoor_forward_10_snapdragon,indoor_forward_6_snapdragon,indoor_forward_9_snapdragon",source_validation_selection,WITHIN_UZH
B2_RIDGE_QF_lag25_alpha100.0_valgrp_indoor_forward,Ridge+SourceStandardScaler,UZH_FPV,"indoor_45_13_snapdragon,indoor_45_14_snapdragon,indoor_45_4_snapdragon,outdoor_forward_1_snapdragon",source_validation_selection,WITHIN_UZH
B2_RIDGE_QF_lag25_alpha100.0_valgrp_indoor_45,Ridge+SourceStandardScaler,UZH_FPV,"indoor_forward_10_snapdragon,indoor_forward_6_snapdragon,indoor_forward_9_snapdragon,outdoor_forward_1_snapdragon",source_validation_selection,WITHIN_UZH
B2_RIDGE_QF_lag25_alpha100.0_valgrp_outdoor_forward,Ridge+SourceStandardScaler,UZH_FPV,"indoor_45_13_snapdragon,indoor_45_14_snapdragon,indoor_45_4_snapdragon,indoor_forward_10_snapdragon,indoor_forward_6_snapdragon,indoor_forward_9_snapdragon",source_validation_selection,WITHIN_UZH
B2_RIDGE_QF_lag50_alpha1e-06_valgrp_indoor_forward,Ridge+SourceStandardScaler,UZH_FPV,"indoor_45_13_snapdragon,indoor_45_14_snapdragon,indoor_45_4_snapdragon,outdoor_forward_1_snapdragon",source_validation_selection,WITHIN_UZH
B2_RIDGE_QF_lag50_alpha1e-06_valgrp_indoor_45,Ridge+SourceStandardScaler,UZH_FPV,"indoor_forward_10_snapdragon,indoor_forward_6_snapdragon,indoor_forward_9_snapdragon,outdoor_forward_1_snapdragon",source_validation_selection,WITHIN_UZH
B2_RIDGE_QF_lag50_alpha1e-06_valgrp_outdoor_forward,Ridge+SourceStandardScaler,UZH_FPV,"indoor_45_13_snapdragon,indoor_45_14_snapdragon,indoor_45_4_snapdragon,indoor_forward_10_snapdragon,indoor_forward_6_snapdragon,indoor_forward_9_snapdragon",source_validation_selection,WITHIN_UZH
B2_RIDGE_QF_lag50_alpha0.0001_valgrp_indoor_forward,Ridge+SourceStandardScaler,UZH_FPV,"indoor_45_13_snapdragon,indoor_45_14_snapdragon,indoor_45_4_snapdragon,outdoor_forward_1_snapdragon",source_validation_selection,WITHIN_UZH
B2_RIDGE_QF_lag50_alpha0.0001_valgrp_indoor_45,Ridge+SourceStandardScaler,UZH_FPV,"indoor_forward_10_snapdragon,indoor_forward_6_snapdragon,indoor_forward_9_snapdragon,outdoor_forward_1_snapdragon",source_validation_selection,WITHIN_UZH
B2_RIDGE_QF_lag50_alpha0.0001_valgrp_outdoor_forward,Ridge+SourceStandardScaler,UZH_FPV,"indoor_45_13_snapdragon,indoor_45_14_snapdragon,indoor_45_4_snapdragon,indoor_forward_10_snapdragon,indoor_forward_6_snapdragon,indoor_forward_9_snapdragon",source_validation_selection,WITHIN_UZH
B2_RIDGE_QF_lag50_alpha0.01_valgrp_indoor_forward,Ridge+SourceStandardScaler,UZH_FPV,"indoor_45_13_snapdragon,indoor_45_14_snapdragon,indoor_45_4_snapdragon,outdoor_forward_1_snapdragon",source_validation_selection,WITHIN_UZH
B2_RIDGE_QF_lag50_alpha0.01_valgrp_indoor_45,Ridge+SourceStandardScaler,UZH_FPV,"indoor_forward_10_snapdragon,indoor_forward_6_snapdragon,indoor_forward_9_snapdragon,outdoor_forward_1_snapdragon",source_validation_selection,WITHIN_UZH
B2_RIDGE_QF_lag50_alpha0.01_valgrp_outdoor_forward,Ridge+SourceStandardScaler,UZH_FPV,"indoor_45_13_snapdragon,indoor_45_14_snapdragon,indoor_45_4_snapdragon,indoor_forward_10_snapdragon,indoor_forward_6_snapdragon,indoor_forward_9_snapdragon",source_validation_selection,WITHIN_UZH
B2_RIDGE_QF_lag50_alpha1.0_valgrp_indoor_forward,Ridge+SourceStandardScaler,UZH_FPV,"indoor_45_13_snapdragon,indoor_45_14_snapdragon,indoor_45_4_snapdragon,outdoor_forward_1_snapdragon",source_validation_selection,WITHIN_UZH
B2_RIDGE_QF_lag50_alpha1.0_valgrp_indoor_45,Ridge+SourceStandardScaler,UZH_FPV,"indoor_forward_10_snapdragon,indoor_forward_6_snapdragon,indoor_forward_9_snapdragon,outdoor_forward_1_snapdragon",source_validation_selection,WITHIN_UZH
B2_RIDGE_QF_lag50_alpha1.0_valgrp_outdoor_forward,Ridge+SourceStandardScaler,UZH_FPV,"indoor_45_13_snapdragon,indoor_45_14_snapdragon,indoor_45_4_snapdragon,indoor_forward_10_snapdragon,indoor_forward_6_snapdragon,indoor_forward_9_snapdragon",source_validation_selection,WITHIN_UZH
B2_RIDGE_QF_lag50_alpha100.0_valgrp_indoor_forward,Ridge+SourceStandardScaler,UZH_FPV,"indoor_45_13_snapdragon,indoor_45_14_snapdragon,indoor_45_4_snapdragon,outdoor_forward_1_snapdragon",source_validation_selection,WITHIN_UZH
B2_RIDGE_QF_lag50_alpha100.0_valgrp_indoor_45,Ridge+SourceStandardScaler,UZH_FPV,"indoor_forward_10_snapdragon,indoor_forward_6_snapdragon,indoor_forward_9_snapdragon,outdoor_forward_1_snapdragon",source_validation_selection,WITHIN_UZH
B2_RIDGE_QF_lag50_alpha100.0_valgrp_outdoor_forward,Ridge+SourceStandardScaler,UZH_FPV,"indoor_45_13_snapdragon,indoor_45_14_snapdragon,indoor_45_4_snapdragon,indoor_forward_10_snapdragon,indoor_forward_6_snapdragon,indoor_forward_9_snapdragon",source_validation_selection,WITHIN_UZH
B2_RIDGE_QF_lag100_alpha1e-06_valgrp_indoor_forward,Ridge+SourceStandardScaler,UZH_FPV,"indoor_45_13_snapdragon,indoor_45_14_snapdragon,indoor_45_4_snapdragon,outdoor_forward_1_snapdragon",source_validation_selection,WITHIN_UZH
B2_RIDGE_QF_lag100_alpha1e-06_valgrp_indoor_45,Ridge+SourceStandardScaler,UZH_FPV,"indoor_forward_10_snapdragon,indoor_forward_6_snapdragon,indoor_forward_9_snapdragon,outdoor_forward_1_snapdragon",source_validation_selection,WITHIN_UZH
B2_RIDGE_QF_lag100_alpha1e-06_valgrp_outdoor_forward,Ridge+SourceStandardScaler,UZH_FPV,"indoor_45_13_snapdragon,indoor_45_14_snapdragon,indoor_45_4_snapdragon,indoor_forward_10_snapdragon,indoor_forward_6_snapdragon,indoor_forward_9_snapdragon",source_validation_selection,WITHIN_UZH
B2_RIDGE_QF_lag100_alpha0.0001_valgrp_indoor_forward,Ridge+SourceStandardScaler,UZH_FPV,"indoor_45_13_snapdragon,indoor_45_14_snapdragon,indoor_45_4_snapdragon,outdoor_forward_1_snapdragon",source_validation_selection,WITHIN_UZH
B2_RIDGE_QF_lag100_alpha0.0001_valgrp_indoor_45,Ridge+SourceStandardScaler,UZH_FPV,"indoor_forward_10_snapdragon,indoor_forward_6_snapdragon,indoor_forward_9_snapdragon,outdoor_forward_1_snapdragon",source_validation_selection,WITHIN_UZH
B2_RIDGE_QF_lag100_alpha0.0001_valgrp_outdoor_forward,Ridge+SourceStandardScaler,UZH_FPV,"indoor_45_13_snapdragon,indoor_45_14_snapdragon,indoor_45_4_snapdragon,indoor_forward_10_snapdragon,indoor_forward_6_snapdragon,indoor_forward_9_snapdragon",source_validation_selection,WITHIN_UZH
B2_RIDGE_QF_lag100_alpha0.01_valgrp_indoor_forward,Ridge+SourceStandardScaler,UZH_FPV,"indoor_45_13_snapdragon,indoor_45_14_snapdragon,indoor_45_4_snapdragon,outdoor_forward_1_snapdragon",source_validation_selection,WITHIN_UZH
B2_RIDGE_QF_lag100_alpha0.01_valgrp_indoor_45,Ridge+SourceStandardScaler,UZH_FPV,"indoor_forward_10_snapdragon,indoor_forward_6_snapdragon,indoor_forward_9_snapdragon,outdoor_forward_1_snapdragon",source_validation_selection,WITHIN_UZH
B2_RIDGE_QF_lag100_alpha0.01_valgrp_outdoor_forward,Ridge+SourceStandardScaler,UZH_FPV,"indoor_45_13_snapdragon,indoor_45_14_snapdragon,indoor_45_4_snapdragon,indoor_forward_10_snapdragon,indoor_forward_6_snapdragon,indoor_forward_9_snapdragon",source_validation_selection,WITHIN_UZH
B2_RIDGE_QF_lag100_alpha1.0_valgrp_indoor_forward,Ridge+SourceStandardScaler,UZH_FPV,"indoor_45_13_snapdragon,indoor_45_14_snapdragon,indoor_45_4_snapdragon,outdoor_forward_1_snapdragon",source_validation_selection,WITHIN_UZH
B2_RIDGE_QF_lag100_alpha1.0_valgrp_indoor_45,Ridge+SourceStandardScaler,UZH_FPV,"indoor_forward_10_snapdragon,indoor_forward_6_snapdragon,indoor_forward_9_snapdragon,outdoor_forward_1_snapdragon",source_validation_selection,WITHIN_UZH
B2_RIDGE_QF_lag100_alpha1.0_valgrp_outdoor_forward,Ridge+SourceStandardScaler,UZH_FPV,"indoor_45_13_snapdragon,indoor_45_14_snapdragon,indoor_45_4_snapdragon,indoor_forward_10_snapdragon,indoor_forward_6_snapdragon,indoor_forward_9_snapdragon",source_validation_selection,WITHIN_UZH
B2_RIDGE_QF_lag100_alpha100.0_valgrp_indoor_forward,Ridge+SourceStandardScaler,UZH_FPV,"indoor_45_13_snapdragon,indoor_45_14_snapdragon,indoor_45_4_snapdragon,outdoor_forward_1_snapdragon",source_validation_selection,WITHIN_UZH
B2_RIDGE_QF_lag100_alpha100.0_valgrp_indoor_45,Ridge+SourceStandardScaler,UZH_FPV,"indoor_forward_10_snapdragon,indoor_forward_6_snapdragon,indoor_forward_9_snapdragon,outdoor_forward_1_snapdragon",source_validation_selection,WITHIN_UZH
B2_RIDGE_QF_lag100_alpha100.0_valgrp_outdoor_forward,Ridge+SourceStandardScaler,UZH_FPV,"indoor_45_13_snapdragon,indoor_45_14_snapdragon,indoor_45_4_snapdragon,indoor_forward_10_snapdragon,indoor_forward_6_snapdragon,indoor_forward_9_snapdragon",source_validation_selection,WITHIN_UZH
UZH_FPV_LORO_04_indoor_45_2_snapdragon_B2_RIDGE_QF_final,Ridge+SourceStandardScaler,UZH_FPV,"indoor_45_13_snapdragon,indoor_45_14_snapdragon,indoor_45_4_snapdragon,indoor_forward_10_snapdragon,indoor_forward_6_snapdragon,indoor_forward_9_snapdragon,outdoor_forward_1_snapdragon",within_loro_final_refit,WITHIN_UZH
B3_RIDGE_QF_QW_lag10_alpha1e-06_valgrp_indoor_forward,Ridge+SourceStandardScaler,UZH_FPV,"indoor_45_13_snapdragon,indoor_45_14_snapdragon,indoor_45_4_snapdragon,outdoor_forward_1_snapdragon",source_validation_selection,WITHIN_UZH
B3_RIDGE_QF_QW_lag10_alpha1e-06_valgrp_indoor_45,Ridge+SourceStandardScaler,UZH_FPV,"indoor_forward_10_snapdragon,indoor_forward_6_snapdragon,indoor_forward_9_snapdragon,outdoor_forward_1_snapdragon",source_validation_selection,WITHIN_UZH
B3_RIDGE_QF_QW_lag10_alpha1e-06_valgrp_outdoor_forward,Ridge+SourceStandardScaler,UZH_FPV,"indoor_45_13_snapdragon,indoor_45_14_snapdragon,indoor_45_4_snapdragon,indoor_forward_10_snapdragon,indoor_forward_6_snapdragon,indoor_forward_9_snapdragon",source_validation_selection,WITHIN_UZH
B3_RIDGE_QF_QW_lag10_alpha0.0001_valgrp_indoor_forward,Ridge+SourceStandardScaler,UZH_FPV,"indoor_45_13_snapdragon,indoor_45_14_snapdragon,indoor_45_4_snapdragon,outdoor_forward_1_snapdragon",source_validation_selection,WITHIN_UZH
B3_RIDGE_QF_QW_lag10_alpha0.0001_valgrp_indoor_45,Ridge+SourceStandardScaler,UZH_FPV,"indoor_forward_10_snapdragon,indoor_forward_6_snapdragon,indoor_forward_9_snapdragon,outdoor_forward_1_snapdragon",source_validation_selection,WITHIN_UZH
B3_RIDGE_QF_QW_lag10_alpha0.0001_valgrp_outdoor_forward,Ridge+SourceStandardScaler,UZH_FPV,"indoor_45_13_snapdragon,indoor_45_14_snapdragon,indoor_45_4_snapdragon,indoor_forward_10_snapdragon,indoor_forward_6_snapdragon,indoor_forward_9_snapdragon",source_validation_selection,WITHIN_UZH
B3_RIDGE_QF_QW_lag10_alpha0.01_valgrp_indoor_forward,Ridge+SourceStandardScaler,UZH_FPV,"indoor_45_13_snapdragon,indoor_45_14_snapdragon,indoor_45_4_snapdragon,outdoor_forward_1_snapdragon",source_validation_selection,WITHIN_UZH
B3_RIDGE_QF_QW_lag10_alpha0.01_valgrp_indoor_45,Ridge+SourceStandardScaler,UZH_FPV,"indoor_forward_10_snapdragon,indoor_forward_6_snapdragon,indoor_forward_9_snapdragon,outdoor_forward_1_snapdragon",source_validation_selection,WITHIN_UZH
B3_RIDGE_QF_QW_lag10_alpha0.01_valgrp_outdoor_forward,Ridge+SourceStandardScaler,UZH_FPV,"indoor_45_13_snapdragon,indoor_45_14_snapdragon,indoor_45_4_snapdragon,indoor_forward_10_snapdragon,indoor_forward_6_snapdragon,indoor_forward_9_snapdragon",source_validation_selection,WITHIN_UZH
B3_RIDGE_QF_QW_lag10_alpha1.0_valgrp_indoor_forward,Ridge+SourceStandardScaler,UZH_FPV,"indoor_45_13_snapdragon,indoor_45_14_snapdragon,indoor_45_4_snapdragon,outdoor_forward_1_snapdragon",source_validation_selection,WITHIN_UZH
B3_RIDGE_QF_QW_lag10_alpha1.0_valgrp_indoor_45,Ridge+SourceStandardScaler,UZH_FPV,"indoor_forward_10_snapdragon,indoor_forward_6_snapdragon,indoor_forward_9_snapdragon,outdoor_forward_1_snapdragon",source_validation_selection,WITHIN_UZH
B3_RIDGE_QF_QW_lag10_alpha1.0_valgrp_outdoor_forward,Ridge+SourceStandardScaler,UZH_FPV,"indoor_45_13_snapdragon,indoor_45_14_snapdragon,indoor_45_4_snapdragon,indoor_forward_10_snapdragon,indoor_forward_6_snapdragon,indoor_forward_9_snapdragon",source_validation_selection,WITHIN_UZH
B3_RIDGE_QF_QW_lag10_alpha100.0_valgrp_indoor_forward,Ridge+SourceStandardScaler,UZH_FPV,"indoor_45_13_snapdragon,indoor_45_14_snapdragon,indoor_45_4_snapdragon,outdoor_forward_1_snapdragon",source_validation_selection,WITHIN_UZH
B3_RIDGE_QF_QW_lag10_alpha100.0_valgrp_indoor_45,Ridge+SourceStandardScaler,UZH_FPV,"indoor_forward_10_snapdragon,indoor_forward_6_snapdragon,indoor_forward_9_snapdragon,outdoor_forward_1_snapdragon",source_validation_selection,WITHIN_UZH
B3_RIDGE_QF_QW_lag10_alpha100.0_valgrp_outdoor_forward,Ridge+SourceStandardScaler,UZH_FPV,"indoor_45_13_snapdragon,indoor_45_14_snapdragon,indoor_45_4_snapdragon,indoor_forward_10_snapdragon,indoor_forward_6_snapdragon,indoor_forward_9_snapdragon",source_validation_selection,WITHIN_UZH
B3_RIDGE_QF_QW_lag25_alpha1e-06_valgrp_indoor_forward,Ridge+SourceStandardScaler,UZH_FPV,"indoor_45_13_snapdragon,indoor_45_14_snapdragon,indoor_45_4_snapdragon,outdoor_forward_1_snapdragon",source_validation_selection,WITHIN_UZH
B3_RIDGE_QF_QW_lag25_alpha1e-06_valgrp_indoor_45,Ridge+SourceStandardScaler,UZH_FPV,"indoor_forward_10_snapdragon,indoor_forward_6_snapdragon,indoor_forward_9_snapdragon,outdoor_forward_1_snapdragon",source_validation_selection,WITHIN_UZH
B3_RIDGE_QF_QW_lag25_alpha1e-06_valgrp_outdoor_forward,Ridge+SourceStandardScaler,UZH_FPV,"indoor_45_13_snapdragon,indoor_45_14_snapdragon,indoor_45_4_snapdragon,indoor_forward_10_snapdragon,indoor_forward_6_snapdragon,indoor_forward_9_snapdragon",source_validation_selection,WITHIN_UZH
B3_RIDGE_QF_QW_lag25_alpha0.0001_valgrp_indoor_forward,Ridge+SourceStandardScaler,UZH_FPV,"indoor_45_13_snapdragon,indoor_45_14_snapdragon,indoor_45_4_snapdragon,outdoor_forward_1_snapdragon",source_validation_selection,WITHIN_UZH
B3_RIDGE_QF_QW_lag25_alpha0.0001_valgrp_indoor_45,Ridge+SourceStandardScaler,UZH_FPV,"indoor_forward_10_snapdragon,indoor_forward_6_snapdragon,indoor_forward_9_snapdragon,outdoor_forward_1_snapdragon",source_validation_selection,WITHIN_UZH
B3_RIDGE_QF_QW_lag25_alpha0.0001_valgrp_outdoor_forward,Ridge+SourceStandardScaler,UZH_FPV,"indoor_45_13_snapdragon,indoor_45_14_snapdragon,indoor_45_4_snapdragon,indoor_forward_10_snapdragon,indoor_forward_6_snapdragon,indoor_forward_9_snapdragon",source_validation_selection,WITHIN_UZH
B3_RIDGE_QF_QW_lag25_alpha0.01_valgrp_indoor_forward,Ridge+SourceStandardScaler,UZH_FPV,"indoor_45_13_snapdragon,indoor_45_14_snapdragon,indoor_45_4_snapdragon,outdoor_forward_1_snapdragon",source_validation_selection,WITHIN_UZH
B3_RIDGE_QF_QW_lag25_alpha0.01_valgrp_indoor_45,Ridge+SourceStandardScaler,UZH_FPV,"indoor_forward_10_snapdragon,indoor_forward_6_snapdragon,indoor_forward_9_snapdragon,outdoor_forward_1_snapdragon",source_validation_selection,WITHIN_UZH
B3_RIDGE_QF_QW_lag25_alpha0.01_valgrp_outdoor_forward,Ridge+SourceStandardScaler,UZH_FPV,"indoor_45_13_snapdragon,indoor_45_14_snapdragon,indoor_45_4_snapdragon,indoor_forward_10_snapdragon,indoor_forward_6_snapdragon,indoor_forward_9_snapdragon",source_validation_selection,WITHIN_UZH
B3_RIDGE_QF_QW_lag25_alpha1.0_valgrp_indoor_forward,Ridge+SourceStandardScaler,UZH_FPV,"indoor_45_13_snapdragon,indoor_45_14_snapdragon,indoor_45_4_snapdragon,outdoor_forward_1_snapdragon",source_validation_selection,WITHIN_UZH
B3_RIDGE_QF_QW_lag25_alpha1.0_valgrp_indoor_45,Ridge+SourceStandardScaler,UZH_FPV,"indoor_forward_10_snapdragon,indoor_forward_6_snapdragon,indoor_forward_9_snapdragon,outdoor_forward_1_snapdragon",source_validation_selection,WITHIN_UZH
B3_RIDGE_QF_QW_lag25_alpha1.0_valgrp_outdoor_forward,Ridge+SourceStandardScaler,UZH_FPV,"indoor_45_13_snapdragon,indoor_45_14_snapdragon,indoor_45_4_snapdragon,indoor_forward_10_snapdragon,indoor_forward_6_snapdragon,indoor_forward_9_snapdragon",source_validation_selection,WITHIN_UZH
B3_RIDGE_QF_QW_lag25_alpha100.0_valgrp_indoor_forward,Ridge+SourceStandardScaler,UZH_FPV,"indoor_45_13_snapdragon,indoor_45_14_snapdragon,indoor_45_4_snapdragon,outdoor_forward_1_snapdragon",source_validation_selection,WITHIN_UZH
B3_RIDGE_QF_QW_lag25_alpha100.0_valgrp_indoor_45,Ridge+SourceStandardScaler,UZH_FPV,"indoor_forward_10_snapdragon,indoor_forward_6_snapdragon,indoor_forward_9_snapdragon,outdoor_forward_1_snapdragon",source_validation_selection,WITHIN_UZH
B3_RIDGE_QF_QW_lag25_alpha100.0_valgrp_outdoor_forward,Ridge+SourceStandardScaler,UZH_FPV,"indoor_45_13_snapdragon,indoor_45_14_snapdragon,indoor_45_4_snapdragon,indoor_forward_10_snapdragon,indoor_forward_6_snapdragon,indoor_forward_9_snapdragon",source_validation_selection,WITHIN_UZH
B3_RIDGE_QF_QW_lag50_alpha1e-06_valgrp_indoor_forward,Ridge+SourceStandardScaler,UZH_FPV,"indoor_45_13_snapdragon,indoor_45_14_snapdragon,indoor_45_4_snapdragon,outdoor_forward_1_snapdragon",source_validation_selection,WITHIN_UZH
B3_RIDGE_QF_QW_lag50_alpha1e-06_valgrp_indoor_45,Ridge+SourceStandardScaler,UZH_FPV,"indoor_forward_10_snapdragon,indoor_forward_6_snapdragon,indoor_forward_9_snapdragon,outdoor_forward_1_snapdragon",source_validation_selection,WITHIN_UZH
B3_RIDGE_QF_QW_lag50_alpha1e-06_valgrp_outdoor_forward,Ridge+SourceStandardScaler,UZH_FPV,"indoor_45_13_snapdragon,indoor_45_14_snapdragon,indoor_45_4_snapdragon,indoor_forward_10_snapdragon,indoor_forward_6_snapdragon,indoor_forward_9_snapdragon",source_validation_selection,WITHIN_UZH
B3_RIDGE_QF_QW_lag50_alpha0.0001_valgrp_indoor_forward,Ridge+SourceStandardScaler,UZH_FPV,"indoor_45_13_snapdragon,indoor_45_14_snapdragon,indoor_45_4_snapdragon,outdoor_forward_1_snapdragon",source_validation_selection,WITHIN_UZH
B3_RIDGE_QF_QW_lag50_alpha0.0001_valgrp_indoor_45,Ridge+SourceStandardScaler,UZH_FPV,"indoor_forward_10_snapdragon,indoor_forward_6_snapdragon,indoor_forward_9_snapdragon,outdoor_forward_1_snapdragon",source_validation_selection,WITHIN_UZH
B3_RIDGE_QF_QW_lag50_alpha0.0001_valgrp_outdoor_forward,Ridge+SourceStandardScaler,UZH_FPV,"indoor_45_13_snapdragon,indoor_45_14_snapdragon,indoor_45_4_snapdragon,indoor_forward_10_snapdragon,indoor_forward_6_snapdragon,indoor_forward_9_snapdragon",source_validation_selection,WITHIN_UZH
B3_RIDGE_QF_QW_lag50_alpha0.01_valgrp_indoor_forward,Ridge+SourceStandardScaler,UZH_FPV,"indoor_45_13_snapdragon,indoor_45_14_snapdragon,indoor_45_4_snapdragon,outdoor_forward_1_snapdragon",source_validation_selection,WITHIN_UZH
B3_RIDGE_QF_QW_lag50_alpha0.01_valgrp_indoor_45,Ridge+SourceStandardScaler,UZH_FPV,"indoor_forward_10_snapdragon,indoor_forward_6_snapdragon,indoor_forward_9_snapdragon,outdoor_forward_1_snapdragon",source_validation_selection,WITHIN_UZH
B3_RIDGE_QF_QW_lag50_alpha0.01_valgrp_outdoor_forward,Ridge+SourceStandardScaler,UZH_FPV,"indoor_45_13_snapdragon,indoor_45_14_snapdragon,indoor_45_4_snapdragon,indoor_forward_10_snapdragon,indoor_forward_6_snapdragon,indoor_forward_9_snapdragon",source_validation_selection,WITHIN_UZH
B3_RIDGE_QF_QW_lag50_alpha1.0_valgrp_indoor_forward,Ridge+SourceStandardScaler,UZH_FPV,"indoor_45_13_snapdragon,indoor_45_14_snapdragon,indoor_45_4_snapdragon,outdoor_forward_1_snapdragon",source_validation_selection,WITHIN_UZH
B3_RIDGE_QF_QW_lag50_alpha1.0_valgrp_indoor_45,Ridge+SourceStandardScaler,UZH_FPV,"indoor_forward_10_snapdragon,indoor_forward_6_snapdragon,indoor_forward_9_snapdragon,outdoor_forward_1_snapdragon",source_validation_selection,WITHIN_UZH
B3_RIDGE_QF_QW_lag50_alpha1.0_valgrp_outdoor_forward,Ridge+SourceStandardScaler,UZH_FPV,"indoor_45_13_snapdragon,indoor_45_14_snapdragon,indoor_45_4_snapdragon,indoor_forward_10_snapdragon,indoor_forward_6_snapdragon,indoor_forward_9_snapdragon",source_validation_selection,WITHIN_UZH
B3_RIDGE_QF_QW_lag50_alpha100.0_valgrp_indoor_forward,Ridge+SourceStandardScaler,UZH_FPV,"indoor_45_13_snapdragon,indoor_45_14_snapdragon,indoor_45_4_snapdragon,outdoor_forward_1_snapdragon",source_validation_selection,WITHIN_UZH
B3_RIDGE_QF_QW_lag50_alpha100.0_valgrp_indoor_45,Ridge+SourceStandardScaler,UZH_FPV,"indoor_forward_10_snapdragon,indoor_forward_6_snapdragon,indoor_forward_9_snapdragon,outdoor_forward_1_snapdragon",source_validation_selection,WITHIN_UZH
B3_RIDGE_QF_QW_lag50_alpha100.0_valgrp_outdoor_forward,Ridge+SourceStandardScaler,UZH_FPV,"indoor_45_13_snapdragon,indoor_45_14_snapdragon,indoor_45_4_snapdragon,indoor_forward_10_snapdragon,indoor_forward_6_snapdragon,indoor_forward_9_snapdragon",source_validation_selection,WITHIN_UZH
B3_RIDGE_QF_QW_lag100_alpha1e-06_valgrp_indoor_forward,Ridge+SourceStandardScaler,UZH_FPV,"indoor_45_13_snapdragon,indoor_45_14_snapdragon,indoor_45_4_snapdragon,outdoor_forward_1_snapdragon",source_validation_selection,WITHIN_UZH
B3_RIDGE_QF_QW_lag100_alpha1e-06_valgrp_indoor_45,Ridge+SourceStandardScaler,UZH_FPV,"indoor_forward_10_snapdragon,indoor_forward_6_snapdragon,indoor_forward_9_snapdragon,outdoor_forward_1_snapdragon",source_validation_selection,WITHIN_UZH
B3_RIDGE_QF_QW_lag100_alpha1e-06_valgrp_outdoor_forward,Ridge+SourceStandardScaler,UZH_FPV,"indoor_45_13_snapdragon,indoor_45_14_snapdragon,indoor_45_4_snapdragon,indoor_forward_10_snapdragon,indoor_forward_6_snapdragon,indoor_forward_9_snapdragon",source_validation_selection,WITHIN_UZH
B3_RIDGE_QF_QW_lag100_alpha0.0001_valgrp_indoor_forward,Ridge+SourceStandardScaler,UZH_FPV,"indoor_45_13_snapdragon,indoor_45_14_snapdragon,indoor_45_4_snapdragon,outdoor_forward_1_snapdragon",source_validation_selection,WITHIN_UZH
B3_RIDGE_QF_QW_lag100_alpha0.0001_valgrp_indoor_45,Ridge+SourceStandardScaler,UZH_FPV,"indoor_forward_10_snapdragon,indoor_forward_6_snapdragon,indoor_forward_9_snapdragon,outdoor_forward_1_snapdragon",source_validation_selection,WITHIN_UZH
B3_RIDGE_QF_QW_lag100_alpha0.0001_valgrp_outdoor_forward,Ridge+SourceStandardScaler,UZH_FPV,"indoor_45_13_snapdragon,indoor_45_14_snapdragon,indoor_45_4_snapdragon,indoor_forward_10_snapdragon,indoor_forward_6_snapdragon,indoor_forward_9_snapdragon",source_validation_selection,WITHIN_UZH
B3_RIDGE_QF_QW_lag100_alpha0.01_valgrp_indoor_forward,Ridge+SourceStandardScaler,UZH_FPV,"indoor_45_13_snapdragon,indoor_45_14_snapdragon,indoor_45_4_snapdragon,outdoor_forward_1_snapdragon",source_validation_selection,WITHIN_UZH
B3_RIDGE_QF_QW_lag100_alpha0.01_valgrp_indoor_45,Ridge+SourceStandardScaler,UZH_FPV,"indoor_forward_10_snapdragon,indoor_forward_6_snapdragon,indoor_forward_9_snapdragon,outdoor_forward_1_snapdragon",source_validation_selection,WITHIN_UZH
B3_RIDGE_QF_QW_lag100_alpha0.01_valgrp_outdoor_forward,Ridge+SourceStandardScaler,UZH_FPV,"indoor_45_13_snapdragon,indoor_45_14_snapdragon,indoor_45_4_snapdragon,indoor_forward_10_snapdragon,indoor_forward_6_snapdragon,indoor_forward_9_snapdragon",source_validation_selection,WITHIN_UZH
B3_RIDGE_QF_QW_lag100_alpha1.0_valgrp_indoor_forward,Ridge+SourceStandardScaler,UZH_FPV,"indoor_45_13_snapdragon,indoor_45_14_snapdragon,indoor_45_4_snapdragon,outdoor_forward_1_snapdragon",source_validation_selection,WITHIN_UZH
B3_RIDGE_QF_QW_lag100_alpha1.0_valgrp_indoor_45,Ridge+SourceStandardScaler,UZH_FPV,"indoor_forward_10_snapdragon,indoor_forward_6_snapdragon,indoor_forward_9_snapdragon,outdoor_forward_1_snapdragon",source_validation_selection,WITHIN_UZH
B3_RIDGE_QF_QW_lag100_alpha1.0_valgrp_outdoor_forward,Ridge+SourceStandardScaler,UZH_FPV,"indoor_45_13_snapdragon,indoor_45_14_snapdragon,indoor_45_4_snapdragon,indoor_forward_10_snapdragon,indoor_forward_6_snapdragon,indoor_forward_9_snapdragon",source_validation_selection,WITHIN_UZH
B3_RIDGE_QF_QW_lag100_alpha100.0_valgrp_indoor_forward,Ridge+SourceStandardScaler,UZH_FPV,"indoor_45_13_snapdragon,indoor_45_14_snapdragon,indoor_45_4_snapdragon,outdoor_forward_1_snapdragon",source_validation_selection,WITHIN_UZH
B3_RIDGE_QF_QW_lag100_alpha100.0_valgrp_indoor_45,Ridge+SourceStandardScaler,UZH_FPV,"indoor_forward_10_snapdragon,indoor_forward_6_snapdragon,indoor_forward_9_snapdragon,outdoor_forward_1_snapdragon",source_validation_selection,WITHIN_UZH
B3_RIDGE_QF_QW_lag100_alpha100.0_valgrp_outdoor_forward,Ridge+SourceStandardScaler,UZH_FPV,"indoor_45_13_snapdragon,indoor_45_14_snapdragon,indoor_45_4_snapdragon,indoor_forward_10_snapdragon,indoor_forward_6_snapdragon,indoor_forward_9_snapdragon",source_validation_selection,WITHIN_UZH
UZH_FPV_LORO_04_indoor_45_2_snapdragon_B3_RIDGE_QF_QW_final,Ridge+SourceStandardScaler,UZH_FPV,"indoor_45_13_snapdragon,indoor_45_14_snapdragon,indoor_45_4_snapdragon,indoor_forward_10_snapdragon,indoor_forward_6_snapdragon,indoor_forward_9_snapdragon,outdoor_forward_1_snapdragon",within_loro_final_refit,WITHIN_UZH
B2_RIDGE_QF_lag10_alpha1e-06_valgrp_indoor_forward,Ridge+SourceStandardScaler,UZH_FPV,"indoor_45_13_snapdragon,indoor_45_14_snapdragon,indoor_45_2_snapdragon,outdoor_forward_1_snapdragon",source_validation_selection,WITHIN_UZH
B2_RIDGE_QF_lag10_alpha1e-06_valgrp_indoor_45,Ridge+SourceStandardScaler,UZH_FPV,"indoor_forward_10_snapdragon,indoor_forward_6_snapdragon,indoor_forward_9_snapdragon,outdoor_forward_1_snapdragon",source_validation_selection,WITHIN_UZH
B2_RIDGE_QF_lag10_alpha1e-06_valgrp_outdoor_forward,Ridge+SourceStandardScaler,UZH_FPV,"indoor_45_13_snapdragon,indoor_45_14_snapdragon,indoor_45_2_snapdragon,indoor_forward_10_snapdragon,indoor_forward_6_snapdragon,indoor_forward_9_snapdragon",source_validation_selection,WITHIN_UZH
B2_RIDGE_QF_lag10_alpha0.0001_valgrp_indoor_forward,Ridge+SourceStandardScaler,UZH_FPV,"indoor_45_13_snapdragon,indoor_45_14_snapdragon,indoor_45_2_snapdragon,outdoor_forward_1_snapdragon",source_validation_selection,WITHIN_UZH
B2_RIDGE_QF_lag10_alpha0.0001_valgrp_indoor_45,Ridge+SourceStandardScaler,UZH_FPV,"indoor_forward_10_snapdragon,indoor_forward_6_snapdragon,indoor_forward_9_snapdragon,outdoor_forward_1_snapdragon",source_validation_selection,WITHIN_UZH
B2_RIDGE_QF_lag10_alpha0.0001_valgrp_outdoor_forward,Ridge+SourceStandardScaler,UZH_FPV,"indoor_45_13_snapdragon,indoor_45_14_snapdragon,indoor_45_2_snapdragon,indoor_forward_10_snapdragon,indoor_forward_6_snapdragon,indoor_forward_9_snapdragon",source_validation_selection,WITHIN_UZH
B2_RIDGE_QF_lag10_alpha0.01_valgrp_indoor_forward,Ridge+SourceStandardScaler,UZH_FPV,"indoor_45_13_snapdragon,indoor_45_14_snapdragon,indoor_45_2_snapdragon,outdoor_forward_1_snapdragon",source_validation_selection,WITHIN_UZH
B2_RIDGE_QF_lag10_alpha0.01_valgrp_indoor_45,Ridge+SourceStandardScaler,UZH_FPV,"indoor_forward_10_snapdragon,indoor_forward_6_snapdragon,indoor_forward_9_snapdragon,outdoor_forward_1_snapdragon",source_validation_selection,WITHIN_UZH
B2_RIDGE_QF_lag10_alpha0.01_valgrp_outdoor_forward,Ridge+SourceStandardScaler,UZH_FPV,"indoor_45_13_snapdragon,indoor_45_14_snapdragon,indoor_45_2_snapdragon,indoor_forward_10_snapdragon,indoor_forward_6_snapdragon,indoor_forward_9_snapdragon",source_validation_selection,WITHIN_UZH
B2_RIDGE_QF_lag10_alpha1.0_valgrp_indoor_forward,Ridge+SourceStandardScaler,UZH_FPV,"indoor_45_13_snapdragon,indoor_45_14_snapdragon,indoor_45_2_snapdragon,outdoor_forward_1_snapdragon",source_validation_selection,WITHIN_UZH
B2_RIDGE_QF_lag10_alpha1.0_valgrp_indoor_45,Ridge+SourceStandardScaler,UZH_FPV,"indoor_forward_10_snapdragon,indoor_forward_6_snapdragon,indoor_forward_9_snapdragon,outdoor_forward_1_snapdragon",source_validation_selection,WITHIN_UZH
B2_RIDGE_QF_lag10_alpha1.0_valgrp_outdoor_forward,Ridge+SourceStandardScaler,UZH_FPV,"indoor_45_13_snapdragon,indoor_45_14_snapdragon,indoor_45_2_snapdragon,indoor_forward_10_snapdragon,indoor_forward_6_snapdragon,indoor_forward_9_snapdragon",source_validation_selection,WITHIN_UZH
B2_RIDGE_QF_lag10_alpha100.0_valgrp_indoor_forward,Ridge+SourceStandardScaler,UZH_FPV,"indoor_45_13_snapdragon,indoor_45_14_snapdragon,indoor_45_2_snapdragon,outdoor_forward_1_snapdragon",source_validation_selection,WITHIN_UZH
B2_RIDGE_QF_lag10_alpha100.0_valgrp_indoor_45,Ridge+SourceStandardScaler,UZH_FPV,"indoor_forward_10_snapdragon,indoor_forward_6_snapdragon,indoor_forward_9_snapdragon,outdoor_forward_1_snapdragon",source_validation_selection,WITHIN_UZH
B2_RIDGE_QF_lag10_alpha100.0_valgrp_outdoor_forward,Ridge+SourceStandardScaler,UZH_FPV,"indoor_45_13_snapdragon,indoor_45_14_snapdragon,indoor_45_2_snapdragon,indoor_forward_10_snapdragon,indoor_forward_6_snapdragon,indoor_forward_9_snapdragon",source_validation_selection,WITHIN_UZH
B2_RIDGE_QF_lag25_alpha1e-06_valgrp_indoor_forward,Ridge+SourceStandardScaler,UZH_FPV,"indoor_45_13_snapdragon,indoor_45_14_snapdragon,indoor_45_2_snapdragon,outdoor_forward_1_snapdragon",source_validation_selection,WITHIN_UZH
B2_RIDGE_QF_lag25_alpha1e-06_valgrp_indoor_45,Ridge+SourceStandardScaler,UZH_FPV,"indoor_forward_10_snapdragon,indoor_forward_6_snapdragon,indoor_forward_9_snapdragon,outdoor_forward_1_snapdragon",source_validation_selection,WITHIN_UZH
B2_RIDGE_QF_lag25_alpha1e-06_valgrp_outdoor_forward,Ridge+SourceStandardScaler,UZH_FPV,"indoor_45_13_snapdragon,indoor_45_14_snapdragon,indoor_45_2_snapdragon,indoor_forward_10_snapdragon,indoor_forward_6_snapdragon,indoor_forward_9_snapdragon",source_validation_selection,WITHIN_UZH
B2_RIDGE_QF_lag25_alpha0.0001_valgrp_indoor_forward,Ridge+SourceStandardScaler,UZH_FPV,"indoor_45_13_snapdragon,indoor_45_14_snapdragon,indoor_45_2_snapdragon,outdoor_forward_1_snapdragon",source_validation_selection,WITHIN_UZH
B2_RIDGE_QF_lag25_alpha0.0001_valgrp_indoor_45,Ridge+SourceStandardScaler,UZH_FPV,"indoor_forward_10_snapdragon,indoor_forward_6_snapdragon,indoor_forward_9_snapdragon,outdoor_forward_1_snapdragon",source_validation_selection,WITHIN_UZH
B2_RIDGE_QF_lag25_alpha0.0001_valgrp_outdoor_forward,Ridge+SourceStandardScaler,UZH_FPV,"indoor_45_13_snapdragon,indoor_45_14_snapdragon,indoor_45_2_snapdragon,indoor_forward_10_snapdragon,indoor_forward_6_snapdragon,indoor_forward_9_snapdragon",source_validation_selection,WITHIN_UZH
B2_RIDGE_QF_lag25_alpha0.01_valgrp_indoor_forward,Ridge+SourceStandardScaler,UZH_FPV,"indoor_45_13_snapdragon,indoor_45_14_snapdragon,indoor_45_2_snapdragon,outdoor_forward_1_snapdragon",source_validation_selection,WITHIN_UZH
B2_RIDGE_QF_lag25_alpha0.01_valgrp_indoor_45,Ridge+SourceStandardScaler,UZH_FPV,"indoor_forward_10_snapdragon,indoor_forward_6_snapdragon,indoor_forward_9_snapdragon,outdoor_forward_1_snapdragon",source_validation_selection,WITHIN_UZH
B2_RIDGE_QF_lag25_alpha0.01_valgrp_outdoor_forward,Ridge+SourceStandardScaler,UZH_FPV,"indoor_45_13_snapdragon,indoor_45_14_snapdragon,indoor_45_2_snapdragon,indoor_forward_10_snapdragon,indoor_forward_6_snapdragon,indoor_forward_9_snapdragon",source_validation_selection,WITHIN_UZH
B2_RIDGE_QF_lag25_alpha1.0_valgrp_indoor_forward,Ridge+SourceStandardScaler,UZH_FPV,"indoor_45_13_snapdragon,indoor_45_14_snapdragon,indoor_45_2_snapdragon,outdoor_forward_1_snapdragon",source_validation_selection,WITHIN_UZH
B2_RIDGE_QF_lag25_alpha1.0_valgrp_indoor_45,Ridge+SourceStandardScaler,UZH_FPV,"indoor_forward_10_snapdragon,indoor_forward_6_snapdragon,indoor_forward_9_snapdragon,outdoor_forward_1_snapdragon",source_validation_selection,WITHIN_UZH
B2_RIDGE_QF_lag25_alpha1.0_valgrp_outdoor_forward,Ridge+SourceStandardScaler,UZH_FPV,"indoor_45_13_snapdragon,indoor_45_14_snapdragon,indoor_45_2_snapdragon,indoor_forward_10_snapdragon,indoor_forward_6_snapdragon,indoor_forward_9_snapdragon",source_validation_selection,WITHIN_UZH
B2_RIDGE_QF_lag25_alpha100.0_valgrp_indoor_forward,Ridge+SourceStandardScaler,UZH_FPV,"indoor_45_13_snapdragon,indoor_45_14_snapdragon,indoor_45_2_snapdragon,outdoor_forward_1_snapdragon",source_validation_selection,WITHIN_UZH
B2_RIDGE_QF_lag25_alpha100.0_valgrp_indoor_45,Ridge+SourceStandardScaler,UZH_FPV,"indoor_forward_10_snapdragon,indoor_forward_6_snapdragon,indoor_forward_9_snapdragon,outdoor_forward_1_snapdragon",source_validation_selection,WITHIN_UZH
B2_RIDGE_QF_lag25_alpha100.0_valgrp_outdoor_forward,Ridge+SourceStandardScaler,UZH_FPV,"indoor_45_13_snapdragon,indoor_45_14_snapdragon,indoor_45_2_snapdragon,indoor_forward_10_snapdragon,indoor_forward_6_snapdragon,indoor_forward_9_snapdragon",source_validation_selection,WITHIN_UZH
B2_RIDGE_QF_lag50_alpha1e-06_valgrp_indoor_forward,Ridge+SourceStandardScaler,UZH_FPV,"indoor_45_13_snapdragon,indoor_45_14_snapdragon,indoor_45_2_snapdragon,outdoor_forward_1_snapdragon",source_validation_selection,WITHIN_UZH
B2_RIDGE_QF_lag50_alpha1e-06_valgrp_indoor_45,Ridge+SourceStandardScaler,UZH_FPV,"indoor_forward_10_snapdragon,indoor_forward_6_snapdragon,indoor_forward_9_snapdragon,outdoor_forward_1_snapdragon",source_validation_selection,WITHIN_UZH
B2_RIDGE_QF_lag50_alpha1e-06_valgrp_outdoor_forward,Ridge+SourceStandardScaler,UZH_FPV,"indoor_45_13_snapdragon,indoor_45_14_snapdragon,indoor_45_2_snapdragon,indoor_forward_10_snapdragon,indoor_forward_6_snapdragon,indoor_forward_9_snapdragon",source_validation_selection,WITHIN_UZH
B2_RIDGE_QF_lag50_alpha0.0001_valgrp_indoor_forward,Ridge+SourceStandardScaler,UZH_FPV,"indoor_45_13_snapdragon,indoor_45_14_snapdragon,indoor_45_2_snapdragon,outdoor_forward_1_snapdragon",source_validation_selection,WITHIN_UZH
B2_RIDGE_QF_lag50_alpha0.0001_valgrp_indoor_45,Ridge+SourceStandardScaler,UZH_FPV,"indoor_forward_10_snapdragon,indoor_forward_6_snapdragon,indoor_forward_9_snapdragon,outdoor_forward_1_snapdragon",source_validation_selection,WITHIN_UZH
B2_RIDGE_QF_lag50_alpha0.0001_valgrp_outdoor_forward,Ridge+SourceStandardScaler,UZH_FPV,"indoor_45_13_snapdragon,indoor_45_14_snapdragon,indoor_45_2_snapdragon,indoor_forward_10_snapdragon,indoor_forward_6_snapdragon,indoor_forward_9_snapdragon",source_validation_selection,WITHIN_UZH
B2_RIDGE_QF_lag50_alpha0.01_valgrp_indoor_forward,Ridge+SourceStandardScaler,UZH_FPV,"indoor_45_13_snapdragon,indoor_45_14_snapdragon,indoor_45_2_snapdragon,outdoor_forward_1_snapdragon",source_validation_selection,WITHIN_UZH
B2_RIDGE_QF_lag50_alpha0.01_valgrp_indoor_45,Ridge+SourceStandardScaler,UZH_FPV,"indoor_forward_10_snapdragon,indoor_forward_6_snapdragon,indoor_forward_9_snapdragon,outdoor_forward_1_snapdragon",source_validation_selection,WITHIN_UZH
B2_RIDGE_QF_lag50_alpha0.01_valgrp_outdoor_forward,Ridge+SourceStandardScaler,UZH_FPV,"indoor_45_13_snapdragon,indoor_45_14_snapdragon,indoor_45_2_snapdragon,indoor_forward_10_snapdragon,indoor_forward_6_snapdragon,indoor_forward_9_snapdragon",source_validation_selection,WITHIN_UZH
B2_RIDGE_QF_lag50_alpha1.0_valgrp_indoor_forward,Ridge+SourceStandardScaler,UZH_FPV,"indoor_45_13_snapdragon,indoor_45_14_snapdragon,indoor_45_2_snapdragon,outdoor_forward_1_snapdragon",source_validation_selection,WITHIN_UZH
B2_RIDGE_QF_lag50_alpha1.0_valgrp_indoor_45,Ridge+SourceStandardScaler,UZH_FPV,"indoor_forward_10_snapdragon,indoor_forward_6_snapdragon,indoor_forward_9_snapdragon,outdoor_forward_1_snapdragon",source_validation_selection,WITHIN_UZH
B2_RIDGE_QF_lag50_alpha1.0_valgrp_outdoor_forward,Ridge+SourceStandardScaler,UZH_FPV,"indoor_45_13_snapdragon,indoor_45_14_snapdragon,indoor_45_2_snapdragon,indoor_forward_10_snapdragon,indoor_forward_6_snapdragon,indoor_forward_9_snapdragon",source_validation_selection,WITHIN_UZH
B2_RIDGE_QF_lag50_alpha100.0_valgrp_indoor_forward,Ridge+SourceStandardScaler,UZH_FPV,"indoor_45_13_snapdragon,indoor_45_14_snapdragon,indoor_45_2_snapdragon,outdoor_forward_1_snapdragon",source_validation_selection,WITHIN_UZH
B2_RIDGE_QF_lag50_alpha100.0_valgrp_indoor_45,Ridge+SourceStandardScaler,UZH_FPV,"indoor_forward_10_snapdragon,indoor_forward_6_snapdragon,indoor_forward_9_snapdragon,outdoor_forward_1_snapdragon",source_validation_selection,WITHIN_UZH
B2_RIDGE_QF_lag50_alpha100.0_valgrp_outdoor_forward,Ridge+SourceStandardScaler,UZH_FPV,"indoor_45_13_snapdragon,indoor_45_14_snapdragon,indoor_45_2_snapdragon,indoor_forward_10_snapdragon,indoor_forward_6_snapdragon,indoor_forward_9_snapdragon",source_validation_selection,WITHIN_UZH
B2_RIDGE_QF_lag100_alpha1e-06_valgrp_indoor_forward,Ridge+SourceStandardScaler,UZH_FPV,"indoor_45_13_snapdragon,indoor_45_14_snapdragon,indoor_45_2_snapdragon,outdoor_forward_1_snapdragon",source_validation_selection,WITHIN_UZH
B2_RIDGE_QF_lag100_alpha1e-06_valgrp_indoor_45,Ridge+SourceStandardScaler,UZH_FPV,"indoor_forward_10_snapdragon,indoor_forward_6_snapdragon,indoor_forward_9_snapdragon,outdoor_forward_1_snapdragon",source_validation_selection,WITHIN_UZH
B2_RIDGE_QF_lag100_alpha1e-06_valgrp_outdoor_forward,Ridge+SourceStandardScaler,UZH_FPV,"indoor_45_13_snapdragon,indoor_45_14_snapdragon,indoor_45_2_snapdragon,indoor_forward_10_snapdragon,indoor_forward_6_snapdragon,indoor_forward_9_snapdragon",source_validation_selection,WITHIN_UZH
B2_RIDGE_QF_lag100_alpha0.0001_valgrp_indoor_forward,Ridge+SourceStandardScaler,UZH_FPV,"indoor_45_13_snapdragon,indoor_45_14_snapdragon,indoor_45_2_snapdragon,outdoor_forward_1_snapdragon",source_validation_selection,WITHIN_UZH
B2_RIDGE_QF_lag100_alpha0.0001_valgrp_indoor_45,Ridge+SourceStandardScaler,UZH_FPV,"indoor_forward_10_snapdragon,indoor_forward_6_snapdragon,indoor_forward_9_snapdragon,outdoor_forward_1_snapdragon",source_validation_selection,WITHIN_UZH
B2_RIDGE_QF_lag100_alpha0.0001_valgrp_outdoor_forward,Ridge+SourceStandardScaler,UZH_FPV,"indoor_45_13_snapdragon,indoor_45_14_snapdragon,indoor_45_2_snapdragon,indoor_forward_10_snapdragon,indoor_forward_6_snapdragon,indoor_forward_9_snapdragon",source_validation_selection,WITHIN_UZH
B2_RIDGE_QF_lag100_alpha0.01_valgrp_indoor_forward,Ridge+SourceStandardScaler,UZH_FPV,"indoor_45_13_snapdragon,indoor_45_14_snapdragon,indoor_45_2_snapdragon,outdoor_forward_1_snapdragon",source_validation_selection,WITHIN_UZH
B2_RIDGE_QF_lag100_alpha0.01_valgrp_indoor_45,Ridge+SourceStandardScaler,UZH_FPV,"indoor_forward_10_snapdragon,indoor_forward_6_snapdragon,indoor_forward_9_snapdragon,outdoor_forward_1_snapdragon",source_validation_selection,WITHIN_UZH
B2_RIDGE_QF_lag100_alpha0.01_valgrp_outdoor_forward,Ridge+SourceStandardScaler,UZH_FPV,"indoor_45_13_snapdragon,indoor_45_14_snapdragon,indoor_45_2_snapdragon,indoor_forward_10_snapdragon,indoor_forward_6_snapdragon,indoor_forward_9_snapdragon",source_validation_selection,WITHIN_UZH
B2_RIDGE_QF_lag100_alpha1.0_valgrp_indoor_forward,Ridge+SourceStandardScaler,UZH_FPV,"indoor_45_13_snapdragon,indoor_45_14_snapdragon,indoor_45_2_snapdragon,outdoor_forward_1_snapdragon",source_validation_selection,WITHIN_UZH
B2_RIDGE_QF_lag100_alpha1.0_valgrp_indoor_45,Ridge+SourceStandardScaler,UZH_FPV,"indoor_forward_10_snapdragon,indoor_forward_6_snapdragon,indoor_forward_9_snapdragon,outdoor_forward_1_snapdragon",source_validation_selection,WITHIN_UZH
B2_RIDGE_QF_lag100_alpha1.0_valgrp_outdoor_forward,Ridge+SourceStandardScaler,UZH_FPV,"indoor_45_13_snapdragon,indoor_45_14_snapdragon,indoor_45_2_snapdragon,indoor_forward_10_snapdragon,indoor_forward_6_snapdragon,indoor_forward_9_snapdragon",source_validation_selection,WITHIN_UZH
B2_RIDGE_QF_lag100_alpha100.0_valgrp_indoor_forward,Ridge+SourceStandardScaler,UZH_FPV,"indoor_45_13_snapdragon,indoor_45_14_snapdragon,indoor_45_2_snapdragon,outdoor_forward_1_snapdragon",source_validation_selection,WITHIN_UZH
B2_RIDGE_QF_lag100_alpha100.0_valgrp_indoor_45,Ridge+SourceStandardScaler,UZH_FPV,"indoor_forward_10_snapdragon,indoor_forward_6_snapdragon,indoor_forward_9_snapdragon,outdoor_forward_1_snapdragon",source_validation_selection,WITHIN_UZH
B2_RIDGE_QF_lag100_alpha100.0_valgrp_outdoor_forward,Ridge+SourceStandardScaler,UZH_FPV,"indoor_45_13_snapdragon,indoor_45_14_snapdragon,indoor_45_2_snapdragon,indoor_forward_10_snapdragon,indoor_forward_6_snapdragon,indoor_forward_9_snapdragon",source_validation_selection,WITHIN_UZH
UZH_FPV_LORO_05_indoor_45_4_snapdragon_B2_RIDGE_QF_final,Ridge+SourceStandardScaler,UZH_FPV,"indoor_45_13_snapdragon,indoor_45_14_snapdragon,indoor_45_2_snapdragon,indoor_forward_10_snapdragon,indoor_forward_6_snapdragon,indoor_forward_9_snapdragon,outdoor_forward_1_snapdragon",within_loro_final_refit,WITHIN_UZH
B3_RIDGE_QF_QW_lag10_alpha1e-06_valgrp_indoor_forward,Ridge+SourceStandardScaler,UZH_FPV,"indoor_45_13_snapdragon,indoor_45_14_snapdragon,indoor_45_2_snapdragon,outdoor_forward_1_snapdragon",source_validation_selection,WITHIN_UZH
B3_RIDGE_QF_QW_lag10_alpha1e-06_valgrp_indoor_45,Ridge+SourceStandardScaler,UZH_FPV,"indoor_forward_10_snapdragon,indoor_forward_6_snapdragon,indoor_forward_9_snapdragon,outdoor_forward_1_snapdragon",source_validation_selection,WITHIN_UZH
B3_RIDGE_QF_QW_lag10_alpha1e-06_valgrp_outdoor_forward,Ridge+SourceStandardScaler,UZH_FPV,"indoor_45_13_snapdragon,indoor_45_14_snapdragon,indoor_45_2_snapdragon,indoor_forward_10_snapdragon,indoor_forward_6_snapdragon,indoor_forward_9_snapdragon",source_validation_selection,WITHIN_UZH
B3_RIDGE_QF_QW_lag10_alpha0.0001_valgrp_indoor_forward,Ridge+SourceStandardScaler,UZH_FPV,"indoor_45_13_snapdragon,indoor_45_14_snapdragon,indoor_45_2_snapdragon,outdoor_forward_1_snapdragon",source_validation_selection,WITHIN_UZH
B3_RIDGE_QF_QW_lag10_alpha0.0001_valgrp_indoor_45,Ridge+SourceStandardScaler,UZH_FPV,"indoor_forward_10_snapdragon,indoor_forward_6_snapdragon,indoor_forward_9_snapdragon,outdoor_forward_1_snapdragon",source_validation_selection,WITHIN_UZH
B3_RIDGE_QF_QW_lag10_alpha0.0001_valgrp_outdoor_forward,Ridge+SourceStandardScaler,UZH_FPV,"indoor_45_13_snapdragon,indoor_45_14_snapdragon,indoor_45_2_snapdragon,indoor_forward_10_snapdragon,indoor_forward_6_snapdragon,indoor_forward_9_snapdragon",source_validation_selection,WITHIN_UZH
B3_RIDGE_QF_QW_lag10_alpha0.01_valgrp_indoor_forward,Ridge+SourceStandardScaler,UZH_FPV,"indoor_45_13_snapdragon,indoor_45_14_snapdragon,indoor_45_2_snapdragon,outdoor_forward_1_snapdragon",source_validation_selection,WITHIN_UZH
B3_RIDGE_QF_QW_lag10_alpha0.01_valgrp_indoor_45,Ridge+SourceStandardScaler,UZH_FPV,"indoor_forward_10_snapdragon,indoor_forward_6_snapdragon,indoor_forward_9_snapdragon,outdoor_forward_1_snapdragon",source_validation_selection,WITHIN_UZH
B3_RIDGE_QF_QW_lag10_alpha0.01_valgrp_outdoor_forward,Ridge+SourceStandardScaler,UZH_FPV,"indoor_45_13_snapdragon,indoor_45_14_snapdragon,indoor_45_2_snapdragon,indoor_forward_10_snapdragon,indoor_forward_6_snapdragon,indoor_forward_9_snapdragon",source_validation_selection,WITHIN_UZH
B3_RIDGE_QF_QW_lag10_alpha1.0_valgrp_indoor_forward,Ridge+SourceStandardScaler,UZH_FPV,"indoor_45_13_snapdragon,indoor_45_14_snapdragon,indoor_45_2_snapdragon,outdoor_forward_1_snapdragon",source_validation_selection,WITHIN_UZH
B3_RIDGE_QF_QW_lag10_alpha1.0_valgrp_indoor_45,Ridge+SourceStandardScaler,UZH_FPV,"indoor_forward_10_snapdragon,indoor_forward_6_snapdragon,indoor_forward_9_snapdragon,outdoor_forward_1_snapdragon",source_validation_selection,WITHIN_UZH
B3_RIDGE_QF_QW_lag10_alpha1.0_valgrp_outdoor_forward,Ridge+SourceStandardScaler,UZH_FPV,"indoor_45_13_snapdragon,indoor_45_14_snapdragon,indoor_45_2_snapdragon,indoor_forward_10_snapdragon,indoor_forward_6_snapdragon,indoor_forward_9_snapdragon",source_validation_selection,WITHIN_UZH
B3_RIDGE_QF_QW_lag10_alpha100.0_valgrp_indoor_forward,Ridge+SourceStandardScaler,UZH_FPV,"indoor_45_13_snapdragon,indoor_45_14_snapdragon,indoor_45_2_snapdragon,outdoor_forward_1_snapdragon",source_validation_selection,WITHIN_UZH
B3_RIDGE_QF_QW_lag10_alpha100.0_valgrp_indoor_45,Ridge+SourceStandardScaler,UZH_FPV,"indoor_forward_10_snapdragon,indoor_forward_6_snapdragon,indoor_forward_9_snapdragon,outdoor_forward_1_snapdragon",source_validation_selection,WITHIN_UZH
B3_RIDGE_QF_QW_lag10_alpha100.0_valgrp_outdoor_forward,Ridge+SourceStandardScaler,UZH_FPV,"indoor_45_13_snapdragon,indoor_45_14_snapdragon,indoor_45_2_snapdragon,indoor_forward_10_snapdragon,indoor_forward_6_snapdragon,indoor_forward_9_snapdragon",source_validation_selection,WITHIN_UZH
B3_RIDGE_QF_QW_lag25_alpha1e-06_valgrp_indoor_forward,Ridge+SourceStandardScaler,UZH_FPV,"indoor_45_13_snapdragon,indoor_45_14_snapdragon,indoor_45_2_snapdragon,outdoor_forward_1_snapdragon",source_validation_selection,WITHIN_UZH
B3_RIDGE_QF_QW_lag25_alpha1e-06_valgrp_indoor_45,Ridge+SourceStandardScaler,UZH_FPV,"indoor_forward_10_snapdragon,indoor_forward_6_snapdragon,indoor_forward_9_snapdragon,outdoor_forward_1_snapdragon",source_validation_selection,WITHIN_UZH
B3_RIDGE_QF_QW_lag25_alpha1e-06_valgrp_outdoor_forward,Ridge+SourceStandardScaler,UZH_FPV,"indoor_45_13_snapdragon,indoor_45_14_snapdragon,indoor_45_2_snapdragon,indoor_forward_10_snapdragon,indoor_forward_6_snapdragon,indoor_forward_9_snapdragon",source_validation_selection,WITHIN_UZH
B3_RIDGE_QF_QW_lag25_alpha0.0001_valgrp_indoor_forward,Ridge+SourceStandardScaler,UZH_FPV,"indoor_45_13_snapdragon,indoor_45_14_snapdragon,indoor_45_2_snapdragon,outdoor_forward_1_snapdragon",source_validation_selection,WITHIN_UZH
B3_RIDGE_QF_QW_lag25_alpha0.0001_valgrp_indoor_45,Ridge+SourceStandardScaler,UZH_FPV,"indoor_forward_10_snapdragon,indoor_forward_6_snapdragon,indoor_forward_9_snapdragon,outdoor_forward_1_snapdragon",source_validation_selection,WITHIN_UZH
B3_RIDGE_QF_QW_lag25_alpha0.0001_valgrp_outdoor_forward,Ridge+SourceStandardScaler,UZH_FPV,"indoor_45_13_snapdragon,indoor_45_14_snapdragon,indoor_45_2_snapdragon,indoor_forward_10_snapdragon,indoor_forward_6_snapdragon,indoor_forward_9_snapdragon",source_validation_selection,WITHIN_UZH
B3_RIDGE_QF_QW_lag25_alpha0.01_valgrp_indoor_forward,Ridge+SourceStandardScaler,UZH_FPV,"indoor_45_13_snapdragon,indoor_45_14_snapdragon,indoor_45_2_snapdragon,outdoor_forward_1_snapdragon",source_validation_selection,WITHIN_UZH
B3_RIDGE_QF_QW_lag25_alpha0.01_valgrp_indoor_45,Ridge+SourceStandardScaler,UZH_FPV,"indoor_forward_10_snapdragon,indoor_forward_6_snapdragon,indoor_forward_9_snapdragon,outdoor_forward_1_snapdragon",source_validation_selection,WITHIN_UZH
B3_RIDGE_QF_QW_lag25_alpha0.01_valgrp_outdoor_forward,Ridge+SourceStandardScaler,UZH_FPV,"indoor_45_13_snapdragon,indoor_45_14_snapdragon,indoor_45_2_snapdragon,indoor_forward_10_snapdragon,indoor_forward_6_snapdragon,indoor_forward_9_snapdragon",source_validation_selection,WITHIN_UZH
B3_RIDGE_QF_QW_lag25_alpha1.0_valgrp_indoor_forward,Ridge+SourceStandardScaler,UZH_FPV,"indoor_45_13_snapdragon,indoor_45_14_snapdragon,indoor_45_2_snapdragon,outdoor_forward_1_snapdragon",source_validation_selection,WITHIN_UZH
B3_RIDGE_QF_QW_lag25_alpha1.0_valgrp_indoor_45,Ridge+SourceStandardScaler,UZH_FPV,"indoor_forward_10_snapdragon,indoor_forward_6_snapdragon,indoor_forward_9_snapdragon,outdoor_forward_1_snapdragon",source_validation_selection,WITHIN_UZH
B3_RIDGE_QF_QW_lag25_alpha1.0_valgrp_outdoor_forward,Ridge+SourceStandardScaler,UZH_FPV,"indoor_45_13_snapdragon,indoor_45_14_snapdragon,indoor_45_2_snapdragon,indoor_forward_10_snapdragon,indoor_forward_6_snapdragon,indoor_forward_9_snapdragon",source_validation_selection,WITHIN_UZH
B3_RIDGE_QF_QW_lag25_alpha100.0_valgrp_indoor_forward,Ridge+SourceStandardScaler,UZH_FPV,"indoor_45_13_snapdragon,indoor_45_14_snapdragon,indoor_45_2_snapdragon,outdoor_forward_1_snapdragon",source_validation_selection,WITHIN_UZH
B3_RIDGE_QF_QW_lag25_alpha100.0_valgrp_indoor_45,Ridge+SourceStandardScaler,UZH_FPV,"indoor_forward_10_snapdragon,indoor_forward_6_snapdragon,indoor_forward_9_snapdragon,outdoor_forward_1_snapdragon",source_validation_selection,WITHIN_UZH
B3_RIDGE_QF_QW_lag25_alpha100.0_valgrp_outdoor_forward,Ridge+SourceStandardScaler,UZH_FPV,"indoor_45_13_snapdragon,indoor_45_14_snapdragon,indoor_45_2_snapdragon,indoor_forward_10_snapdragon,indoor_forward_6_snapdragon,indoor_forward_9_snapdragon",source_validation_selection,WITHIN_UZH
B3_RIDGE_QF_QW_lag50_alpha1e-06_valgrp_indoor_forward,Ridge+SourceStandardScaler,UZH_FPV,"indoor_45_13_snapdragon,indoor_45_14_snapdragon,indoor_45_2_snapdragon,outdoor_forward_1_snapdragon",source_validation_selection,WITHIN_UZH
B3_RIDGE_QF_QW_lag50_alpha1e-06_valgrp_indoor_45,Ridge+SourceStandardScaler,UZH_FPV,"indoor_forward_10_snapdragon,indoor_forward_6_snapdragon,indoor_forward_9_snapdragon,outdoor_forward_1_snapdragon",source_validation_selection,WITHIN_UZH
B3_RIDGE_QF_QW_lag50_alpha1e-06_valgrp_outdoor_forward,Ridge+SourceStandardScaler,UZH_FPV,"indoor_45_13_snapdragon,indoor_45_14_snapdragon,indoor_45_2_snapdragon,indoor_forward_10_snapdragon,indoor_forward_6_snapdragon,indoor_forward_9_snapdragon",source_validation_selection,WITHIN_UZH
B3_RIDGE_QF_QW_lag50_alpha0.0001_valgrp_indoor_forward,Ridge+SourceStandardScaler,UZH_FPV,"indoor_45_13_snapdragon,indoor_45_14_snapdragon,indoor_45_2_snapdragon,outdoor_forward_1_snapdragon",source_validation_selection,WITHIN_UZH
B3_RIDGE_QF_QW_lag50_alpha0.0001_valgrp_indoor_45,Ridge+SourceStandardScaler,UZH_FPV,"indoor_forward_10_snapdragon,indoor_forward_6_snapdragon,indoor_forward_9_snapdragon,outdoor_forward_1_snapdragon",source_validation_selection,WITHIN_UZH
B3_RIDGE_QF_QW_lag50_alpha0.0001_valgrp_outdoor_forward,Ridge+SourceStandardScaler,UZH_FPV,"indoor_45_13_snapdragon,indoor_45_14_snapdragon,indoor_45_2_snapdragon,indoor_forward_10_snapdragon,indoor_forward_6_snapdragon,indoor_forward_9_snapdragon",source_validation_selection,WITHIN_UZH
B3_RIDGE_QF_QW_lag50_alpha0.01_valgrp_indoor_forward,Ridge+SourceStandardScaler,UZH_FPV,"indoor_45_13_snapdragon,indoor_45_14_snapdragon,indoor_45_2_snapdragon,outdoor_forward_1_snapdragon",source_validation_selection,WITHIN_UZH
B3_RIDGE_QF_QW_lag50_alpha0.01_valgrp_indoor_45,Ridge+SourceStandardScaler,UZH_FPV,"indoor_forward_10_snapdragon,indoor_forward_6_snapdragon,indoor_forward_9_snapdragon,outdoor_forward_1_snapdragon",source_validation_selection,WITHIN_UZH
B3_RIDGE_QF_QW_lag50_alpha0.01_valgrp_outdoor_forward,Ridge+SourceStandardScaler,UZH_FPV,"indoor_45_13_snapdragon,indoor_45_14_snapdragon,indoor_45_2_snapdragon,indoor_forward_10_snapdragon,indoor_forward_6_snapdragon,indoor_forward_9_snapdragon",source_validation_selection,WITHIN_UZH
B3_RIDGE_QF_QW_lag50_alpha1.0_valgrp_indoor_forward,Ridge+SourceStandardScaler,UZH_FPV,"indoor_45_13_snapdragon,indoor_45_14_snapdragon,indoor_45_2_snapdragon,outdoor_forward_1_snapdragon",source_validation_selection,WITHIN_UZH
B3_RIDGE_QF_QW_lag50_alpha1.0_valgrp_indoor_45,Ridge+SourceStandardScaler,UZH_FPV,"indoor_forward_10_snapdragon,indoor_forward_6_snapdragon,indoor_forward_9_snapdragon,outdoor_forward_1_snapdragon",source_validation_selection,WITHIN_UZH
B3_RIDGE_QF_QW_lag50_alpha1.0_valgrp_outdoor_forward,Ridge+SourceStandardScaler,UZH_FPV,"indoor_45_13_snapdragon,indoor_45_14_snapdragon,indoor_45_2_snapdragon,indoor_forward_10_snapdragon,indoor_forward_6_snapdragon,indoor_forward_9_snapdragon",source_validation_selection,WITHIN_UZH
B3_RIDGE_QF_QW_lag50_alpha100.0_valgrp_indoor_forward,Ridge+SourceStandardScaler,UZH_FPV,"indoor_45_13_snapdragon,indoor_45_14_snapdragon,indoor_45_2_snapdragon,outdoor_forward_1_snapdragon",source_validation_selection,WITHIN_UZH
B3_RIDGE_QF_QW_lag50_alpha100.0_valgrp_indoor_45,Ridge+SourceStandardScaler,UZH_FPV,"indoor_forward_10_snapdragon,indoor_forward_6_snapdragon,indoor_forward_9_snapdragon,outdoor_forward_1_snapdragon",source_validation_selection,WITHIN_UZH
B3_RIDGE_QF_QW_lag50_alpha100.0_valgrp_outdoor_forward,Ridge+SourceStandardScaler,UZH_FPV,"indoor_45_13_snapdragon,indoor_45_14_snapdragon,indoor_45_2_snapdragon,indoor_forward_10_snapdragon,indoor_forward_6_snapdragon,indoor_forward_9_snapdragon",source_validation_selection,WITHIN_UZH
B3_RIDGE_QF_QW_lag100_alpha1e-06_valgrp_indoor_forward,Ridge+SourceStandardScaler,UZH_FPV,"indoor_45_13_snapdragon,indoor_45_14_snapdragon,indoor_45_2_snapdragon,outdoor_forward_1_snapdragon",source_validation_selection,WITHIN_UZH
B3_RIDGE_QF_QW_lag100_alpha1e-06_valgrp_indoor_45,Ridge+SourceStandardScaler,UZH_FPV,"indoor_forward_10_snapdragon,indoor_forward_6_snapdragon,indoor_forward_9_snapdragon,outdoor_forward_1_snapdragon",source_validation_selection,WITHIN_UZH
B3_RIDGE_QF_QW_lag100_alpha1e-06_valgrp_outdoor_forward,Ridge+SourceStandardScaler,UZH_FPV,"indoor_45_13_snapdragon,indoor_45_14_snapdragon,indoor_45_2_snapdragon,indoor_forward_10_snapdragon,indoor_forward_6_snapdragon,indoor_forward_9_snapdragon",source_validation_selection,WITHIN_UZH
B3_RIDGE_QF_QW_lag100_alpha0.0001_valgrp_indoor_forward,Ridge+SourceStandardScaler,UZH_FPV,"indoor_45_13_snapdragon,indoor_45_14_snapdragon,indoor_45_2_snapdragon,outdoor_forward_1_snapdragon",source_validation_selection,WITHIN_UZH
B3_RIDGE_QF_QW_lag100_alpha0.0001_valgrp_indoor_45,Ridge+SourceStandardScaler,UZH_FPV,"indoor_forward_10_snapdragon,indoor_forward_6_snapdragon,indoor_forward_9_snapdragon,outdoor_forward_1_snapdragon",source_validation_selection,WITHIN_UZH
B3_RIDGE_QF_QW_lag100_alpha0.0001_valgrp_outdoor_forward,Ridge+SourceStandardScaler,UZH_FPV,"indoor_45_13_snapdragon,indoor_45_14_snapdragon,indoor_45_2_snapdragon,indoor_forward_10_snapdragon,indoor_forward_6_snapdragon,indoor_forward_9_snapdragon",source_validation_selection,WITHIN_UZH
B3_RIDGE_QF_QW_lag100_alpha0.01_valgrp_indoor_forward,Ridge+SourceStandardScaler,UZH_FPV,"indoor_45_13_snapdragon,indoor_45_14_snapdragon,indoor_45_2_snapdragon,outdoor_forward_1_snapdragon",source_validation_selection,WITHIN_UZH
B3_RIDGE_QF_QW_lag100_alpha0.01_valgrp_indoor_45,Ridge+SourceStandardScaler,UZH_FPV,"indoor_forward_10_snapdragon,indoor_forward_6_snapdragon,indoor_forward_9_snapdragon,outdoor_forward_1_snapdragon",source_validation_selection,WITHIN_UZH
B3_RIDGE_QF_QW_lag100_alpha0.01_valgrp_outdoor_forward,Ridge+SourceStandardScaler,UZH_FPV,"indoor_45_13_snapdragon,indoor_45_14_snapdragon,indoor_45_2_snapdragon,indoor_forward_10_snapdragon,indoor_forward_6_snapdragon,indoor_forward_9_snapdragon",source_validation_selection,WITHIN_UZH
B3_RIDGE_QF_QW_lag100_alpha1.0_valgrp_indoor_forward,Ridge+SourceStandardScaler,UZH_FPV,"indoor_45_13_snapdragon,indoor_45_14_snapdragon,indoor_45_2_snapdragon,outdoor_forward_1_snapdragon",source_validation_selection,WITHIN_UZH
B3_RIDGE_QF_QW_lag100_alpha1.0_valgrp_indoor_45,Ridge+SourceStandardScaler,UZH_FPV,"indoor_forward_10_snapdragon,indoor_forward_6_snapdragon,indoor_forward_9_snapdragon,outdoor_forward_1_snapdragon",source_validation_selection,WITHIN_UZH
B3_RIDGE_QF_QW_lag100_alpha1.0_valgrp_outdoor_forward,Ridge+SourceStandardScaler,UZH_FPV,"indoor_45_13_snapdragon,indoor_45_14_snapdragon,indoor_45_2_snapdragon,indoor_forward_10_snapdragon,indoor_forward_6_snapdragon,indoor_forward_9_snapdragon",source_validation_selection,WITHIN_UZH
B3_RIDGE_QF_QW_lag100_alpha100.0_valgrp_indoor_forward,Ridge+SourceStandardScaler,UZH_FPV,"indoor_45_13_snapdragon,indoor_45_14_snapdragon,indoor_45_2_snapdragon,outdoor_forward_1_snapdragon",source_validation_selection,WITHIN_UZH
B3_RIDGE_QF_QW_lag100_alpha100.0_valgrp_indoor_45,Ridge+SourceStandardScaler,UZH_FPV,"indoor_forward_10_snapdragon,indoor_forward_6_snapdragon,indoor_forward_9_snapdragon,outdoor_forward_1_snapdragon",source_validation_selection,WITHIN_UZH
B3_RIDGE_QF_QW_lag100_alpha100.0_valgrp_outdoor_forward,Ridge+SourceStandardScaler,UZH_FPV,"indoor_45_13_snapdragon,indoor_45_14_snapdragon,indoor_45_2_snapdragon,indoor_forward_10_snapdragon,indoor_forward_6_snapdragon,indoor_forward_9_snapdragon",source_validation_selection,WITHIN_UZH
UZH_FPV_LORO_05_indoor_45_4_snapdragon_B3_RIDGE_QF_QW_final,Ridge+SourceStandardScaler,UZH_FPV,"indoor_45_13_snapdragon,indoor_45_14_snapdragon,indoor_45_2_snapdragon,indoor_forward_10_snapdragon,indoor_forward_6_snapdragon,indoor_forward_9_snapdragon,outdoor_forward_1_snapdragon",within_loro_final_refit,WITHIN_UZH
B2_RIDGE_QF_lag10_alpha1e-06_valgrp_indoor_forward,Ridge+SourceStandardScaler,UZH_FPV,"indoor_45_14_snapdragon,indoor_45_2_snapdragon,indoor_45_4_snapdragon,outdoor_forward_1_snapdragon",source_validation_selection,WITHIN_UZH
B2_RIDGE_QF_lag10_alpha1e-06_valgrp_indoor_45,Ridge+SourceStandardScaler,UZH_FPV,"indoor_forward_10_snapdragon,indoor_forward_6_snapdragon,indoor_forward_9_snapdragon,outdoor_forward_1_snapdragon",source_validation_selection,WITHIN_UZH
B2_RIDGE_QF_lag10_alpha1e-06_valgrp_outdoor_forward,Ridge+SourceStandardScaler,UZH_FPV,"indoor_45_14_snapdragon,indoor_45_2_snapdragon,indoor_45_4_snapdragon,indoor_forward_10_snapdragon,indoor_forward_6_snapdragon,indoor_forward_9_snapdragon",source_validation_selection,WITHIN_UZH
B2_RIDGE_QF_lag10_alpha0.0001_valgrp_indoor_forward,Ridge+SourceStandardScaler,UZH_FPV,"indoor_45_14_snapdragon,indoor_45_2_snapdragon,indoor_45_4_snapdragon,outdoor_forward_1_snapdragon",source_validation_selection,WITHIN_UZH
B2_RIDGE_QF_lag10_alpha0.0001_valgrp_indoor_45,Ridge+SourceStandardScaler,UZH_FPV,"indoor_forward_10_snapdragon,indoor_forward_6_snapdragon,indoor_forward_9_snapdragon,outdoor_forward_1_snapdragon",source_validation_selection,WITHIN_UZH
B2_RIDGE_QF_lag10_alpha0.0001_valgrp_outdoor_forward,Ridge+SourceStandardScaler,UZH_FPV,"indoor_45_14_snapdragon,indoor_45_2_snapdragon,indoor_45_4_snapdragon,indoor_forward_10_snapdragon,indoor_forward_6_snapdragon,indoor_forward_9_snapdragon",source_validation_selection,WITHIN_UZH
B2_RIDGE_QF_lag10_alpha0.01_valgrp_indoor_forward,Ridge+SourceStandardScaler,UZH_FPV,"indoor_45_14_snapdragon,indoor_45_2_snapdragon,indoor_45_4_snapdragon,outdoor_forward_1_snapdragon",source_validation_selection,WITHIN_UZH
B2_RIDGE_QF_lag10_alpha0.01_valgrp_indoor_45,Ridge+SourceStandardScaler,UZH_FPV,"indoor_forward_10_snapdragon,indoor_forward_6_snapdragon,indoor_forward_9_snapdragon,outdoor_forward_1_snapdragon",source_validation_selection,WITHIN_UZH
B2_RIDGE_QF_lag10_alpha0.01_valgrp_outdoor_forward,Ridge+SourceStandardScaler,UZH_FPV,"indoor_45_14_snapdragon,indoor_45_2_snapdragon,indoor_45_4_snapdragon,indoor_forward_10_snapdragon,indoor_forward_6_snapdragon,indoor_forward_9_snapdragon",source_validation_selection,WITHIN_UZH
B2_RIDGE_QF_lag10_alpha1.0_valgrp_indoor_forward,Ridge+SourceStandardScaler,UZH_FPV,"indoor_45_14_snapdragon,indoor_45_2_snapdragon,indoor_45_4_snapdragon,outdoor_forward_1_snapdragon",source_validation_selection,WITHIN_UZH
B2_RIDGE_QF_lag10_alpha1.0_valgrp_indoor_45,Ridge+SourceStandardScaler,UZH_FPV,"indoor_forward_10_snapdragon,indoor_forward_6_snapdragon,indoor_forward_9_snapdragon,outdoor_forward_1_snapdragon",source_validation_selection,WITHIN_UZH
B2_RIDGE_QF_lag10_alpha1.0_valgrp_outdoor_forward,Ridge+SourceStandardScaler,UZH_FPV,"indoor_45_14_snapdragon,indoor_45_2_snapdragon,indoor_45_4_snapdragon,indoor_forward_10_snapdragon,indoor_forward_6_snapdragon,indoor_forward_9_snapdragon",source_validation_selection,WITHIN_UZH
B2_RIDGE_QF_lag10_alpha100.0_valgrp_indoor_forward,Ridge+SourceStandardScaler,UZH_FPV,"indoor_45_14_snapdragon,indoor_45_2_snapdragon,indoor_45_4_snapdragon,outdoor_forward_1_snapdragon",source_validation_selection,WITHIN_UZH
B2_RIDGE_QF_lag10_alpha100.0_valgrp_indoor_45,Ridge+SourceStandardScaler,UZH_FPV,"indoor_forward_10_snapdragon,indoor_forward_6_snapdragon,indoor_forward_9_snapdragon,outdoor_forward_1_snapdragon",source_validation_selection,WITHIN_UZH
B2_RIDGE_QF_lag10_alpha100.0_valgrp_outdoor_forward,Ridge+SourceStandardScaler,UZH_FPV,"indoor_45_14_snapdragon,indoor_45_2_snapdragon,indoor_45_4_snapdragon,indoor_forward_10_snapdragon,indoor_forward_6_snapdragon,indoor_forward_9_snapdragon",source_validation_selection,WITHIN_UZH
B2_RIDGE_QF_lag25_alpha1e-06_valgrp_indoor_forward,Ridge+SourceStandardScaler,UZH_FPV,"indoor_45_14_snapdragon,indoor_45_2_snapdragon,indoor_45_4_snapdragon,outdoor_forward_1_snapdragon",source_validation_selection,WITHIN_UZH
B2_RIDGE_QF_lag25_alpha1e-06_valgrp_indoor_45,Ridge+SourceStandardScaler,UZH_FPV,"indoor_forward_10_snapdragon,indoor_forward_6_snapdragon,indoor_forward_9_snapdragon,outdoor_forward_1_snapdragon",source_validation_selection,WITHIN_UZH
B2_RIDGE_QF_lag25_alpha1e-06_valgrp_outdoor_forward,Ridge+SourceStandardScaler,UZH_FPV,"indoor_45_14_snapdragon,indoor_45_2_snapdragon,indoor_45_4_snapdragon,indoor_forward_10_snapdragon,indoor_forward_6_snapdragon,indoor_forward_9_snapdragon",source_validation_selection,WITHIN_UZH
B2_RIDGE_QF_lag25_alpha0.0001_valgrp_indoor_forward,Ridge+SourceStandardScaler,UZH_FPV,"indoor_45_14_snapdragon,indoor_45_2_snapdragon,indoor_45_4_snapdragon,outdoor_forward_1_snapdragon",source_validation_selection,WITHIN_UZH
B2_RIDGE_QF_lag25_alpha0.0001_valgrp_indoor_45,Ridge+SourceStandardScaler,UZH_FPV,"indoor_forward_10_snapdragon,indoor_forward_6_snapdragon,indoor_forward_9_snapdragon,outdoor_forward_1_snapdragon",source_validation_selection,WITHIN_UZH
B2_RIDGE_QF_lag25_alpha0.0001_valgrp_outdoor_forward,Ridge+SourceStandardScaler,UZH_FPV,"indoor_45_14_snapdragon,indoor_45_2_snapdragon,indoor_45_4_snapdragon,indoor_forward_10_snapdragon,indoor_forward_6_snapdragon,indoor_forward_9_snapdragon",source_validation_selection,WITHIN_UZH
B2_RIDGE_QF_lag25_alpha0.01_valgrp_indoor_forward,Ridge+SourceStandardScaler,UZH_FPV,"indoor_45_14_snapdragon,indoor_45_2_snapdragon,indoor_45_4_snapdragon,outdoor_forward_1_snapdragon",source_validation_selection,WITHIN_UZH
B2_RIDGE_QF_lag25_alpha0.01_valgrp_indoor_45,Ridge+SourceStandardScaler,UZH_FPV,"indoor_forward_10_snapdragon,indoor_forward_6_snapdragon,indoor_forward_9_snapdragon,outdoor_forward_1_snapdragon",source_validation_selection,WITHIN_UZH
B2_RIDGE_QF_lag25_alpha0.01_valgrp_outdoor_forward,Ridge+SourceStandardScaler,UZH_FPV,"indoor_45_14_snapdragon,indoor_45_2_snapdragon,indoor_45_4_snapdragon,indoor_forward_10_snapdragon,indoor_forward_6_snapdragon,indoor_forward_9_snapdragon",source_validation_selection,WITHIN_UZH
B2_RIDGE_QF_lag25_alpha1.0_valgrp_indoor_forward,Ridge+SourceStandardScaler,UZH_FPV,"indoor_45_14_snapdragon,indoor_45_2_snapdragon,indoor_45_4_snapdragon,outdoor_forward_1_snapdragon",source_validation_selection,WITHIN_UZH
B2_RIDGE_QF_lag25_alpha1.0_valgrp_indoor_45,Ridge+SourceStandardScaler,UZH_FPV,"indoor_forward_10_snapdragon,indoor_forward_6_snapdragon,indoor_forward_9_snapdragon,outdoor_forward_1_snapdragon",source_validation_selection,WITHIN_UZH
B2_RIDGE_QF_lag25_alpha1.0_valgrp_outdoor_forward,Ridge+SourceStandardScaler,UZH_FPV,"indoor_45_14_snapdragon,indoor_45_2_snapdragon,indoor_45_4_snapdragon,indoor_forward_10_snapdragon,indoor_forward_6_snapdragon,indoor_forward_9_snapdragon",source_validation_selection,WITHIN_UZH
B2_RIDGE_QF_lag25_alpha100.0_valgrp_indoor_forward,Ridge+SourceStandardScaler,UZH_FPV,"indoor_45_14_snapdragon,indoor_45_2_snapdragon,indoor_45_4_snapdragon,outdoor_forward_1_snapdragon",source_validation_selection,WITHIN_UZH
B2_RIDGE_QF_lag25_alpha100.0_valgrp_indoor_45,Ridge+SourceStandardScaler,UZH_FPV,"indoor_forward_10_snapdragon,indoor_forward_6_snapdragon,indoor_forward_9_snapdragon,outdoor_forward_1_snapdragon",source_validation_selection,WITHIN_UZH
B2_RIDGE_QF_lag25_alpha100.0_valgrp_outdoor_forward,Ridge+SourceStandardScaler,UZH_FPV,"indoor_45_14_snapdragon,indoor_45_2_snapdragon,indoor_45_4_snapdragon,indoor_forward_10_snapdragon,indoor_forward_6_snapdragon,indoor_forward_9_snapdragon",source_validation_selection,WITHIN_UZH
B2_RIDGE_QF_lag50_alpha1e-06_valgrp_indoor_forward,Ridge+SourceStandardScaler,UZH_FPV,"indoor_45_14_snapdragon,indoor_45_2_snapdragon,indoor_45_4_snapdragon,outdoor_forward_1_snapdragon",source_validation_selection,WITHIN_UZH
B2_RIDGE_QF_lag50_alpha1e-06_valgrp_indoor_45,Ridge+SourceStandardScaler,UZH_FPV,"indoor_forward_10_snapdragon,indoor_forward_6_snapdragon,indoor_forward_9_snapdragon,outdoor_forward_1_snapdragon",source_validation_selection,WITHIN_UZH
B2_RIDGE_QF_lag50_alpha1e-06_valgrp_outdoor_forward,Ridge+SourceStandardScaler,UZH_FPV,"indoor_45_14_snapdragon,indoor_45_2_snapdragon,indoor_45_4_snapdragon,indoor_forward_10_snapdragon,indoor_forward_6_snapdragon,indoor_forward_9_snapdragon",source_validation_selection,WITHIN_UZH
B2_RIDGE_QF_lag50_alpha0.0001_valgrp_indoor_forward,Ridge+SourceStandardScaler,UZH_FPV,"indoor_45_14_snapdragon,indoor_45_2_snapdragon,indoor_45_4_snapdragon,outdoor_forward_1_snapdragon",source_validation_selection,WITHIN_UZH
B2_RIDGE_QF_lag50_alpha0.0001_valgrp_indoor_45,Ridge+SourceStandardScaler,UZH_FPV,"indoor_forward_10_snapdragon,indoor_forward_6_snapdragon,indoor_forward_9_snapdragon,outdoor_forward_1_snapdragon",source_validation_selection,WITHIN_UZH
B2_RIDGE_QF_lag50_alpha0.0001_valgrp_outdoor_forward,Ridge+SourceStandardScaler,UZH_FPV,"indoor_45_14_snapdragon,indoor_45_2_snapdragon,indoor_45_4_snapdragon,indoor_forward_10_snapdragon,indoor_forward_6_snapdragon,indoor_forward_9_snapdragon",source_validation_selection,WITHIN_UZH
B2_RIDGE_QF_lag50_alpha0.01_valgrp_indoor_forward,Ridge+SourceStandardScaler,UZH_FPV,"indoor_45_14_snapdragon,indoor_45_2_snapdragon,indoor_45_4_snapdragon,outdoor_forward_1_snapdragon",source_validation_selection,WITHIN_UZH
B2_RIDGE_QF_lag50_alpha0.01_valgrp_indoor_45,Ridge+SourceStandardScaler,UZH_FPV,"indoor_forward_10_snapdragon,indoor_forward_6_snapdragon,indoor_forward_9_snapdragon,outdoor_forward_1_snapdragon",source_validation_selection,WITHIN_UZH
B2_RIDGE_QF_lag50_alpha0.01_valgrp_outdoor_forward,Ridge+SourceStandardScaler,UZH_FPV,"indoor_45_14_snapdragon,indoor_45_2_snapdragon,indoor_45_4_snapdragon,indoor_forward_10_snapdragon,indoor_forward_6_snapdragon,indoor_forward_9_snapdragon",source_validation_selection,WITHIN_UZH
B2_RIDGE_QF_lag50_alpha1.0_valgrp_indoor_forward,Ridge+SourceStandardScaler,UZH_FPV,"indoor_45_14_snapdragon,indoor_45_2_snapdragon,indoor_45_4_snapdragon,outdoor_forward_1_snapdragon",source_validation_selection,WITHIN_UZH
B2_RIDGE_QF_lag50_alpha1.0_valgrp_indoor_45,Ridge+SourceStandardScaler,UZH_FPV,"indoor_forward_10_snapdragon,indoor_forward_6_snapdragon,indoor_forward_9_snapdragon,outdoor_forward_1_snapdragon",source_validation_selection,WITHIN_UZH
B2_RIDGE_QF_lag50_alpha1.0_valgrp_outdoor_forward,Ridge+SourceStandardScaler,UZH_FPV,"indoor_45_14_snapdragon,indoor_45_2_snapdragon,indoor_45_4_snapdragon,indoor_forward_10_snapdragon,indoor_forward_6_snapdragon,indoor_forward_9_snapdragon",source_validation_selection,WITHIN_UZH
B2_RIDGE_QF_lag50_alpha100.0_valgrp_indoor_forward,Ridge+SourceStandardScaler,UZH_FPV,"indoor_45_14_snapdragon,indoor_45_2_snapdragon,indoor_45_4_snapdragon,outdoor_forward_1_snapdragon",source_validation_selection,WITHIN_UZH
B2_RIDGE_QF_lag50_alpha100.0_valgrp_indoor_45,Ridge+SourceStandardScaler,UZH_FPV,"indoor_forward_10_snapdragon,indoor_forward_6_snapdragon,indoor_forward_9_snapdragon,outdoor_forward_1_snapdragon",source_validation_selection,WITHIN_UZH
B2_RIDGE_QF_lag50_alpha100.0_valgrp_outdoor_forward,Ridge+SourceStandardScaler,UZH_FPV,"indoor_45_14_snapdragon,indoor_45_2_snapdragon,indoor_45_4_snapdragon,indoor_forward_10_snapdragon,indoor_forward_6_snapdragon,indoor_forward_9_snapdragon",source_validation_selection,WITHIN_UZH
B2_RIDGE_QF_lag100_alpha1e-06_valgrp_indoor_forward,Ridge+SourceStandardScaler,UZH_FPV,"indoor_45_14_snapdragon,indoor_45_2_snapdragon,indoor_45_4_snapdragon,outdoor_forward_1_snapdragon",source_validation_selection,WITHIN_UZH
B2_RIDGE_QF_lag100_alpha1e-06_valgrp_indoor_45,Ridge+SourceStandardScaler,UZH_FPV,"indoor_forward_10_snapdragon,indoor_forward_6_snapdragon,indoor_forward_9_snapdragon,outdoor_forward_1_snapdragon",source_validation_selection,WITHIN_UZH
B2_RIDGE_QF_lag100_alpha1e-06_valgrp_outdoor_forward,Ridge+SourceStandardScaler,UZH_FPV,"indoor_45_14_snapdragon,indoor_45_2_snapdragon,indoor_45_4_snapdragon,indoor_forward_10_snapdragon,indoor_forward_6_snapdragon,indoor_forward_9_snapdragon",source_validation_selection,WITHIN_UZH
B2_RIDGE_QF_lag100_alpha0.0001_valgrp_indoor_forward,Ridge+SourceStandardScaler,UZH_FPV,"indoor_45_14_snapdragon,indoor_45_2_snapdragon,indoor_45_4_snapdragon,outdoor_forward_1_snapdragon",source_validation_selection,WITHIN_UZH
B2_RIDGE_QF_lag100_alpha0.0001_valgrp_indoor_45,Ridge+SourceStandardScaler,UZH_FPV,"indoor_forward_10_snapdragon,indoor_forward_6_snapdragon,indoor_forward_9_snapdragon,outdoor_forward_1_snapdragon",source_validation_selection,WITHIN_UZH
B2_RIDGE_QF_lag100_alpha0.0001_valgrp_outdoor_forward,Ridge+SourceStandardScaler,UZH_FPV,"indoor_45_14_snapdragon,indoor_45_2_snapdragon,indoor_45_4_snapdragon,indoor_forward_10_snapdragon,indoor_forward_6_snapdragon,indoor_forward_9_snapdragon",source_validation_selection,WITHIN_UZH
B2_RIDGE_QF_lag100_alpha0.01_valgrp_indoor_forward,Ridge+SourceStandardScaler,UZH_FPV,"indoor_45_14_snapdragon,indoor_45_2_snapdragon,indoor_45_4_snapdragon,outdoor_forward_1_snapdragon",source_validation_selection,WITHIN_UZH
B2_RIDGE_QF_lag100_alpha0.01_valgrp_indoor_45,Ridge+SourceStandardScaler,UZH_FPV,"indoor_forward_10_snapdragon,indoor_forward_6_snapdragon,indoor_forward_9_snapdragon,outdoor_forward_1_snapdragon",source_validation_selection,WITHIN_UZH
B2_RIDGE_QF_lag100_alpha0.01_valgrp_outdoor_forward,Ridge+SourceStandardScaler,UZH_FPV,"indoor_45_14_snapdragon,indoor_45_2_snapdragon,indoor_45_4_snapdragon,indoor_forward_10_snapdragon,indoor_forward_6_snapdragon,indoor_forward_9_snapdragon",source_validation_selection,WITHIN_UZH
B2_RIDGE_QF_lag100_alpha1.0_valgrp_indoor_forward,Ridge+SourceStandardScaler,UZH_FPV,"indoor_45_14_snapdragon,indoor_45_2_snapdragon,indoor_45_4_snapdragon,outdoor_forward_1_snapdragon",source_validation_selection,WITHIN_UZH
B2_RIDGE_QF_lag100_alpha1.0_valgrp_indoor_45,Ridge+SourceStandardScaler,UZH_FPV,"indoor_forward_10_snapdragon,indoor_forward_6_snapdragon,indoor_forward_9_snapdragon,outdoor_forward_1_snapdragon",source_validation_selection,WITHIN_UZH
B2_RIDGE_QF_lag100_alpha1.0_valgrp_outdoor_forward,Ridge+SourceStandardScaler,UZH_FPV,"indoor_45_14_snapdragon,indoor_45_2_snapdragon,indoor_45_4_snapdragon,indoor_forward_10_snapdragon,indoor_forward_6_snapdragon,indoor_forward_9_snapdragon",source_validation_selection,WITHIN_UZH
B2_RIDGE_QF_lag100_alpha100.0_valgrp_indoor_forward,Ridge+SourceStandardScaler,UZH_FPV,"indoor_45_14_snapdragon,indoor_45_2_snapdragon,indoor_45_4_snapdragon,outdoor_forward_1_snapdragon",source_validation_selection,WITHIN_UZH
B2_RIDGE_QF_lag100_alpha100.0_valgrp_indoor_45,Ridge+SourceStandardScaler,UZH_FPV,"indoor_forward_10_snapdragon,indoor_forward_6_snapdragon,indoor_forward_9_snapdragon,outdoor_forward_1_snapdragon",source_validation_selection,WITHIN_UZH
B2_RIDGE_QF_lag100_alpha100.0_valgrp_outdoor_forward,Ridge+SourceStandardScaler,UZH_FPV,"indoor_45_14_snapdragon,indoor_45_2_snapdragon,indoor_45_4_snapdragon,indoor_forward_10_snapdragon,indoor_forward_6_snapdragon,indoor_forward_9_snapdragon",source_validation_selection,WITHIN_UZH
UZH_FPV_LORO_06_indoor_45_13_snapdragon_B2_RIDGE_QF_final,Ridge+SourceStandardScaler,UZH_FPV,"indoor_45_14_snapdragon,indoor_45_2_snapdragon,indoor_45_4_snapdragon,indoor_forward_10_snapdragon,indoor_forward_6_snapdragon,indoor_forward_9_snapdragon,outdoor_forward_1_snapdragon",within_loro_final_refit,WITHIN_UZH
B3_RIDGE_QF_QW_lag10_alpha1e-06_valgrp_indoor_forward,Ridge+SourceStandardScaler,UZH_FPV,"indoor_45_14_snapdragon,indoor_45_2_snapdragon,indoor_45_4_snapdragon,outdoor_forward_1_snapdragon",source_validation_selection,WITHIN_UZH
B3_RIDGE_QF_QW_lag10_alpha1e-06_valgrp_indoor_45,Ridge+SourceStandardScaler,UZH_FPV,"indoor_forward_10_snapdragon,indoor_forward_6_snapdragon,indoor_forward_9_snapdragon,outdoor_forward_1_snapdragon",source_validation_selection,WITHIN_UZH
B3_RIDGE_QF_QW_lag10_alpha1e-06_valgrp_outdoor_forward,Ridge+SourceStandardScaler,UZH_FPV,"indoor_45_14_snapdragon,indoor_45_2_snapdragon,indoor_45_4_snapdragon,indoor_forward_10_snapdragon,indoor_forward_6_snapdragon,indoor_forward_9_snapdragon",source_validation_selection,WITHIN_UZH
B3_RIDGE_QF_QW_lag10_alpha0.0001_valgrp_indoor_forward,Ridge+SourceStandardScaler,UZH_FPV,"indoor_45_14_snapdragon,indoor_45_2_snapdragon,indoor_45_4_snapdragon,outdoor_forward_1_snapdragon",source_validation_selection,WITHIN_UZH
B3_RIDGE_QF_QW_lag10_alpha0.0001_valgrp_indoor_45,Ridge+SourceStandardScaler,UZH_FPV,"indoor_forward_10_snapdragon,indoor_forward_6_snapdragon,indoor_forward_9_snapdragon,outdoor_forward_1_snapdragon",source_validation_selection,WITHIN_UZH
B3_RIDGE_QF_QW_lag10_alpha0.0001_valgrp_outdoor_forward,Ridge+SourceStandardScaler,UZH_FPV,"indoor_45_14_snapdragon,indoor_45_2_snapdragon,indoor_45_4_snapdragon,indoor_forward_10_snapdragon,indoor_forward_6_snapdragon,indoor_forward_9_snapdragon",source_validation_selection,WITHIN_UZH
B3_RIDGE_QF_QW_lag10_alpha0.01_valgrp_indoor_forward,Ridge+SourceStandardScaler,UZH_FPV,"indoor_45_14_snapdragon,indoor_45_2_snapdragon,indoor_45_4_snapdragon,outdoor_forward_1_snapdragon",source_validation_selection,WITHIN_UZH
B3_RIDGE_QF_QW_lag10_alpha0.01_valgrp_indoor_45,Ridge+SourceStandardScaler,UZH_FPV,"indoor_forward_10_snapdragon,indoor_forward_6_snapdragon,indoor_forward_9_snapdragon,outdoor_forward_1_snapdragon",source_validation_selection,WITHIN_UZH
B3_RIDGE_QF_QW_lag10_alpha0.01_valgrp_outdoor_forward,Ridge+SourceStandardScaler,UZH_FPV,"indoor_45_14_snapdragon,indoor_45_2_snapdragon,indoor_45_4_snapdragon,indoor_forward_10_snapdragon,indoor_forward_6_snapdragon,indoor_forward_9_snapdragon",source_validation_selection,WITHIN_UZH
B3_RIDGE_QF_QW_lag10_alpha1.0_valgrp_indoor_forward,Ridge+SourceStandardScaler,UZH_FPV,"indoor_45_14_snapdragon,indoor_45_2_snapdragon,indoor_45_4_snapdragon,outdoor_forward_1_snapdragon",source_validation_selection,WITHIN_UZH
B3_RIDGE_QF_QW_lag10_alpha1.0_valgrp_indoor_45,Ridge+SourceStandardScaler,UZH_FPV,"indoor_forward_10_snapdragon,indoor_forward_6_snapdragon,indoor_forward_9_snapdragon,outdoor_forward_1_snapdragon",source_validation_selection,WITHIN_UZH
B3_RIDGE_QF_QW_lag10_alpha1.0_valgrp_outdoor_forward,Ridge+SourceStandardScaler,UZH_FPV,"indoor_45_14_snapdragon,indoor_45_2_snapdragon,indoor_45_4_snapdragon,indoor_forward_10_snapdragon,indoor_forward_6_snapdragon,indoor_forward_9_snapdragon",source_validation_selection,WITHIN_UZH
B3_RIDGE_QF_QW_lag10_alpha100.0_valgrp_indoor_forward,Ridge+SourceStandardScaler,UZH_FPV,"indoor_45_14_snapdragon,indoor_45_2_snapdragon,indoor_45_4_snapdragon,outdoor_forward_1_snapdragon",source_validation_selection,WITHIN_UZH
B3_RIDGE_QF_QW_lag10_alpha100.0_valgrp_indoor_45,Ridge+SourceStandardScaler,UZH_FPV,"indoor_forward_10_snapdragon,indoor_forward_6_snapdragon,indoor_forward_9_snapdragon,outdoor_forward_1_snapdragon",source_validation_selection,WITHIN_UZH
B3_RIDGE_QF_QW_lag10_alpha100.0_valgrp_outdoor_forward,Ridge+SourceStandardScaler,UZH_FPV,"indoor_45_14_snapdragon,indoor_45_2_snapdragon,indoor_45_4_snapdragon,indoor_forward_10_snapdragon,indoor_forward_6_snapdragon,indoor_forward_9_snapdragon",source_validation_selection,WITHIN_UZH
B3_RIDGE_QF_QW_lag25_alpha1e-06_valgrp_indoor_forward,Ridge+SourceStandardScaler,UZH_FPV,"indoor_45_14_snapdragon,indoor_45_2_snapdragon,indoor_45_4_snapdragon,outdoor_forward_1_snapdragon",source_validation_selection,WITHIN_UZH
B3_RIDGE_QF_QW_lag25_alpha1e-06_valgrp_indoor_45,Ridge+SourceStandardScaler,UZH_FPV,"indoor_forward_10_snapdragon,indoor_forward_6_snapdragon,indoor_forward_9_snapdragon,outdoor_forward_1_snapdragon",source_validation_selection,WITHIN_UZH
B3_RIDGE_QF_QW_lag25_alpha1e-06_valgrp_outdoor_forward,Ridge+SourceStandardScaler,UZH_FPV,"indoor_45_14_snapdragon,indoor_45_2_snapdragon,indoor_45_4_snapdragon,indoor_forward_10_snapdragon,indoor_forward_6_snapdragon,indoor_forward_9_snapdragon",source_validation_selection,WITHIN_UZH
B3_RIDGE_QF_QW_lag25_alpha0.0001_valgrp_indoor_forward,Ridge+SourceStandardScaler,UZH_FPV,"indoor_45_14_snapdragon,indoor_45_2_snapdragon,indoor_45_4_snapdragon,outdoor_forward_1_snapdragon",source_validation_selection,WITHIN_UZH
B3_RIDGE_QF_QW_lag25_alpha0.0001_valgrp_indoor_45,Ridge+SourceStandardScaler,UZH_FPV,"indoor_forward_10_snapdragon,indoor_forward_6_snapdragon,indoor_forward_9_snapdragon,outdoor_forward_1_snapdragon",source_validation_selection,WITHIN_UZH
B3_RIDGE_QF_QW_lag25_alpha0.0001_valgrp_outdoor_forward,Ridge+SourceStandardScaler,UZH_FPV,"indoor_45_14_snapdragon,indoor_45_2_snapdragon,indoor_45_4_snapdragon,indoor_forward_10_snapdragon,indoor_forward_6_snapdragon,indoor_forward_9_snapdragon",source_validation_selection,WITHIN_UZH
B3_RIDGE_QF_QW_lag25_alpha0.01_valgrp_indoor_forward,Ridge+SourceStandardScaler,UZH_FPV,"indoor_45_14_snapdragon,indoor_45_2_snapdragon,indoor_45_4_snapdragon,outdoor_forward_1_snapdragon",source_validation_selection,WITHIN_UZH
B3_RIDGE_QF_QW_lag25_alpha0.01_valgrp_indoor_45,Ridge+SourceStandardScaler,UZH_FPV,"indoor_forward_10_snapdragon,indoor_forward_6_snapdragon,indoor_forward_9_snapdragon,outdoor_forward_1_snapdragon",source_validation_selection,WITHIN_UZH
B3_RIDGE_QF_QW_lag25_alpha0.01_valgrp_outdoor_forward,Ridge+SourceStandardScaler,UZH_FPV,"indoor_45_14_snapdragon,indoor_45_2_snapdragon,indoor_45_4_snapdragon,indoor_forward_10_snapdragon,indoor_forward_6_snapdragon,indoor_forward_9_snapdragon",source_validation_selection,WITHIN_UZH
B3_RIDGE_QF_QW_lag25_alpha1.0_valgrp_indoor_forward,Ridge+SourceStandardScaler,UZH_FPV,"indoor_45_14_snapdragon,indoor_45_2_snapdragon,indoor_45_4_snapdragon,outdoor_forward_1_snapdragon",source_validation_selection,WITHIN_UZH
B3_RIDGE_QF_QW_lag25_alpha1.0_valgrp_indoor_45,Ridge+SourceStandardScaler,UZH_FPV,"indoor_forward_10_snapdragon,indoor_forward_6_snapdragon,indoor_forward_9_snapdragon,outdoor_forward_1_snapdragon",source_validation_selection,WITHIN_UZH
B3_RIDGE_QF_QW_lag25_alpha1.0_valgrp_outdoor_forward,Ridge+SourceStandardScaler,UZH_FPV,"indoor_45_14_snapdragon,indoor_45_2_snapdragon,indoor_45_4_snapdragon,indoor_forward_10_snapdragon,indoor_forward_6_snapdragon,indoor_forward_9_snapdragon",source_validation_selection,WITHIN_UZH
B3_RIDGE_QF_QW_lag25_alpha100.0_valgrp_indoor_forward,Ridge+SourceStandardScaler,UZH_FPV,"indoor_45_14_snapdragon,indoor_45_2_snapdragon,indoor_45_4_snapdragon,outdoor_forward_1_snapdragon",source_validation_selection,WITHIN_UZH
B3_RIDGE_QF_QW_lag25_alpha100.0_valgrp_indoor_45,Ridge+SourceStandardScaler,UZH_FPV,"indoor_forward_10_snapdragon,indoor_forward_6_snapdragon,indoor_forward_9_snapdragon,outdoor_forward_1_snapdragon",source_validation_selection,WITHIN_UZH
B3_RIDGE_QF_QW_lag25_alpha100.0_valgrp_outdoor_forward,Ridge+SourceStandardScaler,UZH_FPV,"indoor_45_14_snapdragon,indoor_45_2_snapdragon,indoor_45_4_snapdragon,indoor_forward_10_snapdragon,indoor_forward_6_snapdragon,indoor_forward_9_snapdragon",source_validation_selection,WITHIN_UZH
B3_RIDGE_QF_QW_lag50_alpha1e-06_valgrp_indoor_forward,Ridge+SourceStandardScaler,UZH_FPV,"indoor_45_14_snapdragon,indoor_45_2_snapdragon,indoor_45_4_snapdragon,outdoor_forward_1_snapdragon",source_validation_selection,WITHIN_UZH
B3_RIDGE_QF_QW_lag50_alpha1e-06_valgrp_indoor_45,Ridge+SourceStandardScaler,UZH_FPV,"indoor_forward_10_snapdragon,indoor_forward_6_snapdragon,indoor_forward_9_snapdragon,outdoor_forward_1_snapdragon",source_validation_selection,WITHIN_UZH
B3_RIDGE_QF_QW_lag50_alpha1e-06_valgrp_outdoor_forward,Ridge+SourceStandardScaler,UZH_FPV,"indoor_45_14_snapdragon,indoor_45_2_snapdragon,indoor_45_4_snapdragon,indoor_forward_10_snapdragon,indoor_forward_6_snapdragon,indoor_forward_9_snapdragon",source_validation_selection,WITHIN_UZH
B3_RIDGE_QF_QW_lag50_alpha0.0001_valgrp_indoor_forward,Ridge+SourceStandardScaler,UZH_FPV,"indoor_45_14_snapdragon,indoor_45_2_snapdragon,indoor_45_4_snapdragon,outdoor_forward_1_snapdragon",source_validation_selection,WITHIN_UZH
B3_RIDGE_QF_QW_lag50_alpha0.0001_valgrp_indoor_45,Ridge+SourceStandardScaler,UZH_FPV,"indoor_forward_10_snapdragon,indoor_forward_6_snapdragon,indoor_forward_9_snapdragon,outdoor_forward_1_snapdragon",source_validation_selection,WITHIN_UZH
B3_RIDGE_QF_QW_lag50_alpha0.0001_valgrp_outdoor_forward,Ridge+SourceStandardScaler,UZH_FPV,"indoor_45_14_snapdragon,indoor_45_2_snapdragon,indoor_45_4_snapdragon,indoor_forward_10_snapdragon,indoor_forward_6_snapdragon,indoor_forward_9_snapdragon",source_validation_selection,WITHIN_UZH
B3_RIDGE_QF_QW_lag50_alpha0.01_valgrp_indoor_forward,Ridge+SourceStandardScaler,UZH_FPV,"indoor_45_14_snapdragon,indoor_45_2_snapdragon,indoor_45_4_snapdragon,outdoor_forward_1_snapdragon",source_validation_selection,WITHIN_UZH
B3_RIDGE_QF_QW_lag50_alpha0.01_valgrp_indoor_45,Ridge+SourceStandardScaler,UZH_FPV,"indoor_forward_10_snapdragon,indoor_forward_6_snapdragon,indoor_forward_9_snapdragon,outdoor_forward_1_snapdragon",source_validation_selection,WITHIN_UZH
B3_RIDGE_QF_QW_lag50_alpha0.01_valgrp_outdoor_forward,Ridge+SourceStandardScaler,UZH_FPV,"indoor_45_14_snapdragon,indoor_45_2_snapdragon,indoor_45_4_snapdragon,indoor_forward_10_snapdragon,indoor_forward_6_snapdragon,indoor_forward_9_snapdragon",source_validation_selection,WITHIN_UZH
B3_RIDGE_QF_QW_lag50_alpha1.0_valgrp_indoor_forward,Ridge+SourceStandardScaler,UZH_FPV,"indoor_45_14_snapdragon,indoor_45_2_snapdragon,indoor_45_4_snapdragon,outdoor_forward_1_snapdragon",source_validation_selection,WITHIN_UZH
B3_RIDGE_QF_QW_lag50_alpha1.0_valgrp_indoor_45,Ridge+SourceStandardScaler,UZH_FPV,"indoor_forward_10_snapdragon,indoor_forward_6_snapdragon,indoor_forward_9_snapdragon,outdoor_forward_1_snapdragon",source_validation_selection,WITHIN_UZH
B3_RIDGE_QF_QW_lag50_alpha1.0_valgrp_outdoor_forward,Ridge+SourceStandardScaler,UZH_FPV,"indoor_45_14_snapdragon,indoor_45_2_snapdragon,indoor_45_4_snapdragon,indoor_forward_10_snapdragon,indoor_forward_6_snapdragon,indoor_forward_9_snapdragon",source_validation_selection,WITHIN_UZH
B3_RIDGE_QF_QW_lag50_alpha100.0_valgrp_indoor_forward,Ridge+SourceStandardScaler,UZH_FPV,"indoor_45_14_snapdragon,indoor_45_2_snapdragon,indoor_45_4_snapdragon,outdoor_forward_1_snapdragon",source_validation_selection,WITHIN_UZH
B3_RIDGE_QF_QW_lag50_alpha100.0_valgrp_indoor_45,Ridge+SourceStandardScaler,UZH_FPV,"indoor_forward_10_snapdragon,indoor_forward_6_snapdragon,indoor_forward_9_snapdragon,outdoor_forward_1_snapdragon",source_validation_selection,WITHIN_UZH
B3_RIDGE_QF_QW_lag50_alpha100.0_valgrp_outdoor_forward,Ridge+SourceStandardScaler,UZH_FPV,"indoor_45_14_snapdragon,indoor_45_2_snapdragon,indoor_45_4_snapdragon,indoor_forward_10_snapdragon,indoor_forward_6_snapdragon,indoor_forward_9_snapdragon",source_validation_selection,WITHIN_UZH
B3_RIDGE_QF_QW_lag100_alpha1e-06_valgrp_indoor_forward,Ridge+SourceStandardScaler,UZH_FPV,"indoor_45_14_snapdragon,indoor_45_2_snapdragon,indoor_45_4_snapdragon,outdoor_forward_1_snapdragon",source_validation_selection,WITHIN_UZH
B3_RIDGE_QF_QW_lag100_alpha1e-06_valgrp_indoor_45,Ridge+SourceStandardScaler,UZH_FPV,"indoor_forward_10_snapdragon,indoor_forward_6_snapdragon,indoor_forward_9_snapdragon,outdoor_forward_1_snapdragon",source_validation_selection,WITHIN_UZH
B3_RIDGE_QF_QW_lag100_alpha1e-06_valgrp_outdoor_forward,Ridge+SourceStandardScaler,UZH_FPV,"indoor_45_14_snapdragon,indoor_45_2_snapdragon,indoor_45_4_snapdragon,indoor_forward_10_snapdragon,indoor_forward_6_snapdragon,indoor_forward_9_snapdragon",source_validation_selection,WITHIN_UZH
B3_RIDGE_QF_QW_lag100_alpha0.0001_valgrp_indoor_forward,Ridge+SourceStandardScaler,UZH_FPV,"indoor_45_14_snapdragon,indoor_45_2_snapdragon,indoor_45_4_snapdragon,outdoor_forward_1_snapdragon",source_validation_selection,WITHIN_UZH
B3_RIDGE_QF_QW_lag100_alpha0.0001_valgrp_indoor_45,Ridge+SourceStandardScaler,UZH_FPV,"indoor_forward_10_snapdragon,indoor_forward_6_snapdragon,indoor_forward_9_snapdragon,outdoor_forward_1_snapdragon",source_validation_selection,WITHIN_UZH
B3_RIDGE_QF_QW_lag100_alpha0.0001_valgrp_outdoor_forward,Ridge+SourceStandardScaler,UZH_FPV,"indoor_45_14_snapdragon,indoor_45_2_snapdragon,indoor_45_4_snapdragon,indoor_forward_10_snapdragon,indoor_forward_6_snapdragon,indoor_forward_9_snapdragon",source_validation_selection,WITHIN_UZH
B3_RIDGE_QF_QW_lag100_alpha0.01_valgrp_indoor_forward,Ridge+SourceStandardScaler,UZH_FPV,"indoor_45_14_snapdragon,indoor_45_2_snapdragon,indoor_45_4_snapdragon,outdoor_forward_1_snapdragon",source_validation_selection,WITHIN_UZH
B3_RIDGE_QF_QW_lag100_alpha0.01_valgrp_indoor_45,Ridge+SourceStandardScaler,UZH_FPV,"indoor_forward_10_snapdragon,indoor_forward_6_snapdragon,indoor_forward_9_snapdragon,outdoor_forward_1_snapdragon",source_validation_selection,WITHIN_UZH
B3_RIDGE_QF_QW_lag100_alpha0.01_valgrp_outdoor_forward,Ridge+SourceStandardScaler,UZH_FPV,"indoor_45_14_snapdragon,indoor_45_2_snapdragon,indoor_45_4_snapdragon,indoor_forward_10_snapdragon,indoor_forward_6_snapdragon,indoor_forward_9_snapdragon",source_validation_selection,WITHIN_UZH
B3_RIDGE_QF_QW_lag100_alpha1.0_valgrp_indoor_forward,Ridge+SourceStandardScaler,UZH_FPV,"indoor_45_14_snapdragon,indoor_45_2_snapdragon,indoor_45_4_snapdragon,outdoor_forward_1_snapdragon",source_validation_selection,WITHIN_UZH
B3_RIDGE_QF_QW_lag100_alpha1.0_valgrp_indoor_45,Ridge+SourceStandardScaler,UZH_FPV,"indoor_forward_10_snapdragon,indoor_forward_6_snapdragon,indoor_forward_9_snapdragon,outdoor_forward_1_snapdragon",source_validation_selection,WITHIN_UZH
B3_RIDGE_QF_QW_lag100_alpha1.0_valgrp_outdoor_forward,Ridge+SourceStandardScaler,UZH_FPV,"indoor_45_14_snapdragon,indoor_45_2_snapdragon,indoor_45_4_snapdragon,indoor_forward_10_snapdragon,indoor_forward_6_snapdragon,indoor_forward_9_snapdragon",source_validation_selection,WITHIN_UZH
B3_RIDGE_QF_QW_lag100_alpha100.0_valgrp_indoor_forward,Ridge+SourceStandardScaler,UZH_FPV,"indoor_45_14_snapdragon,indoor_45_2_snapdragon,indoor_45_4_snapdragon,outdoor_forward_1_snapdragon",source_validation_selection,WITHIN_UZH
B3_RIDGE_QF_QW_lag100_alpha100.0_valgrp_indoor_45,Ridge+SourceStandardScaler,UZH_FPV,"indoor_forward_10_snapdragon,indoor_forward_6_snapdragon,indoor_forward_9_snapdragon,outdoor_forward_1_snapdragon",source_validation_selection,WITHIN_UZH
B3_RIDGE_QF_QW_lag100_alpha100.0_valgrp_outdoor_forward,Ridge+SourceStandardScaler,UZH_FPV,"indoor_45_14_snapdragon,indoor_45_2_snapdragon,indoor_45_4_snapdragon,indoor_forward_10_snapdragon,indoor_forward_6_snapdragon,indoor_forward_9_snapdragon",source_validation_selection,WITHIN_UZH
UZH_FPV_LORO_06_indoor_45_13_snapdragon_B3_RIDGE_QF_QW_final,Ridge+SourceStandardScaler,UZH_FPV,"indoor_45_14_snapdragon,indoor_45_2_snapdragon,indoor_45_4_snapdragon,indoor_forward_10_snapdragon,indoor_forward_6_snapdragon,indoor_forward_9_snapdragon,outdoor_forward_1_snapdragon",within_loro_final_refit,WITHIN_UZH
B2_RIDGE_QF_lag10_alpha1e-06_valgrp_indoor_forward,Ridge+SourceStandardScaler,UZH_FPV,"indoor_45_13_snapdragon,indoor_45_2_snapdragon,indoor_45_4_snapdragon,outdoor_forward_1_snapdragon",source_validation_selection,WITHIN_UZH
B2_RIDGE_QF_lag10_alpha1e-06_valgrp_indoor_45,Ridge+SourceStandardScaler,UZH_FPV,"indoor_forward_10_snapdragon,indoor_forward_6_snapdragon,indoor_forward_9_snapdragon,outdoor_forward_1_snapdragon",source_validation_selection,WITHIN_UZH
B2_RIDGE_QF_lag10_alpha1e-06_valgrp_outdoor_forward,Ridge+SourceStandardScaler,UZH_FPV,"indoor_45_13_snapdragon,indoor_45_2_snapdragon,indoor_45_4_snapdragon,indoor_forward_10_snapdragon,indoor_forward_6_snapdragon,indoor_forward_9_snapdragon",source_validation_selection,WITHIN_UZH
B2_RIDGE_QF_lag10_alpha0.0001_valgrp_indoor_forward,Ridge+SourceStandardScaler,UZH_FPV,"indoor_45_13_snapdragon,indoor_45_2_snapdragon,indoor_45_4_snapdragon,outdoor_forward_1_snapdragon",source_validation_selection,WITHIN_UZH
B2_RIDGE_QF_lag10_alpha0.0001_valgrp_indoor_45,Ridge+SourceStandardScaler,UZH_FPV,"indoor_forward_10_snapdragon,indoor_forward_6_snapdragon,indoor_forward_9_snapdragon,outdoor_forward_1_snapdragon",source_validation_selection,WITHIN_UZH
B2_RIDGE_QF_lag10_alpha0.0001_valgrp_outdoor_forward,Ridge+SourceStandardScaler,UZH_FPV,"indoor_45_13_snapdragon,indoor_45_2_snapdragon,indoor_45_4_snapdragon,indoor_forward_10_snapdragon,indoor_forward_6_snapdragon,indoor_forward_9_snapdragon",source_validation_selection,WITHIN_UZH
B2_RIDGE_QF_lag10_alpha0.01_valgrp_indoor_forward,Ridge+SourceStandardScaler,UZH_FPV,"indoor_45_13_snapdragon,indoor_45_2_snapdragon,indoor_45_4_snapdragon,outdoor_forward_1_snapdragon",source_validation_selection,WITHIN_UZH
B2_RIDGE_QF_lag10_alpha0.01_valgrp_indoor_45,Ridge+SourceStandardScaler,UZH_FPV,"indoor_forward_10_snapdragon,indoor_forward_6_snapdragon,indoor_forward_9_snapdragon,outdoor_forward_1_snapdragon",source_validation_selection,WITHIN_UZH
B2_RIDGE_QF_lag10_alpha0.01_valgrp_outdoor_forward,Ridge+SourceStandardScaler,UZH_FPV,"indoor_45_13_snapdragon,indoor_45_2_snapdragon,indoor_45_4_snapdragon,indoor_forward_10_snapdragon,indoor_forward_6_snapdragon,indoor_forward_9_snapdragon",source_validation_selection,WITHIN_UZH
B2_RIDGE_QF_lag10_alpha1.0_valgrp_indoor_forward,Ridge+SourceStandardScaler,UZH_FPV,"indoor_45_13_snapdragon,indoor_45_2_snapdragon,indoor_45_4_snapdragon,outdoor_forward_1_snapdragon",source_validation_selection,WITHIN_UZH
B2_RIDGE_QF_lag10_alpha1.0_valgrp_indoor_45,Ridge+SourceStandardScaler,UZH_FPV,"indoor_forward_10_snapdragon,indoor_forward_6_snapdragon,indoor_forward_9_snapdragon,outdoor_forward_1_snapdragon",source_validation_selection,WITHIN_UZH
B2_RIDGE_QF_lag10_alpha1.0_valgrp_outdoor_forward,Ridge+SourceStandardScaler,UZH_FPV,"indoor_45_13_snapdragon,indoor_45_2_snapdragon,indoor_45_4_snapdragon,indoor_forward_10_snapdragon,indoor_forward_6_snapdragon,indoor_forward_9_snapdragon",source_validation_selection,WITHIN_UZH
B2_RIDGE_QF_lag10_alpha100.0_valgrp_indoor_forward,Ridge+SourceStandardScaler,UZH_FPV,"indoor_45_13_snapdragon,indoor_45_2_snapdragon,indoor_45_4_snapdragon,outdoor_forward_1_snapdragon",source_validation_selection,WITHIN_UZH
B2_RIDGE_QF_lag10_alpha100.0_valgrp_indoor_45,Ridge+SourceStandardScaler,UZH_FPV,"indoor_forward_10_snapdragon,indoor_forward_6_snapdragon,indoor_forward_9_snapdragon,outdoor_forward_1_snapdragon",source_validation_selection,WITHIN_UZH
B2_RIDGE_QF_lag10_alpha100.0_valgrp_outdoor_forward,Ridge+SourceStandardScaler,UZH_FPV,"indoor_45_13_snapdragon,indoor_45_2_snapdragon,indoor_45_4_snapdragon,indoor_forward_10_snapdragon,indoor_forward_6_snapdragon,indoor_forward_9_snapdragon",source_validation_selection,WITHIN_UZH
B2_RIDGE_QF_lag25_alpha1e-06_valgrp_indoor_forward,Ridge+SourceStandardScaler,UZH_FPV,"indoor_45_13_snapdragon,indoor_45_2_snapdragon,indoor_45_4_snapdragon,outdoor_forward_1_snapdragon",source_validation_selection,WITHIN_UZH
B2_RIDGE_QF_lag25_alpha1e-06_valgrp_indoor_45,Ridge+SourceStandardScaler,UZH_FPV,"indoor_forward_10_snapdragon,indoor_forward_6_snapdragon,indoor_forward_9_snapdragon,outdoor_forward_1_snapdragon",source_validation_selection,WITHIN_UZH
B2_RIDGE_QF_lag25_alpha1e-06_valgrp_outdoor_forward,Ridge+SourceStandardScaler,UZH_FPV,"indoor_45_13_snapdragon,indoor_45_2_snapdragon,indoor_45_4_snapdragon,indoor_forward_10_snapdragon,indoor_forward_6_snapdragon,indoor_forward_9_snapdragon",source_validation_selection,WITHIN_UZH
B2_RIDGE_QF_lag25_alpha0.0001_valgrp_indoor_forward,Ridge+SourceStandardScaler,UZH_FPV,"indoor_45_13_snapdragon,indoor_45_2_snapdragon,indoor_45_4_snapdragon,outdoor_forward_1_snapdragon",source_validation_selection,WITHIN_UZH
B2_RIDGE_QF_lag25_alpha0.0001_valgrp_indoor_45,Ridge+SourceStandardScaler,UZH_FPV,"indoor_forward_10_snapdragon,indoor_forward_6_snapdragon,indoor_forward_9_snapdragon,outdoor_forward_1_snapdragon",source_validation_selection,WITHIN_UZH
B2_RIDGE_QF_lag25_alpha0.0001_valgrp_outdoor_forward,Ridge+SourceStandardScaler,UZH_FPV,"indoor_45_13_snapdragon,indoor_45_2_snapdragon,indoor_45_4_snapdragon,indoor_forward_10_snapdragon,indoor_forward_6_snapdragon,indoor_forward_9_snapdragon",source_validation_selection,WITHIN_UZH
B2_RIDGE_QF_lag25_alpha0.01_valgrp_indoor_forward,Ridge+SourceStandardScaler,UZH_FPV,"indoor_45_13_snapdragon,indoor_45_2_snapdragon,indoor_45_4_snapdragon,outdoor_forward_1_snapdragon",source_validation_selection,WITHIN_UZH
B2_RIDGE_QF_lag25_alpha0.01_valgrp_indoor_45,Ridge+SourceStandardScaler,UZH_FPV,"indoor_forward_10_snapdragon,indoor_forward_6_snapdragon,indoor_forward_9_snapdragon,outdoor_forward_1_snapdragon",source_validation_selection,WITHIN_UZH
B2_RIDGE_QF_lag25_alpha0.01_valgrp_outdoor_forward,Ridge+SourceStandardScaler,UZH_FPV,"indoor_45_13_snapdragon,indoor_45_2_snapdragon,indoor_45_4_snapdragon,indoor_forward_10_snapdragon,indoor_forward_6_snapdragon,indoor_forward_9_snapdragon",source_validation_selection,WITHIN_UZH
B2_RIDGE_QF_lag25_alpha1.0_valgrp_indoor_forward,Ridge+SourceStandardScaler,UZH_FPV,"indoor_45_13_snapdragon,indoor_45_2_snapdragon,indoor_45_4_snapdragon,outdoor_forward_1_snapdragon",source_validation_selection,WITHIN_UZH
B2_RIDGE_QF_lag25_alpha1.0_valgrp_indoor_45,Ridge+SourceStandardScaler,UZH_FPV,"indoor_forward_10_snapdragon,indoor_forward_6_snapdragon,indoor_forward_9_snapdragon,outdoor_forward_1_snapdragon",source_validation_selection,WITHIN_UZH
B2_RIDGE_QF_lag25_alpha1.0_valgrp_outdoor_forward,Ridge+SourceStandardScaler,UZH_FPV,"indoor_45_13_snapdragon,indoor_45_2_snapdragon,indoor_45_4_snapdragon,indoor_forward_10_snapdragon,indoor_forward_6_snapdragon,indoor_forward_9_snapdragon",source_validation_selection,WITHIN_UZH
B2_RIDGE_QF_lag25_alpha100.0_valgrp_indoor_forward,Ridge+SourceStandardScaler,UZH_FPV,"indoor_45_13_snapdragon,indoor_45_2_snapdragon,indoor_45_4_snapdragon,outdoor_forward_1_snapdragon",source_validation_selection,WITHIN_UZH
B2_RIDGE_QF_lag25_alpha100.0_valgrp_indoor_45,Ridge+SourceStandardScaler,UZH_FPV,"indoor_forward_10_snapdragon,indoor_forward_6_snapdragon,indoor_forward_9_snapdragon,outdoor_forward_1_snapdragon",source_validation_selection,WITHIN_UZH
B2_RIDGE_QF_lag25_alpha100.0_valgrp_outdoor_forward,Ridge+SourceStandardScaler,UZH_FPV,"indoor_45_13_snapdragon,indoor_45_2_snapdragon,indoor_45_4_snapdragon,indoor_forward_10_snapdragon,indoor_forward_6_snapdragon,indoor_forward_9_snapdragon",source_validation_selection,WITHIN_UZH
B2_RIDGE_QF_lag50_alpha1e-06_valgrp_indoor_forward,Ridge+SourceStandardScaler,UZH_FPV,"indoor_45_13_snapdragon,indoor_45_2_snapdragon,indoor_45_4_snapdragon,outdoor_forward_1_snapdragon",source_validation_selection,WITHIN_UZH
B2_RIDGE_QF_lag50_alpha1e-06_valgrp_indoor_45,Ridge+SourceStandardScaler,UZH_FPV,"indoor_forward_10_snapdragon,indoor_forward_6_snapdragon,indoor_forward_9_snapdragon,outdoor_forward_1_snapdragon",source_validation_selection,WITHIN_UZH
B2_RIDGE_QF_lag50_alpha1e-06_valgrp_outdoor_forward,Ridge+SourceStandardScaler,UZH_FPV,"indoor_45_13_snapdragon,indoor_45_2_snapdragon,indoor_45_4_snapdragon,indoor_forward_10_snapdragon,indoor_forward_6_snapdragon,indoor_forward_9_snapdragon",source_validation_selection,WITHIN_UZH
B2_RIDGE_QF_lag50_alpha0.0001_valgrp_indoor_forward,Ridge+SourceStandardScaler,UZH_FPV,"indoor_45_13_snapdragon,indoor_45_2_snapdragon,indoor_45_4_snapdragon,outdoor_forward_1_snapdragon",source_validation_selection,WITHIN_UZH
B2_RIDGE_QF_lag50_alpha0.0001_valgrp_indoor_45,Ridge+SourceStandardScaler,UZH_FPV,"indoor_forward_10_snapdragon,indoor_forward_6_snapdragon,indoor_forward_9_snapdragon,outdoor_forward_1_snapdragon",source_validation_selection,WITHIN_UZH
B2_RIDGE_QF_lag50_alpha0.0001_valgrp_outdoor_forward,Ridge+SourceStandardScaler,UZH_FPV,"indoor_45_13_snapdragon,indoor_45_2_snapdragon,indoor_45_4_snapdragon,indoor_forward_10_snapdragon,indoor_forward_6_snapdragon,indoor_forward_9_snapdragon",source_validation_selection,WITHIN_UZH
B2_RIDGE_QF_lag50_alpha0.01_valgrp_indoor_forward,Ridge+SourceStandardScaler,UZH_FPV,"indoor_45_13_snapdragon,indoor_45_2_snapdragon,indoor_45_4_snapdragon,outdoor_forward_1_snapdragon",source_validation_selection,WITHIN_UZH
B2_RIDGE_QF_lag50_alpha0.01_valgrp_indoor_45,Ridge+SourceStandardScaler,UZH_FPV,"indoor_forward_10_snapdragon,indoor_forward_6_snapdragon,indoor_forward_9_snapdragon,outdoor_forward_1_snapdragon",source_validation_selection,WITHIN_UZH
B2_RIDGE_QF_lag50_alpha0.01_valgrp_outdoor_forward,Ridge+SourceStandardScaler,UZH_FPV,"indoor_45_13_snapdragon,indoor_45_2_snapdragon,indoor_45_4_snapdragon,indoor_forward_10_snapdragon,indoor_forward_6_snapdragon,indoor_forward_9_snapdragon",source_validation_selection,WITHIN_UZH
B2_RIDGE_QF_lag50_alpha1.0_valgrp_indoor_forward,Ridge+SourceStandardScaler,UZH_FPV,"indoor_45_13_snapdragon,indoor_45_2_snapdragon,indoor_45_4_snapdragon,outdoor_forward_1_snapdragon",source_validation_selection,WITHIN_UZH
B2_RIDGE_QF_lag50_alpha1.0_valgrp_indoor_45,Ridge+SourceStandardScaler,UZH_FPV,"indoor_forward_10_snapdragon,indoor_forward_6_snapdragon,indoor_forward_9_snapdragon,outdoor_forward_1_snapdragon",source_validation_selection,WITHIN_UZH
B2_RIDGE_QF_lag50_alpha1.0_valgrp_outdoor_forward,Ridge+SourceStandardScaler,UZH_FPV,"indoor_45_13_snapdragon,indoor_45_2_snapdragon,indoor_45_4_snapdragon,indoor_forward_10_snapdragon,indoor_forward_6_snapdragon,indoor_forward_9_snapdragon",source_validation_selection,WITHIN_UZH
B2_RIDGE_QF_lag50_alpha100.0_valgrp_indoor_forward,Ridge+SourceStandardScaler,UZH_FPV,"indoor_45_13_snapdragon,indoor_45_2_snapdragon,indoor_45_4_snapdragon,outdoor_forward_1_snapdragon",source_validation_selection,WITHIN_UZH
B2_RIDGE_QF_lag50_alpha100.0_valgrp_indoor_45,Ridge+SourceStandardScaler,UZH_FPV,"indoor_forward_10_snapdragon,indoor_forward_6_snapdragon,indoor_forward_9_snapdragon,outdoor_forward_1_snapdragon",source_validation_selection,WITHIN_UZH
B2_RIDGE_QF_lag50_alpha100.0_valgrp_outdoor_forward,Ridge+SourceStandardScaler,UZH_FPV,"indoor_45_13_snapdragon,indoor_45_2_snapdragon,indoor_45_4_snapdragon,indoor_forward_10_snapdragon,indoor_forward_6_snapdragon,indoor_forward_9_snapdragon",source_validation_selection,WITHIN_UZH
B2_RIDGE_QF_lag100_alpha1e-06_valgrp_indoor_forward,Ridge+SourceStandardScaler,UZH_FPV,"indoor_45_13_snapdragon,indoor_45_2_snapdragon,indoor_45_4_snapdragon,outdoor_forward_1_snapdragon",source_validation_selection,WITHIN_UZH
B2_RIDGE_QF_lag100_alpha1e-06_valgrp_indoor_45,Ridge+SourceStandardScaler,UZH_FPV,"indoor_forward_10_snapdragon,indoor_forward_6_snapdragon,indoor_forward_9_snapdragon,outdoor_forward_1_snapdragon",source_validation_selection,WITHIN_UZH
B2_RIDGE_QF_lag100_alpha1e-06_valgrp_outdoor_forward,Ridge+SourceStandardScaler,UZH_FPV,"indoor_45_13_snapdragon,indoor_45_2_snapdragon,indoor_45_4_snapdragon,indoor_forward_10_snapdragon,indoor_forward_6_snapdragon,indoor_forward_9_snapdragon",source_validation_selection,WITHIN_UZH
B2_RIDGE_QF_lag100_alpha0.0001_valgrp_indoor_forward,Ridge+SourceStandardScaler,UZH_FPV,"indoor_45_13_snapdragon,indoor_45_2_snapdragon,indoor_45_4_snapdragon,outdoor_forward_1_snapdragon",source_validation_selection,WITHIN_UZH
B2_RIDGE_QF_lag100_alpha0.0001_valgrp_indoor_45,Ridge+SourceStandardScaler,UZH_FPV,"indoor_forward_10_snapdragon,indoor_forward_6_snapdragon,indoor_forward_9_snapdragon,outdoor_forward_1_snapdragon",source_validation_selection,WITHIN_UZH
B2_RIDGE_QF_lag100_alpha0.0001_valgrp_outdoor_forward,Ridge+SourceStandardScaler,UZH_FPV,"indoor_45_13_snapdragon,indoor_45_2_snapdragon,indoor_45_4_snapdragon,indoor_forward_10_snapdragon,indoor_forward_6_snapdragon,indoor_forward_9_snapdragon",source_validation_selection,WITHIN_UZH
B2_RIDGE_QF_lag100_alpha0.01_valgrp_indoor_forward,Ridge+SourceStandardScaler,UZH_FPV,"indoor_45_13_snapdragon,indoor_45_2_snapdragon,indoor_45_4_snapdragon,outdoor_forward_1_snapdragon",source_validation_selection,WITHIN_UZH
B2_RIDGE_QF_lag100_alpha0.01_valgrp_indoor_45,Ridge+SourceStandardScaler,UZH_FPV,"indoor_forward_10_snapdragon,indoor_forward_6_snapdragon,indoor_forward_9_snapdragon,outdoor_forward_1_snapdragon",source_validation_selection,WITHIN_UZH
B2_RIDGE_QF_lag100_alpha0.01_valgrp_outdoor_forward,Ridge+SourceStandardScaler,UZH_FPV,"indoor_45_13_snapdragon,indoor_45_2_snapdragon,indoor_45_4_snapdragon,indoor_forward_10_snapdragon,indoor_forward_6_snapdragon,indoor_forward_9_snapdragon",source_validation_selection,WITHIN_UZH
B2_RIDGE_QF_lag100_alpha1.0_valgrp_indoor_forward,Ridge+SourceStandardScaler,UZH_FPV,"indoor_45_13_snapdragon,indoor_45_2_snapdragon,indoor_45_4_snapdragon,outdoor_forward_1_snapdragon",source_validation_selection,WITHIN_UZH
B2_RIDGE_QF_lag100_alpha1.0_valgrp_indoor_45,Ridge+SourceStandardScaler,UZH_FPV,"indoor_forward_10_snapdragon,indoor_forward_6_snapdragon,indoor_forward_9_snapdragon,outdoor_forward_1_snapdragon",source_validation_selection,WITHIN_UZH
B2_RIDGE_QF_lag100_alpha1.0_valgrp_outdoor_forward,Ridge+SourceStandardScaler,UZH_FPV,"indoor_45_13_snapdragon,indoor_45_2_snapdragon,indoor_45_4_snapdragon,indoor_forward_10_snapdragon,indoor_forward_6_snapdragon,indoor_forward_9_snapdragon",source_validation_selection,WITHIN_UZH
B2_RIDGE_QF_lag100_alpha100.0_valgrp_indoor_forward,Ridge+SourceStandardScaler,UZH_FPV,"indoor_45_13_snapdragon,indoor_45_2_snapdragon,indoor_45_4_snapdragon,outdoor_forward_1_snapdragon",source_validation_selection,WITHIN_UZH
B2_RIDGE_QF_lag100_alpha100.0_valgrp_indoor_45,Ridge+SourceStandardScaler,UZH_FPV,"indoor_forward_10_snapdragon,indoor_forward_6_snapdragon,indoor_forward_9_snapdragon,outdoor_forward_1_snapdragon",source_validation_selection,WITHIN_UZH
B2_RIDGE_QF_lag100_alpha100.0_valgrp_outdoor_forward,Ridge+SourceStandardScaler,UZH_FPV,"indoor_45_13_snapdragon,indoor_45_2_snapdragon,indoor_45_4_snapdragon,indoor_forward_10_snapdragon,indoor_forward_6_snapdragon,indoor_forward_9_snapdragon",source_validation_selection,WITHIN_UZH
UZH_FPV_LORO_07_indoor_45_14_snapdragon_B2_RIDGE_QF_final,Ridge+SourceStandardScaler,UZH_FPV,"indoor_45_13_snapdragon,indoor_45_2_snapdragon,indoor_45_4_snapdragon,indoor_forward_10_snapdragon,indoor_forward_6_snapdragon,indoor_forward_9_snapdragon,outdoor_forward_1_snapdragon",within_loro_final_refit,WITHIN_UZH
B3_RIDGE_QF_QW_lag10_alpha1e-06_valgrp_indoor_forward,Ridge+SourceStandardScaler,UZH_FPV,"indoor_45_13_snapdragon,indoor_45_2_snapdragon,indoor_45_4_snapdragon,outdoor_forward_1_snapdragon",source_validation_selection,WITHIN_UZH
B3_RIDGE_QF_QW_lag10_alpha1e-06_valgrp_indoor_45,Ridge+SourceStandardScaler,UZH_FPV,"indoor_forward_10_snapdragon,indoor_forward_6_snapdragon,indoor_forward_9_snapdragon,outdoor_forward_1_snapdragon",source_validation_selection,WITHIN_UZH
B3_RIDGE_QF_QW_lag10_alpha1e-06_valgrp_outdoor_forward,Ridge+SourceStandardScaler,UZH_FPV,"indoor_45_13_snapdragon,indoor_45_2_snapdragon,indoor_45_4_snapdragon,indoor_forward_10_snapdragon,indoor_forward_6_snapdragon,indoor_forward_9_snapdragon",source_validation_selection,WITHIN_UZH
B3_RIDGE_QF_QW_lag10_alpha0.0001_valgrp_indoor_forward,Ridge+SourceStandardScaler,UZH_FPV,"indoor_45_13_snapdragon,indoor_45_2_snapdragon,indoor_45_4_snapdragon,outdoor_forward_1_snapdragon",source_validation_selection,WITHIN_UZH
B3_RIDGE_QF_QW_lag10_alpha0.0001_valgrp_indoor_45,Ridge+SourceStandardScaler,UZH_FPV,"indoor_forward_10_snapdragon,indoor_forward_6_snapdragon,indoor_forward_9_snapdragon,outdoor_forward_1_snapdragon",source_validation_selection,WITHIN_UZH
B3_RIDGE_QF_QW_lag10_alpha0.0001_valgrp_outdoor_forward,Ridge+SourceStandardScaler,UZH_FPV,"indoor_45_13_snapdragon,indoor_45_2_snapdragon,indoor_45_4_snapdragon,indoor_forward_10_snapdragon,indoor_forward_6_snapdragon,indoor_forward_9_snapdragon",source_validation_selection,WITHIN_UZH
B3_RIDGE_QF_QW_lag10_alpha0.01_valgrp_indoor_forward,Ridge+SourceStandardScaler,UZH_FPV,"indoor_45_13_snapdragon,indoor_45_2_snapdragon,indoor_45_4_snapdragon,outdoor_forward_1_snapdragon",source_validation_selection,WITHIN_UZH
B3_RIDGE_QF_QW_lag10_alpha0.01_valgrp_indoor_45,Ridge+SourceStandardScaler,UZH_FPV,"indoor_forward_10_snapdragon,indoor_forward_6_snapdragon,indoor_forward_9_snapdragon,outdoor_forward_1_snapdragon",source_validation_selection,WITHIN_UZH
B3_RIDGE_QF_QW_lag10_alpha0.01_valgrp_outdoor_forward,Ridge+SourceStandardScaler,UZH_FPV,"indoor_45_13_snapdragon,indoor_45_2_snapdragon,indoor_45_4_snapdragon,indoor_forward_10_snapdragon,indoor_forward_6_snapdragon,indoor_forward_9_snapdragon",source_validation_selection,WITHIN_UZH
B3_RIDGE_QF_QW_lag10_alpha1.0_valgrp_indoor_forward,Ridge+SourceStandardScaler,UZH_FPV,"indoor_45_13_snapdragon,indoor_45_2_snapdragon,indoor_45_4_snapdragon,outdoor_forward_1_snapdragon",source_validation_selection,WITHIN_UZH
B3_RIDGE_QF_QW_lag10_alpha1.0_valgrp_indoor_45,Ridge+SourceStandardScaler,UZH_FPV,"indoor_forward_10_snapdragon,indoor_forward_6_snapdragon,indoor_forward_9_snapdragon,outdoor_forward_1_snapdragon",source_validation_selection,WITHIN_UZH
B3_RIDGE_QF_QW_lag10_alpha1.0_valgrp_outdoor_forward,Ridge+SourceStandardScaler,UZH_FPV,"indoor_45_13_snapdragon,indoor_45_2_snapdragon,indoor_45_4_snapdragon,indoor_forward_10_snapdragon,indoor_forward_6_snapdragon,indoor_forward_9_snapdragon",source_validation_selection,WITHIN_UZH
B3_RIDGE_QF_QW_lag10_alpha100.0_valgrp_indoor_forward,Ridge+SourceStandardScaler,UZH_FPV,"indoor_45_13_snapdragon,indoor_45_2_snapdragon,indoor_45_4_snapdragon,outdoor_forward_1_snapdragon",source_validation_selection,WITHIN_UZH
B3_RIDGE_QF_QW_lag10_alpha100.0_valgrp_indoor_45,Ridge+SourceStandardScaler,UZH_FPV,"indoor_forward_10_snapdragon,indoor_forward_6_snapdragon,indoor_forward_9_snapdragon,outdoor_forward_1_snapdragon",source_validation_selection,WITHIN_UZH
B3_RIDGE_QF_QW_lag10_alpha100.0_valgrp_outdoor_forward,Ridge+SourceStandardScaler,UZH_FPV,"indoor_45_13_snapdragon,indoor_45_2_snapdragon,indoor_45_4_snapdragon,indoor_forward_10_snapdragon,indoor_forward_6_snapdragon,indoor_forward_9_snapdragon",source_validation_selection,WITHIN_UZH
B3_RIDGE_QF_QW_lag25_alpha1e-06_valgrp_indoor_forward,Ridge+SourceStandardScaler,UZH_FPV,"indoor_45_13_snapdragon,indoor_45_2_snapdragon,indoor_45_4_snapdragon,outdoor_forward_1_snapdragon",source_validation_selection,WITHIN_UZH
B3_RIDGE_QF_QW_lag25_alpha1e-06_valgrp_indoor_45,Ridge+SourceStandardScaler,UZH_FPV,"indoor_forward_10_snapdragon,indoor_forward_6_snapdragon,indoor_forward_9_snapdragon,outdoor_forward_1_snapdragon",source_validation_selection,WITHIN_UZH
B3_RIDGE_QF_QW_lag25_alpha1e-06_valgrp_outdoor_forward,Ridge+SourceStandardScaler,UZH_FPV,"indoor_45_13_snapdragon,indoor_45_2_snapdragon,indoor_45_4_snapdragon,indoor_forward_10_snapdragon,indoor_forward_6_snapdragon,indoor_forward_9_snapdragon",source_validation_selection,WITHIN_UZH
B3_RIDGE_QF_QW_lag25_alpha0.0001_valgrp_indoor_forward,Ridge+SourceStandardScaler,UZH_FPV,"indoor_45_13_snapdragon,indoor_45_2_snapdragon,indoor_45_4_snapdragon,outdoor_forward_1_snapdragon",source_validation_selection,WITHIN_UZH
B3_RIDGE_QF_QW_lag25_alpha0.0001_valgrp_indoor_45,Ridge+SourceStandardScaler,UZH_FPV,"indoor_forward_10_snapdragon,indoor_forward_6_snapdragon,indoor_forward_9_snapdragon,outdoor_forward_1_snapdragon",source_validation_selection,WITHIN_UZH
B3_RIDGE_QF_QW_lag25_alpha0.0001_valgrp_outdoor_forward,Ridge+SourceStandardScaler,UZH_FPV,"indoor_45_13_snapdragon,indoor_45_2_snapdragon,indoor_45_4_snapdragon,indoor_forward_10_snapdragon,indoor_forward_6_snapdragon,indoor_forward_9_snapdragon",source_validation_selection,WITHIN_UZH
B3_RIDGE_QF_QW_lag25_alpha0.01_valgrp_indoor_forward,Ridge+SourceStandardScaler,UZH_FPV,"indoor_45_13_snapdragon,indoor_45_2_snapdragon,indoor_45_4_snapdragon,outdoor_forward_1_snapdragon",source_validation_selection,WITHIN_UZH
B3_RIDGE_QF_QW_lag25_alpha0.01_valgrp_indoor_45,Ridge+SourceStandardScaler,UZH_FPV,"indoor_forward_10_snapdragon,indoor_forward_6_snapdragon,indoor_forward_9_snapdragon,outdoor_forward_1_snapdragon",source_validation_selection,WITHIN_UZH
B3_RIDGE_QF_QW_lag25_alpha0.01_valgrp_outdoor_forward,Ridge+SourceStandardScaler,UZH_FPV,"indoor_45_13_snapdragon,indoor_45_2_snapdragon,indoor_45_4_snapdragon,indoor_forward_10_snapdragon,indoor_forward_6_snapdragon,indoor_forward_9_snapdragon",source_validation_selection,WITHIN_UZH
B3_RIDGE_QF_QW_lag25_alpha1.0_valgrp_indoor_forward,Ridge+SourceStandardScaler,UZH_FPV,"indoor_45_13_snapdragon,indoor_45_2_snapdragon,indoor_45_4_snapdragon,outdoor_forward_1_snapdragon",source_validation_selection,WITHIN_UZH
B3_RIDGE_QF_QW_lag25_alpha1.0_valgrp_indoor_45,Ridge+SourceStandardScaler,UZH_FPV,"indoor_forward_10_snapdragon,indoor_forward_6_snapdragon,indoor_forward_9_snapdragon,outdoor_forward_1_snapdragon",source_validation_selection,WITHIN_UZH
B3_RIDGE_QF_QW_lag25_alpha1.0_valgrp_outdoor_forward,Ridge+SourceStandardScaler,UZH_FPV,"indoor_45_13_snapdragon,indoor_45_2_snapdragon,indoor_45_4_snapdragon,indoor_forward_10_snapdragon,indoor_forward_6_snapdragon,indoor_forward_9_snapdragon",source_validation_selection,WITHIN_UZH
B3_RIDGE_QF_QW_lag25_alpha100.0_valgrp_indoor_forward,Ridge+SourceStandardScaler,UZH_FPV,"indoor_45_13_snapdragon,indoor_45_2_snapdragon,indoor_45_4_snapdragon,outdoor_forward_1_snapdragon",source_validation_selection,WITHIN_UZH
B3_RIDGE_QF_QW_lag25_alpha100.0_valgrp_indoor_45,Ridge+SourceStandardScaler,UZH_FPV,"indoor_forward_10_snapdragon,indoor_forward_6_snapdragon,indoor_forward_9_snapdragon,outdoor_forward_1_snapdragon",source_validation_selection,WITHIN_UZH
B3_RIDGE_QF_QW_lag25_alpha100.0_valgrp_outdoor_forward,Ridge+SourceStandardScaler,UZH_FPV,"indoor_45_13_snapdragon,indoor_45_2_snapdragon,indoor_45_4_snapdragon,indoor_forward_10_snapdragon,indoor_forward_6_snapdragon,indoor_forward_9_snapdragon",source_validation_selection,WITHIN_UZH
B3_RIDGE_QF_QW_lag50_alpha1e-06_valgrp_indoor_forward,Ridge+SourceStandardScaler,UZH_FPV,"indoor_45_13_snapdragon,indoor_45_2_snapdragon,indoor_45_4_snapdragon,outdoor_forward_1_snapdragon",source_validation_selection,WITHIN_UZH
B3_RIDGE_QF_QW_lag50_alpha1e-06_valgrp_indoor_45,Ridge+SourceStandardScaler,UZH_FPV,"indoor_forward_10_snapdragon,indoor_forward_6_snapdragon,indoor_forward_9_snapdragon,outdoor_forward_1_snapdragon",source_validation_selection,WITHIN_UZH
B3_RIDGE_QF_QW_lag50_alpha1e-06_valgrp_outdoor_forward,Ridge+SourceStandardScaler,UZH_FPV,"indoor_45_13_snapdragon,indoor_45_2_snapdragon,indoor_45_4_snapdragon,indoor_forward_10_snapdragon,indoor_forward_6_snapdragon,indoor_forward_9_snapdragon",source_validation_selection,WITHIN_UZH
B3_RIDGE_QF_QW_lag50_alpha0.0001_valgrp_indoor_forward,Ridge+SourceStandardScaler,UZH_FPV,"indoor_45_13_snapdragon,indoor_45_2_snapdragon,indoor_45_4_snapdragon,outdoor_forward_1_snapdragon",source_validation_selection,WITHIN_UZH
B3_RIDGE_QF_QW_lag50_alpha0.0001_valgrp_indoor_45,Ridge+SourceStandardScaler,UZH_FPV,"indoor_forward_10_snapdragon,indoor_forward_6_snapdragon,indoor_forward_9_snapdragon,outdoor_forward_1_snapdragon",source_validation_selection,WITHIN_UZH
B3_RIDGE_QF_QW_lag50_alpha0.0001_valgrp_outdoor_forward,Ridge+SourceStandardScaler,UZH_FPV,"indoor_45_13_snapdragon,indoor_45_2_snapdragon,indoor_45_4_snapdragon,indoor_forward_10_snapdragon,indoor_forward_6_snapdragon,indoor_forward_9_snapdragon",source_validation_selection,WITHIN_UZH
B3_RIDGE_QF_QW_lag50_alpha0.01_valgrp_indoor_forward,Ridge+SourceStandardScaler,UZH_FPV,"indoor_45_13_snapdragon,indoor_45_2_snapdragon,indoor_45_4_snapdragon,outdoor_forward_1_snapdragon",source_validation_selection,WITHIN_UZH
B3_RIDGE_QF_QW_lag50_alpha0.01_valgrp_indoor_45,Ridge+SourceStandardScaler,UZH_FPV,"indoor_forward_10_snapdragon,indoor_forward_6_snapdragon,indoor_forward_9_snapdragon,outdoor_forward_1_snapdragon",source_validation_selection,WITHIN_UZH
B3_RIDGE_QF_QW_lag50_alpha0.01_valgrp_outdoor_forward,Ridge+SourceStandardScaler,UZH_FPV,"indoor_45_13_snapdragon,indoor_45_2_snapdragon,indoor_45_4_snapdragon,indoor_forward_10_snapdragon,indoor_forward_6_snapdragon,indoor_forward_9_snapdragon",source_validation_selection,WITHIN_UZH
B3_RIDGE_QF_QW_lag50_alpha1.0_valgrp_indoor_forward,Ridge+SourceStandardScaler,UZH_FPV,"indoor_45_13_snapdragon,indoor_45_2_snapdragon,indoor_45_4_snapdragon,outdoor_forward_1_snapdragon",source_validation_selection,WITHIN_UZH
B3_RIDGE_QF_QW_lag50_alpha1.0_valgrp_indoor_45,Ridge+SourceStandardScaler,UZH_FPV,"indoor_forward_10_snapdragon,indoor_forward_6_snapdragon,indoor_forward_9_snapdragon,outdoor_forward_1_snapdragon",source_validation_selection,WITHIN_UZH
B3_RIDGE_QF_QW_lag50_alpha1.0_valgrp_outdoor_forward,Ridge+SourceStandardScaler,UZH_FPV,"indoor_45_13_snapdragon,indoor_45_2_snapdragon,indoor_45_4_snapdragon,indoor_forward_10_snapdragon,indoor_forward_6_snapdragon,indoor_forward_9_snapdragon",source_validation_selection,WITHIN_UZH
B3_RIDGE_QF_QW_lag50_alpha100.0_valgrp_indoor_forward,Ridge+SourceStandardScaler,UZH_FPV,"indoor_45_13_snapdragon,indoor_45_2_snapdragon,indoor_45_4_snapdragon,outdoor_forward_1_snapdragon",source_validation_selection,WITHIN_UZH
B3_RIDGE_QF_QW_lag50_alpha100.0_valgrp_indoor_45,Ridge+SourceStandardScaler,UZH_FPV,"indoor_forward_10_snapdragon,indoor_forward_6_snapdragon,indoor_forward_9_snapdragon,outdoor_forward_1_snapdragon",source_validation_selection,WITHIN_UZH
B3_RIDGE_QF_QW_lag50_alpha100.0_valgrp_outdoor_forward,Ridge+SourceStandardScaler,UZH_FPV,"indoor_45_13_snapdragon,indoor_45_2_snapdragon,indoor_45_4_snapdragon,indoor_forward_10_snapdragon,indoor_forward_6_snapdragon,indoor_forward_9_snapdragon",source_validation_selection,WITHIN_UZH
B3_RIDGE_QF_QW_lag100_alpha1e-06_valgrp_indoor_forward,Ridge+SourceStandardScaler,UZH_FPV,"indoor_45_13_snapdragon,indoor_45_2_snapdragon,indoor_45_4_snapdragon,outdoor_forward_1_snapdragon",source_validation_selection,WITHIN_UZH
B3_RIDGE_QF_QW_lag100_alpha1e-06_valgrp_indoor_45,Ridge+SourceStandardScaler,UZH_FPV,"indoor_forward_10_snapdragon,indoor_forward_6_snapdragon,indoor_forward_9_snapdragon,outdoor_forward_1_snapdragon",source_validation_selection,WITHIN_UZH
B3_RIDGE_QF_QW_lag100_alpha1e-06_valgrp_outdoor_forward,Ridge+SourceStandardScaler,UZH_FPV,"indoor_45_13_snapdragon,indoor_45_2_snapdragon,indoor_45_4_snapdragon,indoor_forward_10_snapdragon,indoor_forward_6_snapdragon,indoor_forward_9_snapdragon",source_validation_selection,WITHIN_UZH
B3_RIDGE_QF_QW_lag100_alpha0.0001_valgrp_indoor_forward,Ridge+SourceStandardScaler,UZH_FPV,"indoor_45_13_snapdragon,indoor_45_2_snapdragon,indoor_45_4_snapdragon,outdoor_forward_1_snapdragon",source_validation_selection,WITHIN_UZH
B3_RIDGE_QF_QW_lag100_alpha0.0001_valgrp_indoor_45,Ridge+SourceStandardScaler,UZH_FPV,"indoor_forward_10_snapdragon,indoor_forward_6_snapdragon,indoor_forward_9_snapdragon,outdoor_forward_1_snapdragon",source_validation_selection,WITHIN_UZH
B3_RIDGE_QF_QW_lag100_alpha0.0001_valgrp_outdoor_forward,Ridge+SourceStandardScaler,UZH_FPV,"indoor_45_13_snapdragon,indoor_45_2_snapdragon,indoor_45_4_snapdragon,indoor_forward_10_snapdragon,indoor_forward_6_snapdragon,indoor_forward_9_snapdragon",source_validation_selection,WITHIN_UZH
B3_RIDGE_QF_QW_lag100_alpha0.01_valgrp_indoor_forward,Ridge+SourceStandardScaler,UZH_FPV,"indoor_45_13_snapdragon,indoor_45_2_snapdragon,indoor_45_4_snapdragon,outdoor_forward_1_snapdragon",source_validation_selection,WITHIN_UZH
B3_RIDGE_QF_QW_lag100_alpha0.01_valgrp_indoor_45,Ridge+SourceStandardScaler,UZH_FPV,"indoor_forward_10_snapdragon,indoor_forward_6_snapdragon,indoor_forward_9_snapdragon,outdoor_forward_1_snapdragon",source_validation_selection,WITHIN_UZH
B3_RIDGE_QF_QW_lag100_alpha0.01_valgrp_outdoor_forward,Ridge+SourceStandardScaler,UZH_FPV,"indoor_45_13_snapdragon,indoor_45_2_snapdragon,indoor_45_4_snapdragon,indoor_forward_10_snapdragon,indoor_forward_6_snapdragon,indoor_forward_9_snapdragon",source_validation_selection,WITHIN_UZH
B3_RIDGE_QF_QW_lag100_alpha1.0_valgrp_indoor_forward,Ridge+SourceStandardScaler,UZH_FPV,"indoor_45_13_snapdragon,indoor_45_2_snapdragon,indoor_45_4_snapdragon,outdoor_forward_1_snapdragon",source_validation_selection,WITHIN_UZH
B3_RIDGE_QF_QW_lag100_alpha1.0_valgrp_indoor_45,Ridge+SourceStandardScaler,UZH_FPV,"indoor_forward_10_snapdragon,indoor_forward_6_snapdragon,indoor_forward_9_snapdragon,outdoor_forward_1_snapdragon",source_validation_selection,WITHIN_UZH
B3_RIDGE_QF_QW_lag100_alpha1.0_valgrp_outdoor_forward,Ridge+SourceStandardScaler,UZH_FPV,"indoor_45_13_snapdragon,indoor_45_2_snapdragon,indoor_45_4_snapdragon,indoor_forward_10_snapdragon,indoor_forward_6_snapdragon,indoor_forward_9_snapdragon",source_validation_selection,WITHIN_UZH
B3_RIDGE_QF_QW_lag100_alpha100.0_valgrp_indoor_forward,Ridge+SourceStandardScaler,UZH_FPV,"indoor_45_13_snapdragon,indoor_45_2_snapdragon,indoor_45_4_snapdragon,outdoor_forward_1_snapdragon",source_validation_selection,WITHIN_UZH
B3_RIDGE_QF_QW_lag100_alpha100.0_valgrp_indoor_45,Ridge+SourceStandardScaler,UZH_FPV,"indoor_forward_10_snapdragon,indoor_forward_6_snapdragon,indoor_forward_9_snapdragon,outdoor_forward_1_snapdragon",source_validation_selection,WITHIN_UZH
B3_RIDGE_QF_QW_lag100_alpha100.0_valgrp_outdoor_forward,Ridge+SourceStandardScaler,UZH_FPV,"indoor_45_13_snapdragon,indoor_45_2_snapdragon,indoor_45_4_snapdragon,indoor_forward_10_snapdragon,indoor_forward_6_snapdragon,indoor_forward_9_snapdragon",source_validation_selection,WITHIN_UZH
UZH_FPV_LORO_07_indoor_45_14_snapdragon_B3_RIDGE_QF_QW_final,Ridge+SourceStandardScaler,UZH_FPV,"indoor_45_13_snapdragon,indoor_45_2_snapdragon,indoor_45_4_snapdragon,indoor_forward_10_snapdragon,indoor_forward_6_snapdragon,indoor_forward_9_snapdragon,outdoor_forward_1_snapdragon",within_loro_final_refit,WITHIN_UZH
B2_RIDGE_QF_lag10_alpha1e-06_valgrp_indoor_forward,Ridge+SourceStandardScaler,UZH_FPV,"indoor_45_13_snapdragon,indoor_45_14_snapdragon,indoor_45_2_snapdragon,indoor_45_4_snapdragon",source_validation_selection,WITHIN_UZH
B2_RIDGE_QF_lag10_alpha1e-06_valgrp_indoor_45,Ridge+SourceStandardScaler,UZH_FPV,"indoor_forward_10_snapdragon,indoor_forward_6_snapdragon,indoor_forward_9_snapdragon",source_validation_selection,WITHIN_UZH
B2_RIDGE_QF_lag10_alpha0.0001_valgrp_indoor_forward,Ridge+SourceStandardScaler,UZH_FPV,"indoor_45_13_snapdragon,indoor_45_14_snapdragon,indoor_45_2_snapdragon,indoor_45_4_snapdragon",source_validation_selection,WITHIN_UZH
B2_RIDGE_QF_lag10_alpha0.0001_valgrp_indoor_45,Ridge+SourceStandardScaler,UZH_FPV,"indoor_forward_10_snapdragon,indoor_forward_6_snapdragon,indoor_forward_9_snapdragon",source_validation_selection,WITHIN_UZH
B2_RIDGE_QF_lag10_alpha0.01_valgrp_indoor_forward,Ridge+SourceStandardScaler,UZH_FPV,"indoor_45_13_snapdragon,indoor_45_14_snapdragon,indoor_45_2_snapdragon,indoor_45_4_snapdragon",source_validation_selection,WITHIN_UZH
B2_RIDGE_QF_lag10_alpha0.01_valgrp_indoor_45,Ridge+SourceStandardScaler,UZH_FPV,"indoor_forward_10_snapdragon,indoor_forward_6_snapdragon,indoor_forward_9_snapdragon",source_validation_selection,WITHIN_UZH
B2_RIDGE_QF_lag10_alpha1.0_valgrp_indoor_forward,Ridge+SourceStandardScaler,UZH_FPV,"indoor_45_13_snapdragon,indoor_45_14_snapdragon,indoor_45_2_snapdragon,indoor_45_4_snapdragon",source_validation_selection,WITHIN_UZH
B2_RIDGE_QF_lag10_alpha1.0_valgrp_indoor_45,Ridge+SourceStandardScaler,UZH_FPV,"indoor_forward_10_snapdragon,indoor_forward_6_snapdragon,indoor_forward_9_snapdragon",source_validation_selection,WITHIN_UZH
B2_RIDGE_QF_lag10_alpha100.0_valgrp_indoor_forward,Ridge+SourceStandardScaler,UZH_FPV,"indoor_45_13_snapdragon,indoor_45_14_snapdragon,indoor_45_2_snapdragon,indoor_45_4_snapdragon",source_validation_selection,WITHIN_UZH
B2_RIDGE_QF_lag10_alpha100.0_valgrp_indoor_45,Ridge+SourceStandardScaler,UZH_FPV,"indoor_forward_10_snapdragon,indoor_forward_6_snapdragon,indoor_forward_9_snapdragon",source_validation_selection,WITHIN_UZH
B2_RIDGE_QF_lag25_alpha1e-06_valgrp_indoor_forward,Ridge+SourceStandardScaler,UZH_FPV,"indoor_45_13_snapdragon,indoor_45_14_snapdragon,indoor_45_2_snapdragon,indoor_45_4_snapdragon",source_validation_selection,WITHIN_UZH
B2_RIDGE_QF_lag25_alpha1e-06_valgrp_indoor_45,Ridge+SourceStandardScaler,UZH_FPV,"indoor_forward_10_snapdragon,indoor_forward_6_snapdragon,indoor_forward_9_snapdragon",source_validation_selection,WITHIN_UZH
B2_RIDGE_QF_lag25_alpha0.0001_valgrp_indoor_forward,Ridge+SourceStandardScaler,UZH_FPV,"indoor_45_13_snapdragon,indoor_45_14_snapdragon,indoor_45_2_snapdragon,indoor_45_4_snapdragon",source_validation_selection,WITHIN_UZH
B2_RIDGE_QF_lag25_alpha0.0001_valgrp_indoor_45,Ridge+SourceStandardScaler,UZH_FPV,"indoor_forward_10_snapdragon,indoor_forward_6_snapdragon,indoor_forward_9_snapdragon",source_validation_selection,WITHIN_UZH
B2_RIDGE_QF_lag25_alpha0.01_valgrp_indoor_forward,Ridge+SourceStandardScaler,UZH_FPV,"indoor_45_13_snapdragon,indoor_45_14_snapdragon,indoor_45_2_snapdragon,indoor_45_4_snapdragon",source_validation_selection,WITHIN_UZH
B2_RIDGE_QF_lag25_alpha0.01_valgrp_indoor_45,Ridge+SourceStandardScaler,UZH_FPV,"indoor_forward_10_snapdragon,indoor_forward_6_snapdragon,indoor_forward_9_snapdragon",source_validation_selection,WITHIN_UZH
B2_RIDGE_QF_lag25_alpha1.0_valgrp_indoor_forward,Ridge+SourceStandardScaler,UZH_FPV,"indoor_45_13_snapdragon,indoor_45_14_snapdragon,indoor_45_2_snapdragon,indoor_45_4_snapdragon",source_validation_selection,WITHIN_UZH
B2_RIDGE_QF_lag25_alpha1.0_valgrp_indoor_45,Ridge+SourceStandardScaler,UZH_FPV,"indoor_forward_10_snapdragon,indoor_forward_6_snapdragon,indoor_forward_9_snapdragon",source_validation_selection,WITHIN_UZH
B2_RIDGE_QF_lag25_alpha100.0_valgrp_indoor_forward,Ridge+SourceStandardScaler,UZH_FPV,"indoor_45_13_snapdragon,indoor_45_14_snapdragon,indoor_45_2_snapdragon,indoor_45_4_snapdragon",source_validation_selection,WITHIN_UZH
B2_RIDGE_QF_lag25_alpha100.0_valgrp_indoor_45,Ridge+SourceStandardScaler,UZH_FPV,"indoor_forward_10_snapdragon,indoor_forward_6_snapdragon,indoor_forward_9_snapdragon",source_validation_selection,WITHIN_UZH
B2_RIDGE_QF_lag50_alpha1e-06_valgrp_indoor_forward,Ridge+SourceStandardScaler,UZH_FPV,"indoor_45_13_snapdragon,indoor_45_14_snapdragon,indoor_45_2_snapdragon,indoor_45_4_snapdragon",source_validation_selection,WITHIN_UZH
B2_RIDGE_QF_lag50_alpha1e-06_valgrp_indoor_45,Ridge+SourceStandardScaler,UZH_FPV,"indoor_forward_10_snapdragon,indoor_forward_6_snapdragon,indoor_forward_9_snapdragon",source_validation_selection,WITHIN_UZH
B2_RIDGE_QF_lag50_alpha0.0001_valgrp_indoor_forward,Ridge+SourceStandardScaler,UZH_FPV,"indoor_45_13_snapdragon,indoor_45_14_snapdragon,indoor_45_2_snapdragon,indoor_45_4_snapdragon",source_validation_selection,WITHIN_UZH
B2_RIDGE_QF_lag50_alpha0.0001_valgrp_indoor_45,Ridge+SourceStandardScaler,UZH_FPV,"indoor_forward_10_snapdragon,indoor_forward_6_snapdragon,indoor_forward_9_snapdragon",source_validation_selection,WITHIN_UZH
B2_RIDGE_QF_lag50_alpha0.01_valgrp_indoor_forward,Ridge+SourceStandardScaler,UZH_FPV,"indoor_45_13_snapdragon,indoor_45_14_snapdragon,indoor_45_2_snapdragon,indoor_45_4_snapdragon",source_validation_selection,WITHIN_UZH
B2_RIDGE_QF_lag50_alpha0.01_valgrp_indoor_45,Ridge+SourceStandardScaler,UZH_FPV,"indoor_forward_10_snapdragon,indoor_forward_6_snapdragon,indoor_forward_9_snapdragon",source_validation_selection,WITHIN_UZH
B2_RIDGE_QF_lag50_alpha1.0_valgrp_indoor_forward,Ridge+SourceStandardScaler,UZH_FPV,"indoor_45_13_snapdragon,indoor_45_14_snapdragon,indoor_45_2_snapdragon,indoor_45_4_snapdragon",source_validation_selection,WITHIN_UZH
B2_RIDGE_QF_lag50_alpha1.0_valgrp_indoor_45,Ridge+SourceStandardScaler,UZH_FPV,"indoor_forward_10_snapdragon,indoor_forward_6_snapdragon,indoor_forward_9_snapdragon",source_validation_selection,WITHIN_UZH
B2_RIDGE_QF_lag50_alpha100.0_valgrp_indoor_forward,Ridge+SourceStandardScaler,UZH_FPV,"indoor_45_13_snapdragon,indoor_45_14_snapdragon,indoor_45_2_snapdragon,indoor_45_4_snapdragon",source_validation_selection,WITHIN_UZH
B2_RIDGE_QF_lag50_alpha100.0_valgrp_indoor_45,Ridge+SourceStandardScaler,UZH_FPV,"indoor_forward_10_snapdragon,indoor_forward_6_snapdragon,indoor_forward_9_snapdragon",source_validation_selection,WITHIN_UZH
B2_RIDGE_QF_lag100_alpha1e-06_valgrp_indoor_forward,Ridge+SourceStandardScaler,UZH_FPV,"indoor_45_13_snapdragon,indoor_45_14_snapdragon,indoor_45_2_snapdragon,indoor_45_4_snapdragon",source_validation_selection,WITHIN_UZH
B2_RIDGE_QF_lag100_alpha1e-06_valgrp_indoor_45,Ridge+SourceStandardScaler,UZH_FPV,"indoor_forward_10_snapdragon,indoor_forward_6_snapdragon,indoor_forward_9_snapdragon",source_validation_selection,WITHIN_UZH
B2_RIDGE_QF_lag100_alpha0.0001_valgrp_indoor_forward,Ridge+SourceStandardScaler,UZH_FPV,"indoor_45_13_snapdragon,indoor_45_14_snapdragon,indoor_45_2_snapdragon,indoor_45_4_snapdragon",source_validation_selection,WITHIN_UZH
B2_RIDGE_QF_lag100_alpha0.0001_valgrp_indoor_45,Ridge+SourceStandardScaler,UZH_FPV,"indoor_forward_10_snapdragon,indoor_forward_6_snapdragon,indoor_forward_9_snapdragon",source_validation_selection,WITHIN_UZH
B2_RIDGE_QF_lag100_alpha0.01_valgrp_indoor_forward,Ridge+SourceStandardScaler,UZH_FPV,"indoor_45_13_snapdragon,indoor_45_14_snapdragon,indoor_45_2_snapdragon,indoor_45_4_snapdragon",source_validation_selection,WITHIN_UZH
B2_RIDGE_QF_lag100_alpha0.01_valgrp_indoor_45,Ridge+SourceStandardScaler,UZH_FPV,"indoor_forward_10_snapdragon,indoor_forward_6_snapdragon,indoor_forward_9_snapdragon",source_validation_selection,WITHIN_UZH
B2_RIDGE_QF_lag100_alpha1.0_valgrp_indoor_forward,Ridge+SourceStandardScaler,UZH_FPV,"indoor_45_13_snapdragon,indoor_45_14_snapdragon,indoor_45_2_snapdragon,indoor_45_4_snapdragon",source_validation_selection,WITHIN_UZH
B2_RIDGE_QF_lag100_alpha1.0_valgrp_indoor_45,Ridge+SourceStandardScaler,UZH_FPV,"indoor_forward_10_snapdragon,indoor_forward_6_snapdragon,indoor_forward_9_snapdragon",source_validation_selection,WITHIN_UZH
B2_RIDGE_QF_lag100_alpha100.0_valgrp_indoor_forward,Ridge+SourceStandardScaler,UZH_FPV,"indoor_45_13_snapdragon,indoor_45_14_snapdragon,indoor_45_2_snapdragon,indoor_45_4_snapdragon",source_validation_selection,WITHIN_UZH
B2_RIDGE_QF_lag100_alpha100.0_valgrp_indoor_45,Ridge+SourceStandardScaler,UZH_FPV,"indoor_forward_10_snapdragon,indoor_forward_6_snapdragon,indoor_forward_9_snapdragon",source_validation_selection,WITHIN_UZH
UZH_FPV_LORO_08_outdoor_forward_1_snapdragon_B2_RIDGE_QF_final,Ridge+SourceStandardScaler,UZH_FPV,"indoor_45_13_snapdragon,indoor_45_14_snapdragon,indoor_45_2_snapdragon,indoor_45_4_snapdragon,indoor_forward_10_snapdragon,indoor_forward_6_snapdragon,indoor_forward_9_snapdragon",within_loro_final_refit,WITHIN_UZH
B3_RIDGE_QF_QW_lag10_alpha1e-06_valgrp_indoor_forward,Ridge+SourceStandardScaler,UZH_FPV,"indoor_45_13_snapdragon,indoor_45_14_snapdragon,indoor_45_2_snapdragon,indoor_45_4_snapdragon",source_validation_selection,WITHIN_UZH
B3_RIDGE_QF_QW_lag10_alpha1e-06_valgrp_indoor_45,Ridge+SourceStandardScaler,UZH_FPV,"indoor_forward_10_snapdragon,indoor_forward_6_snapdragon,indoor_forward_9_snapdragon",source_validation_selection,WITHIN_UZH
B3_RIDGE_QF_QW_lag10_alpha0.0001_valgrp_indoor_forward,Ridge+SourceStandardScaler,UZH_FPV,"indoor_45_13_snapdragon,indoor_45_14_snapdragon,indoor_45_2_snapdragon,indoor_45_4_snapdragon",source_validation_selection,WITHIN_UZH
B3_RIDGE_QF_QW_lag10_alpha0.0001_valgrp_indoor_45,Ridge+SourceStandardScaler,UZH_FPV,"indoor_forward_10_snapdragon,indoor_forward_6_snapdragon,indoor_forward_9_snapdragon",source_validation_selection,WITHIN_UZH
B3_RIDGE_QF_QW_lag10_alpha0.01_valgrp_indoor_forward,Ridge+SourceStandardScaler,UZH_FPV,"indoor_45_13_snapdragon,indoor_45_14_snapdragon,indoor_45_2_snapdragon,indoor_45_4_snapdragon",source_validation_selection,WITHIN_UZH
B3_RIDGE_QF_QW_lag10_alpha0.01_valgrp_indoor_45,Ridge+SourceStandardScaler,UZH_FPV,"indoor_forward_10_snapdragon,indoor_forward_6_snapdragon,indoor_forward_9_snapdragon",source_validation_selection,WITHIN_UZH
B3_RIDGE_QF_QW_lag10_alpha1.0_valgrp_indoor_forward,Ridge+SourceStandardScaler,UZH_FPV,"indoor_45_13_snapdragon,indoor_45_14_snapdragon,indoor_45_2_snapdragon,indoor_45_4_snapdragon",source_validation_selection,WITHIN_UZH
B3_RIDGE_QF_QW_lag10_alpha1.0_valgrp_indoor_45,Ridge+SourceStandardScaler,UZH_FPV,"indoor_forward_10_snapdragon,indoor_forward_6_snapdragon,indoor_forward_9_snapdragon",source_validation_selection,WITHIN_UZH
B3_RIDGE_QF_QW_lag10_alpha100.0_valgrp_indoor_forward,Ridge+SourceStandardScaler,UZH_FPV,"indoor_45_13_snapdragon,indoor_45_14_snapdragon,indoor_45_2_snapdragon,indoor_45_4_snapdragon",source_validation_selection,WITHIN_UZH
B3_RIDGE_QF_QW_lag10_alpha100.0_valgrp_indoor_45,Ridge+SourceStandardScaler,UZH_FPV,"indoor_forward_10_snapdragon,indoor_forward_6_snapdragon,indoor_forward_9_snapdragon",source_validation_selection,WITHIN_UZH
B3_RIDGE_QF_QW_lag25_alpha1e-06_valgrp_indoor_forward,Ridge+SourceStandardScaler,UZH_FPV,"indoor_45_13_snapdragon,indoor_45_14_snapdragon,indoor_45_2_snapdragon,indoor_45_4_snapdragon",source_validation_selection,WITHIN_UZH
B3_RIDGE_QF_QW_lag25_alpha1e-06_valgrp_indoor_45,Ridge+SourceStandardScaler,UZH_FPV,"indoor_forward_10_snapdragon,indoor_forward_6_snapdragon,indoor_forward_9_snapdragon",source_validation_selection,WITHIN_UZH
B3_RIDGE_QF_QW_lag25_alpha0.0001_valgrp_indoor_forward,Ridge+SourceStandardScaler,UZH_FPV,"indoor_45_13_snapdragon,indoor_45_14_snapdragon,indoor_45_2_snapdragon,indoor_45_4_snapdragon",source_validation_selection,WITHIN_UZH
B3_RIDGE_QF_QW_lag25_alpha0.0001_valgrp_indoor_45,Ridge+SourceStandardScaler,UZH_FPV,"indoor_forward_10_snapdragon,indoor_forward_6_snapdragon,indoor_forward_9_snapdragon",source_validation_selection,WITHIN_UZH
B3_RIDGE_QF_QW_lag25_alpha0.01_valgrp_indoor_forward,Ridge+SourceStandardScaler,UZH_FPV,"indoor_45_13_snapdragon,indoor_45_14_snapdragon,indoor_45_2_snapdragon,indoor_45_4_snapdragon",source_validation_selection,WITHIN_UZH
B3_RIDGE_QF_QW_lag25_alpha0.01_valgrp_indoor_45,Ridge+SourceStandardScaler,UZH_FPV,"indoor_forward_10_snapdragon,indoor_forward_6_snapdragon,indoor_forward_9_snapdragon",source_validation_selection,WITHIN_UZH
B3_RIDGE_QF_QW_lag25_alpha1.0_valgrp_indoor_forward,Ridge+SourceStandardScaler,UZH_FPV,"indoor_45_13_snapdragon,indoor_45_14_snapdragon,indoor_45_2_snapdragon,indoor_45_4_snapdragon",source_validation_selection,WITHIN_UZH
B3_RIDGE_QF_QW_lag25_alpha1.0_valgrp_indoor_45,Ridge+SourceStandardScaler,UZH_FPV,"indoor_forward_10_snapdragon,indoor_forward_6_snapdragon,indoor_forward_9_snapdragon",source_validation_selection,WITHIN_UZH
B3_RIDGE_QF_QW_lag25_alpha100.0_valgrp_indoor_forward,Ridge+SourceStandardScaler,UZH_FPV,"indoor_45_13_snapdragon,indoor_45_14_snapdragon,indoor_45_2_snapdragon,indoor_45_4_snapdragon",source_validation_selection,WITHIN_UZH
B3_RIDGE_QF_QW_lag25_alpha100.0_valgrp_indoor_45,Ridge+SourceStandardScaler,UZH_FPV,"indoor_forward_10_snapdragon,indoor_forward_6_snapdragon,indoor_forward_9_snapdragon",source_validation_selection,WITHIN_UZH
B3_RIDGE_QF_QW_lag50_alpha1e-06_valgrp_indoor_forward,Ridge+SourceStandardScaler,UZH_FPV,"indoor_45_13_snapdragon,indoor_45_14_snapdragon,indoor_45_2_snapdragon,indoor_45_4_snapdragon",source_validation_selection,WITHIN_UZH
B3_RIDGE_QF_QW_lag50_alpha1e-06_valgrp_indoor_45,Ridge+SourceStandardScaler,UZH_FPV,"indoor_forward_10_snapdragon,indoor_forward_6_snapdragon,indoor_forward_9_snapdragon",source_validation_selection,WITHIN_UZH
B3_RIDGE_QF_QW_lag50_alpha0.0001_valgrp_indoor_forward,Ridge+SourceStandardScaler,UZH_FPV,"indoor_45_13_snapdragon,indoor_45_14_snapdragon,indoor_45_2_snapdragon,indoor_45_4_snapdragon",source_validation_selection,WITHIN_UZH
B3_RIDGE_QF_QW_lag50_alpha0.0001_valgrp_indoor_45,Ridge+SourceStandardScaler,UZH_FPV,"indoor_forward_10_snapdragon,indoor_forward_6_snapdragon,indoor_forward_9_snapdragon",source_validation_selection,WITHIN_UZH
B3_RIDGE_QF_QW_lag50_alpha0.01_valgrp_indoor_forward,Ridge+SourceStandardScaler,UZH_FPV,"indoor_45_13_snapdragon,indoor_45_14_snapdragon,indoor_45_2_snapdragon,indoor_45_4_snapdragon",source_validation_selection,WITHIN_UZH
B3_RIDGE_QF_QW_lag50_alpha0.01_valgrp_indoor_45,Ridge+SourceStandardScaler,UZH_FPV,"indoor_forward_10_snapdragon,indoor_forward_6_snapdragon,indoor_forward_9_snapdragon",source_validation_selection,WITHIN_UZH
B3_RIDGE_QF_QW_lag50_alpha1.0_valgrp_indoor_forward,Ridge+SourceStandardScaler,UZH_FPV,"indoor_45_13_snapdragon,indoor_45_14_snapdragon,indoor_45_2_snapdragon,indoor_45_4_snapdragon",source_validation_selection,WITHIN_UZH
B3_RIDGE_QF_QW_lag50_alpha1.0_valgrp_indoor_45,Ridge+SourceStandardScaler,UZH_FPV,"indoor_forward_10_snapdragon,indoor_forward_6_snapdragon,indoor_forward_9_snapdragon",source_validation_selection,WITHIN_UZH
B3_RIDGE_QF_QW_lag50_alpha100.0_valgrp_indoor_forward,Ridge+SourceStandardScaler,UZH_FPV,"indoor_45_13_snapdragon,indoor_45_14_snapdragon,indoor_45_2_snapdragon,indoor_45_4_snapdragon",source_validation_selection,WITHIN_UZH
B3_RIDGE_QF_QW_lag50_alpha100.0_valgrp_indoor_45,Ridge+SourceStandardScaler,UZH_FPV,"indoor_forward_10_snapdragon,indoor_forward_6_snapdragon,indoor_forward_9_snapdragon",source_validation_selection,WITHIN_UZH
B3_RIDGE_QF_QW_lag100_alpha1e-06_valgrp_indoor_forward,Ridge+SourceStandardScaler,UZH_FPV,"indoor_45_13_snapdragon,indoor_45_14_snapdragon,indoor_45_2_snapdragon,indoor_45_4_snapdragon",source_validation_selection,WITHIN_UZH
B3_RIDGE_QF_QW_lag100_alpha1e-06_valgrp_indoor_45,Ridge+SourceStandardScaler,UZH_FPV,"indoor_forward_10_snapdragon,indoor_forward_6_snapdragon,indoor_forward_9_snapdragon",source_validation_selection,WITHIN_UZH
B3_RIDGE_QF_QW_lag100_alpha0.0001_valgrp_indoor_forward,Ridge+SourceStandardScaler,UZH_FPV,"indoor_45_13_snapdragon,indoor_45_14_snapdragon,indoor_45_2_snapdragon,indoor_45_4_snapdragon",source_validation_selection,WITHIN_UZH
B3_RIDGE_QF_QW_lag100_alpha0.0001_valgrp_indoor_45,Ridge+SourceStandardScaler,UZH_FPV,"indoor_forward_10_snapdragon,indoor_forward_6_snapdragon,indoor_forward_9_snapdragon",source_validation_selection,WITHIN_UZH
B3_RIDGE_QF_QW_lag100_alpha0.01_valgrp_indoor_forward,Ridge+SourceStandardScaler,UZH_FPV,"indoor_45_13_snapdragon,indoor_45_14_snapdragon,indoor_45_2_snapdragon,indoor_45_4_snapdragon",source_validation_selection,WITHIN_UZH
B3_RIDGE_QF_QW_lag100_alpha0.01_valgrp_indoor_45,Ridge+SourceStandardScaler,UZH_FPV,"indoor_forward_10_snapdragon,indoor_forward_6_snapdragon,indoor_forward_9_snapdragon",source_validation_selection,WITHIN_UZH
B3_RIDGE_QF_QW_lag100_alpha1.0_valgrp_indoor_forward,Ridge+SourceStandardScaler,UZH_FPV,"indoor_45_13_snapdragon,indoor_45_14_snapdragon,indoor_45_2_snapdragon,indoor_45_4_snapdragon",source_validation_selection,WITHIN_UZH
B3_RIDGE_QF_QW_lag100_alpha1.0_valgrp_indoor_45,Ridge+SourceStandardScaler,UZH_FPV,"indoor_forward_10_snapdragon,indoor_forward_6_snapdragon,indoor_forward_9_snapdragon",source_validation_selection,WITHIN_UZH
B3_RIDGE_QF_QW_lag100_alpha100.0_valgrp_indoor_forward,Ridge+SourceStandardScaler,UZH_FPV,"indoor_45_13_snapdragon,indoor_45_14_snapdragon,indoor_45_2_snapdragon,indoor_45_4_snapdragon",source_validation_selection,WITHIN_UZH
B3_RIDGE_QF_QW_lag100_alpha100.0_valgrp_indoor_45,Ridge+SourceStandardScaler,UZH_FPV,"indoor_forward_10_snapdragon,indoor_forward_6_snapdragon,indoor_forward_9_snapdragon",source_validation_selection,WITHIN_UZH
UZH_FPV_LORO_08_outdoor_forward_1_snapdragon_B3_RIDGE_QF_QW_final,Ridge+SourceStandardScaler,UZH_FPV,"indoor_45_13_snapdragon,indoor_45_14_snapdragon,indoor_45_2_snapdragon,indoor_45_4_snapdragon,indoor_forward_10_snapdragon,indoor_forward_6_snapdragon,indoor_forward_9_snapdragon",within_loro_final_refit,WITHIN_UZH
B2_RIDGE_QF_lag10_alpha1e-06_valgrp_EUROC_FIREFLY_VICON_ROOM1,Ridge+SourceStandardScaler,EUROC,"V2_01_easy,V2_02_medium,V2_03_difficult",source_validation_selection,SOURCE_SELECTION_EUROC
B2_RIDGE_QF_lag10_alpha1e-06_valgrp_EUROC_FIREFLY_VICON_ROOM2,Ridge+SourceStandardScaler,EUROC,"V1_01_easy,V1_02_medium,V1_03_difficult",source_validation_selection,SOURCE_SELECTION_EUROC
B2_RIDGE_QF_lag10_alpha0.0001_valgrp_EUROC_FIREFLY_VICON_ROOM1,Ridge+SourceStandardScaler,EUROC,"V2_01_easy,V2_02_medium,V2_03_difficult",source_validation_selection,SOURCE_SELECTION_EUROC
B2_RIDGE_QF_lag10_alpha0.0001_valgrp_EUROC_FIREFLY_VICON_ROOM2,Ridge+SourceStandardScaler,EUROC,"V1_01_easy,V1_02_medium,V1_03_difficult",source_validation_selection,SOURCE_SELECTION_EUROC
B2_RIDGE_QF_lag10_alpha0.01_valgrp_EUROC_FIREFLY_VICON_ROOM1,Ridge+SourceStandardScaler,EUROC,"V2_01_easy,V2_02_medium,V2_03_difficult",source_validation_selection,SOURCE_SELECTION_EUROC
B2_RIDGE_QF_lag10_alpha0.01_valgrp_EUROC_FIREFLY_VICON_ROOM2,Ridge+SourceStandardScaler,EUROC,"V1_01_easy,V1_02_medium,V1_03_difficult",source_validation_selection,SOURCE_SELECTION_EUROC
B2_RIDGE_QF_lag10_alpha1.0_valgrp_EUROC_FIREFLY_VICON_ROOM1,Ridge+SourceStandardScaler,EUROC,"V2_01_easy,V2_02_medium,V2_03_difficult",source_validation_selection,SOURCE_SELECTION_EUROC
B2_RIDGE_QF_lag10_alpha1.0_valgrp_EUROC_FIREFLY_VICON_ROOM2,Ridge+SourceStandardScaler,EUROC,"V1_01_easy,V1_02_medium,V1_03_difficult",source_validation_selection,SOURCE_SELECTION_EUROC
B2_RIDGE_QF_lag10_alpha100.0_valgrp_EUROC_FIREFLY_VICON_ROOM1,Ridge+SourceStandardScaler,EUROC,"V2_01_easy,V2_02_medium,V2_03_difficult",source_validation_selection,SOURCE_SELECTION_EUROC
B2_RIDGE_QF_lag10_alpha100.0_valgrp_EUROC_FIREFLY_VICON_ROOM2,Ridge+SourceStandardScaler,EUROC,"V1_01_easy,V1_02_medium,V1_03_difficult",source_validation_selection,SOURCE_SELECTION_EUROC
B2_RIDGE_QF_lag25_alpha1e-06_valgrp_EUROC_FIREFLY_VICON_ROOM1,Ridge+SourceStandardScaler,EUROC,"V2_01_easy,V2_02_medium,V2_03_difficult",source_validation_selection,SOURCE_SELECTION_EUROC
B2_RIDGE_QF_lag25_alpha1e-06_valgrp_EUROC_FIREFLY_VICON_ROOM2,Ridge+SourceStandardScaler,EUROC,"V1_01_easy,V1_02_medium,V1_03_difficult",source_validation_selection,SOURCE_SELECTION_EUROC
B2_RIDGE_QF_lag25_alpha0.0001_valgrp_EUROC_FIREFLY_VICON_ROOM1,Ridge+SourceStandardScaler,EUROC,"V2_01_easy,V2_02_medium,V2_03_difficult",source_validation_selection,SOURCE_SELECTION_EUROC
B2_RIDGE_QF_lag25_alpha0.0001_valgrp_EUROC_FIREFLY_VICON_ROOM2,Ridge+SourceStandardScaler,EUROC,"V1_01_easy,V1_02_medium,V1_03_difficult",source_validation_selection,SOURCE_SELECTION_EUROC
B2_RIDGE_QF_lag25_alpha0.01_valgrp_EUROC_FIREFLY_VICON_ROOM1,Ridge+SourceStandardScaler,EUROC,"V2_01_easy,V2_02_medium,V2_03_difficult",source_validation_selection,SOURCE_SELECTION_EUROC
B2_RIDGE_QF_lag25_alpha0.01_valgrp_EUROC_FIREFLY_VICON_ROOM2,Ridge+SourceStandardScaler,EUROC,"V1_01_easy,V1_02_medium,V1_03_difficult",source_validation_selection,SOURCE_SELECTION_EUROC
B2_RIDGE_QF_lag25_alpha1.0_valgrp_EUROC_FIREFLY_VICON_ROOM1,Ridge+SourceStandardScaler,EUROC,"V2_01_easy,V2_02_medium,V2_03_difficult",source_validation_selection,SOURCE_SELECTION_EUROC
B2_RIDGE_QF_lag25_alpha1.0_valgrp_EUROC_FIREFLY_VICON_ROOM2,Ridge+SourceStandardScaler,EUROC,"V1_01_easy,V1_02_medium,V1_03_difficult",source_validation_selection,SOURCE_SELECTION_EUROC
B2_RIDGE_QF_lag25_alpha100.0_valgrp_EUROC_FIREFLY_VICON_ROOM1,Ridge+SourceStandardScaler,EUROC,"V2_01_easy,V2_02_medium,V2_03_difficult",source_validation_selection,SOURCE_SELECTION_EUROC
B2_RIDGE_QF_lag25_alpha100.0_valgrp_EUROC_FIREFLY_VICON_ROOM2,Ridge+SourceStandardScaler,EUROC,"V1_01_easy,V1_02_medium,V1_03_difficult",source_validation_selection,SOURCE_SELECTION_EUROC
B2_RIDGE_QF_lag50_alpha1e-06_valgrp_EUROC_FIREFLY_VICON_ROOM1,Ridge+SourceStandardScaler,EUROC,"V2_01_easy,V2_02_medium,V2_03_difficult",source_validation_selection,SOURCE_SELECTION_EUROC
B2_RIDGE_QF_lag50_alpha1e-06_valgrp_EUROC_FIREFLY_VICON_ROOM2,Ridge+SourceStandardScaler,EUROC,"V1_01_easy,V1_02_medium,V1_03_difficult",source_validation_selection,SOURCE_SELECTION_EUROC
B2_RIDGE_QF_lag50_alpha0.0001_valgrp_EUROC_FIREFLY_VICON_ROOM1,Ridge+SourceStandardScaler,EUROC,"V2_01_easy,V2_02_medium,V2_03_difficult",source_validation_selection,SOURCE_SELECTION_EUROC
B2_RIDGE_QF_lag50_alpha0.0001_valgrp_EUROC_FIREFLY_VICON_ROOM2,Ridge+SourceStandardScaler,EUROC,"V1_01_easy,V1_02_medium,V1_03_difficult",source_validation_selection,SOURCE_SELECTION_EUROC
B2_RIDGE_QF_lag50_alpha0.01_valgrp_EUROC_FIREFLY_VICON_ROOM1,Ridge+SourceStandardScaler,EUROC,"V2_01_easy,V2_02_medium,V2_03_difficult",source_validation_selection,SOURCE_SELECTION_EUROC
B2_RIDGE_QF_lag50_alpha0.01_valgrp_EUROC_FIREFLY_VICON_ROOM2,Ridge+SourceStandardScaler,EUROC,"V1_01_easy,V1_02_medium,V1_03_difficult",source_validation_selection,SOURCE_SELECTION_EUROC
B2_RIDGE_QF_lag50_alpha1.0_valgrp_EUROC_FIREFLY_VICON_ROOM1,Ridge+SourceStandardScaler,EUROC,"V2_01_easy,V2_02_medium,V2_03_difficult",source_validation_selection,SOURCE_SELECTION_EUROC
B2_RIDGE_QF_lag50_alpha1.0_valgrp_EUROC_FIREFLY_VICON_ROOM2,Ridge+SourceStandardScaler,EUROC,"V1_01_easy,V1_02_medium,V1_03_difficult",source_validation_selection,SOURCE_SELECTION_EUROC
B2_RIDGE_QF_lag50_alpha100.0_valgrp_EUROC_FIREFLY_VICON_ROOM1,Ridge+SourceStandardScaler,EUROC,"V2_01_easy,V2_02_medium,V2_03_difficult",source_validation_selection,SOURCE_SELECTION_EUROC
B2_RIDGE_QF_lag50_alpha100.0_valgrp_EUROC_FIREFLY_VICON_ROOM2,Ridge+SourceStandardScaler,EUROC,"V1_01_easy,V1_02_medium,V1_03_difficult",source_validation_selection,SOURCE_SELECTION_EUROC
B2_RIDGE_QF_lag100_alpha1e-06_valgrp_EUROC_FIREFLY_VICON_ROOM1,Ridge+SourceStandardScaler,EUROC,"V2_01_easy,V2_02_medium,V2_03_difficult",source_validation_selection,SOURCE_SELECTION_EUROC
B2_RIDGE_QF_lag100_alpha1e-06_valgrp_EUROC_FIREFLY_VICON_ROOM2,Ridge+SourceStandardScaler,EUROC,"V1_01_easy,V1_02_medium,V1_03_difficult",source_validation_selection,SOURCE_SELECTION_EUROC
B2_RIDGE_QF_lag100_alpha0.0001_valgrp_EUROC_FIREFLY_VICON_ROOM1,Ridge+SourceStandardScaler,EUROC,"V2_01_easy,V2_02_medium,V2_03_difficult",source_validation_selection,SOURCE_SELECTION_EUROC
B2_RIDGE_QF_lag100_alpha0.0001_valgrp_EUROC_FIREFLY_VICON_ROOM2,Ridge+SourceStandardScaler,EUROC,"V1_01_easy,V1_02_medium,V1_03_difficult",source_validation_selection,SOURCE_SELECTION_EUROC
B2_RIDGE_QF_lag100_alpha0.01_valgrp_EUROC_FIREFLY_VICON_ROOM1,Ridge+SourceStandardScaler,EUROC,"V2_01_easy,V2_02_medium,V2_03_difficult",source_validation_selection,SOURCE_SELECTION_EUROC
B2_RIDGE_QF_lag100_alpha0.01_valgrp_EUROC_FIREFLY_VICON_ROOM2,Ridge+SourceStandardScaler,EUROC,"V1_01_easy,V1_02_medium,V1_03_difficult",source_validation_selection,SOURCE_SELECTION_EUROC
B2_RIDGE_QF_lag100_alpha1.0_valgrp_EUROC_FIREFLY_VICON_ROOM1,Ridge+SourceStandardScaler,EUROC,"V2_01_easy,V2_02_medium,V2_03_difficult",source_validation_selection,SOURCE_SELECTION_EUROC
B2_RIDGE_QF_lag100_alpha1.0_valgrp_EUROC_FIREFLY_VICON_ROOM2,Ridge+SourceStandardScaler,EUROC,"V1_01_easy,V1_02_medium,V1_03_difficult",source_validation_selection,SOURCE_SELECTION_EUROC
B2_RIDGE_QF_lag100_alpha100.0_valgrp_EUROC_FIREFLY_VICON_ROOM1,Ridge+SourceStandardScaler,EUROC,"V2_01_easy,V2_02_medium,V2_03_difficult",source_validation_selection,SOURCE_SELECTION_EUROC
B2_RIDGE_QF_lag100_alpha100.0_valgrp_EUROC_FIREFLY_VICON_ROOM2,Ridge+SourceStandardScaler,EUROC,"V1_01_easy,V1_02_medium,V1_03_difficult",source_validation_selection,SOURCE_SELECTION_EUROC
B3_RIDGE_QF_QW_lag10_alpha1e-06_valgrp_EUROC_FIREFLY_VICON_ROOM1,Ridge+SourceStandardScaler,EUROC,"V2_01_easy,V2_02_medium,V2_03_difficult",source_validation_selection,SOURCE_SELECTION_EUROC
B3_RIDGE_QF_QW_lag10_alpha1e-06_valgrp_EUROC_FIREFLY_VICON_ROOM2,Ridge+SourceStandardScaler,EUROC,"V1_01_easy,V1_02_medium,V1_03_difficult",source_validation_selection,SOURCE_SELECTION_EUROC
B3_RIDGE_QF_QW_lag10_alpha0.0001_valgrp_EUROC_FIREFLY_VICON_ROOM1,Ridge+SourceStandardScaler,EUROC,"V2_01_easy,V2_02_medium,V2_03_difficult",source_validation_selection,SOURCE_SELECTION_EUROC
B3_RIDGE_QF_QW_lag10_alpha0.0001_valgrp_EUROC_FIREFLY_VICON_ROOM2,Ridge+SourceStandardScaler,EUROC,"V1_01_easy,V1_02_medium,V1_03_difficult",source_validation_selection,SOURCE_SELECTION_EUROC
B3_RIDGE_QF_QW_lag10_alpha0.01_valgrp_EUROC_FIREFLY_VICON_ROOM1,Ridge+SourceStandardScaler,EUROC,"V2_01_easy,V2_02_medium,V2_03_difficult",source_validation_selection,SOURCE_SELECTION_EUROC
B3_RIDGE_QF_QW_lag10_alpha0.01_valgrp_EUROC_FIREFLY_VICON_ROOM2,Ridge+SourceStandardScaler,EUROC,"V1_01_easy,V1_02_medium,V1_03_difficult",source_validation_selection,SOURCE_SELECTION_EUROC
B3_RIDGE_QF_QW_lag10_alpha1.0_valgrp_EUROC_FIREFLY_VICON_ROOM1,Ridge+SourceStandardScaler,EUROC,"V2_01_easy,V2_02_medium,V2_03_difficult",source_validation_selection,SOURCE_SELECTION_EUROC
B3_RIDGE_QF_QW_lag10_alpha1.0_valgrp_EUROC_FIREFLY_VICON_ROOM2,Ridge+SourceStandardScaler,EUROC,"V1_01_easy,V1_02_medium,V1_03_difficult",source_validation_selection,SOURCE_SELECTION_EUROC
B3_RIDGE_QF_QW_lag10_alpha100.0_valgrp_EUROC_FIREFLY_VICON_ROOM1,Ridge+SourceStandardScaler,EUROC,"V2_01_easy,V2_02_medium,V2_03_difficult",source_validation_selection,SOURCE_SELECTION_EUROC
B3_RIDGE_QF_QW_lag10_alpha100.0_valgrp_EUROC_FIREFLY_VICON_ROOM2,Ridge+SourceStandardScaler,EUROC,"V1_01_easy,V1_02_medium,V1_03_difficult",source_validation_selection,SOURCE_SELECTION_EUROC
B3_RIDGE_QF_QW_lag25_alpha1e-06_valgrp_EUROC_FIREFLY_VICON_ROOM1,Ridge+SourceStandardScaler,EUROC,"V2_01_easy,V2_02_medium,V2_03_difficult",source_validation_selection,SOURCE_SELECTION_EUROC
B3_RIDGE_QF_QW_lag25_alpha1e-06_valgrp_EUROC_FIREFLY_VICON_ROOM2,Ridge+SourceStandardScaler,EUROC,"V1_01_easy,V1_02_medium,V1_03_difficult",source_validation_selection,SOURCE_SELECTION_EUROC
B3_RIDGE_QF_QW_lag25_alpha0.0001_valgrp_EUROC_FIREFLY_VICON_ROOM1,Ridge+SourceStandardScaler,EUROC,"V2_01_easy,V2_02_medium,V2_03_difficult",source_validation_selection,SOURCE_SELECTION_EUROC
B3_RIDGE_QF_QW_lag25_alpha0.0001_valgrp_EUROC_FIREFLY_VICON_ROOM2,Ridge+SourceStandardScaler,EUROC,"V1_01_easy,V1_02_medium,V1_03_difficult",source_validation_selection,SOURCE_SELECTION_EUROC
B3_RIDGE_QF_QW_lag25_alpha0.01_valgrp_EUROC_FIREFLY_VICON_ROOM1,Ridge+SourceStandardScaler,EUROC,"V2_01_easy,V2_02_medium,V2_03_difficult",source_validation_selection,SOURCE_SELECTION_EUROC
B3_RIDGE_QF_QW_lag25_alpha0.01_valgrp_EUROC_FIREFLY_VICON_ROOM2,Ridge+SourceStandardScaler,EUROC,"V1_01_easy,V1_02_medium,V1_03_difficult",source_validation_selection,SOURCE_SELECTION_EUROC
B3_RIDGE_QF_QW_lag25_alpha1.0_valgrp_EUROC_FIREFLY_VICON_ROOM1,Ridge+SourceStandardScaler,EUROC,"V2_01_easy,V2_02_medium,V2_03_difficult",source_validation_selection,SOURCE_SELECTION_EUROC
B3_RIDGE_QF_QW_lag25_alpha1.0_valgrp_EUROC_FIREFLY_VICON_ROOM2,Ridge+SourceStandardScaler,EUROC,"V1_01_easy,V1_02_medium,V1_03_difficult",source_validation_selection,SOURCE_SELECTION_EUROC
B3_RIDGE_QF_QW_lag25_alpha100.0_valgrp_EUROC_FIREFLY_VICON_ROOM1,Ridge+SourceStandardScaler,EUROC,"V2_01_easy,V2_02_medium,V2_03_difficult",source_validation_selection,SOURCE_SELECTION_EUROC
B3_RIDGE_QF_QW_lag25_alpha100.0_valgrp_EUROC_FIREFLY_VICON_ROOM2,Ridge+SourceStandardScaler,EUROC,"V1_01_easy,V1_02_medium,V1_03_difficult",source_validation_selection,SOURCE_SELECTION_EUROC
B3_RIDGE_QF_QW_lag50_alpha1e-06_valgrp_EUROC_FIREFLY_VICON_ROOM1,Ridge+SourceStandardScaler,EUROC,"V2_01_easy,V2_02_medium,V2_03_difficult",source_validation_selection,SOURCE_SELECTION_EUROC
B3_RIDGE_QF_QW_lag50_alpha1e-06_valgrp_EUROC_FIREFLY_VICON_ROOM2,Ridge+SourceStandardScaler,EUROC,"V1_01_easy,V1_02_medium,V1_03_difficult",source_validation_selection,SOURCE_SELECTION_EUROC
B3_RIDGE_QF_QW_lag50_alpha0.0001_valgrp_EUROC_FIREFLY_VICON_ROOM1,Ridge+SourceStandardScaler,EUROC,"V2_01_easy,V2_02_medium,V2_03_difficult",source_validation_selection,SOURCE_SELECTION_EUROC
B3_RIDGE_QF_QW_lag50_alpha0.0001_valgrp_EUROC_FIREFLY_VICON_ROOM2,Ridge+SourceStandardScaler,EUROC,"V1_01_easy,V1_02_medium,V1_03_difficult",source_validation_selection,SOURCE_SELECTION_EUROC
B3_RIDGE_QF_QW_lag50_alpha0.01_valgrp_EUROC_FIREFLY_VICON_ROOM1,Ridge+SourceStandardScaler,EUROC,"V2_01_easy,V2_02_medium,V2_03_difficult",source_validation_selection,SOURCE_SELECTION_EUROC
B3_RIDGE_QF_QW_lag50_alpha0.01_valgrp_EUROC_FIREFLY_VICON_ROOM2,Ridge+SourceStandardScaler,EUROC,"V1_01_easy,V1_02_medium,V1_03_difficult",source_validation_selection,SOURCE_SELECTION_EUROC
B3_RIDGE_QF_QW_lag50_alpha1.0_valgrp_EUROC_FIREFLY_VICON_ROOM1,Ridge+SourceStandardScaler,EUROC,"V2_01_easy,V2_02_medium,V2_03_difficult",source_validation_selection,SOURCE_SELECTION_EUROC
B3_RIDGE_QF_QW_lag50_alpha1.0_valgrp_EUROC_FIREFLY_VICON_ROOM2,Ridge+SourceStandardScaler,EUROC,"V1_01_easy,V1_02_medium,V1_03_difficult",source_validation_selection,SOURCE_SELECTION_EUROC
B3_RIDGE_QF_QW_lag50_alpha100.0_valgrp_EUROC_FIREFLY_VICON_ROOM1,Ridge+SourceStandardScaler,EUROC,"V2_01_easy,V2_02_medium,V2_03_difficult",source_validation_selection,SOURCE_SELECTION_EUROC
B3_RIDGE_QF_QW_lag50_alpha100.0_valgrp_EUROC_FIREFLY_VICON_ROOM2,Ridge+SourceStandardScaler,EUROC,"V1_01_easy,V1_02_medium,V1_03_difficult",source_validation_selection,SOURCE_SELECTION_EUROC
B3_RIDGE_QF_QW_lag100_alpha1e-06_valgrp_EUROC_FIREFLY_VICON_ROOM1,Ridge+SourceStandardScaler,EUROC,"V2_01_easy,V2_02_medium,V2_03_difficult",source_validation_selection,SOURCE_SELECTION_EUROC
B3_RIDGE_QF_QW_lag100_alpha1e-06_valgrp_EUROC_FIREFLY_VICON_ROOM2,Ridge+SourceStandardScaler,EUROC,"V1_01_easy,V1_02_medium,V1_03_difficult",source_validation_selection,SOURCE_SELECTION_EUROC
B3_RIDGE_QF_QW_lag100_alpha0.0001_valgrp_EUROC_FIREFLY_VICON_ROOM1,Ridge+SourceStandardScaler,EUROC,"V2_01_easy,V2_02_medium,V2_03_difficult",source_validation_selection,SOURCE_SELECTION_EUROC
B3_RIDGE_QF_QW_lag100_alpha0.0001_valgrp_EUROC_FIREFLY_VICON_ROOM2,Ridge+SourceStandardScaler,EUROC,"V1_01_easy,V1_02_medium,V1_03_difficult",source_validation_selection,SOURCE_SELECTION_EUROC
B3_RIDGE_QF_QW_lag100_alpha0.01_valgrp_EUROC_FIREFLY_VICON_ROOM1,Ridge+SourceStandardScaler,EUROC,"V2_01_easy,V2_02_medium,V2_03_difficult",source_validation_selection,SOURCE_SELECTION_EUROC
B3_RIDGE_QF_QW_lag100_alpha0.01_valgrp_EUROC_FIREFLY_VICON_ROOM2,Ridge+SourceStandardScaler,EUROC,"V1_01_easy,V1_02_medium,V1_03_difficult",source_validation_selection,SOURCE_SELECTION_EUROC
B3_RIDGE_QF_QW_lag100_alpha1.0_valgrp_EUROC_FIREFLY_VICON_ROOM1,Ridge+SourceStandardScaler,EUROC,"V2_01_easy,V2_02_medium,V2_03_difficult",source_validation_selection,SOURCE_SELECTION_EUROC
B3_RIDGE_QF_QW_lag100_alpha1.0_valgrp_EUROC_FIREFLY_VICON_ROOM2,Ridge+SourceStandardScaler,EUROC,"V1_01_easy,V1_02_medium,V1_03_difficult",source_validation_selection,SOURCE_SELECTION_EUROC
B3_RIDGE_QF_QW_lag100_alpha100.0_valgrp_EUROC_FIREFLY_VICON_ROOM1,Ridge+SourceStandardScaler,EUROC,"V2_01_easy,V2_02_medium,V2_03_difficult",source_validation_selection,SOURCE_SELECTION_EUROC
B3_RIDGE_QF_QW_lag100_alpha100.0_valgrp_EUROC_FIREFLY_VICON_ROOM2,Ridge+SourceStandardScaler,EUROC,"V1_01_easy,V1_02_medium,V1_03_difficult",source_validation_selection,SOURCE_SELECTION_EUROC
B2_RIDGE_QF_lag10_alpha1e-06_valgrp_indoor_forward,Ridge+SourceStandardScaler,UZH_FPV,"indoor_45_13_snapdragon,indoor_45_14_snapdragon,indoor_45_2_snapdragon,indoor_45_4_snapdragon,outdoor_forward_1_snapdragon",source_validation_selection,SOURCE_SELECTION_UZH
B2_RIDGE_QF_lag10_alpha1e-06_valgrp_indoor_45,Ridge+SourceStandardScaler,UZH_FPV,"indoor_forward_10_snapdragon,indoor_forward_6_snapdragon,indoor_forward_9_snapdragon,outdoor_forward_1_snapdragon",source_validation_selection,SOURCE_SELECTION_UZH
B2_RIDGE_QF_lag10_alpha1e-06_valgrp_outdoor_forward,Ridge+SourceStandardScaler,UZH_FPV,"indoor_45_13_snapdragon,indoor_45_14_snapdragon,indoor_45_2_snapdragon,indoor_45_4_snapdragon,indoor_forward_10_snapdragon,indoor_forward_6_snapdragon,indoor_forward_9_snapdragon",source_validation_selection,SOURCE_SELECTION_UZH
B2_RIDGE_QF_lag10_alpha0.0001_valgrp_indoor_forward,Ridge+SourceStandardScaler,UZH_FPV,"indoor_45_13_snapdragon,indoor_45_14_snapdragon,indoor_45_2_snapdragon,indoor_45_4_snapdragon,outdoor_forward_1_snapdragon",source_validation_selection,SOURCE_SELECTION_UZH
B2_RIDGE_QF_lag10_alpha0.0001_valgrp_indoor_45,Ridge+SourceStandardScaler,UZH_FPV,"indoor_forward_10_snapdragon,indoor_forward_6_snapdragon,indoor_forward_9_snapdragon,outdoor_forward_1_snapdragon",source_validation_selection,SOURCE_SELECTION_UZH
B2_RIDGE_QF_lag10_alpha0.0001_valgrp_outdoor_forward,Ridge+SourceStandardScaler,UZH_FPV,"indoor_45_13_snapdragon,indoor_45_14_snapdragon,indoor_45_2_snapdragon,indoor_45_4_snapdragon,indoor_forward_10_snapdragon,indoor_forward_6_snapdragon,indoor_forward_9_snapdragon",source_validation_selection,SOURCE_SELECTION_UZH
B2_RIDGE_QF_lag10_alpha0.01_valgrp_indoor_forward,Ridge+SourceStandardScaler,UZH_FPV,"indoor_45_13_snapdragon,indoor_45_14_snapdragon,indoor_45_2_snapdragon,indoor_45_4_snapdragon,outdoor_forward_1_snapdragon",source_validation_selection,SOURCE_SELECTION_UZH
B2_RIDGE_QF_lag10_alpha0.01_valgrp_indoor_45,Ridge+SourceStandardScaler,UZH_FPV,"indoor_forward_10_snapdragon,indoor_forward_6_snapdragon,indoor_forward_9_snapdragon,outdoor_forward_1_snapdragon",source_validation_selection,SOURCE_SELECTION_UZH
B2_RIDGE_QF_lag10_alpha0.01_valgrp_outdoor_forward,Ridge+SourceStandardScaler,UZH_FPV,"indoor_45_13_snapdragon,indoor_45_14_snapdragon,indoor_45_2_snapdragon,indoor_45_4_snapdragon,indoor_forward_10_snapdragon,indoor_forward_6_snapdragon,indoor_forward_9_snapdragon",source_validation_selection,SOURCE_SELECTION_UZH
B2_RIDGE_QF_lag10_alpha1.0_valgrp_indoor_forward,Ridge+SourceStandardScaler,UZH_FPV,"indoor_45_13_snapdragon,indoor_45_14_snapdragon,indoor_45_2_snapdragon,indoor_45_4_snapdragon,outdoor_forward_1_snapdragon",source_validation_selection,SOURCE_SELECTION_UZH
B2_RIDGE_QF_lag10_alpha1.0_valgrp_indoor_45,Ridge+SourceStandardScaler,UZH_FPV,"indoor_forward_10_snapdragon,indoor_forward_6_snapdragon,indoor_forward_9_snapdragon,outdoor_forward_1_snapdragon",source_validation_selection,SOURCE_SELECTION_UZH
B2_RIDGE_QF_lag10_alpha1.0_valgrp_outdoor_forward,Ridge+SourceStandardScaler,UZH_FPV,"indoor_45_13_snapdragon,indoor_45_14_snapdragon,indoor_45_2_snapdragon,indoor_45_4_snapdragon,indoor_forward_10_snapdragon,indoor_forward_6_snapdragon,indoor_forward_9_snapdragon",source_validation_selection,SOURCE_SELECTION_UZH
B2_RIDGE_QF_lag10_alpha100.0_valgrp_indoor_forward,Ridge+SourceStandardScaler,UZH_FPV,"indoor_45_13_snapdragon,indoor_45_14_snapdragon,indoor_45_2_snapdragon,indoor_45_4_snapdragon,outdoor_forward_1_snapdragon",source_validation_selection,SOURCE_SELECTION_UZH
B2_RIDGE_QF_lag10_alpha100.0_valgrp_indoor_45,Ridge+SourceStandardScaler,UZH_FPV,"indoor_forward_10_snapdragon,indoor_forward_6_snapdragon,indoor_forward_9_snapdragon,outdoor_forward_1_snapdragon",source_validation_selection,SOURCE_SELECTION_UZH
B2_RIDGE_QF_lag10_alpha100.0_valgrp_outdoor_forward,Ridge+SourceStandardScaler,UZH_FPV,"indoor_45_13_snapdragon,indoor_45_14_snapdragon,indoor_45_2_snapdragon,indoor_45_4_snapdragon,indoor_forward_10_snapdragon,indoor_forward_6_snapdragon,indoor_forward_9_snapdragon",source_validation_selection,SOURCE_SELECTION_UZH
B2_RIDGE_QF_lag25_alpha1e-06_valgrp_indoor_forward,Ridge+SourceStandardScaler,UZH_FPV,"indoor_45_13_snapdragon,indoor_45_14_snapdragon,indoor_45_2_snapdragon,indoor_45_4_snapdragon,outdoor_forward_1_snapdragon",source_validation_selection,SOURCE_SELECTION_UZH
B2_RIDGE_QF_lag25_alpha1e-06_valgrp_indoor_45,Ridge+SourceStandardScaler,UZH_FPV,"indoor_forward_10_snapdragon,indoor_forward_6_snapdragon,indoor_forward_9_snapdragon,outdoor_forward_1_snapdragon",source_validation_selection,SOURCE_SELECTION_UZH
B2_RIDGE_QF_lag25_alpha1e-06_valgrp_outdoor_forward,Ridge+SourceStandardScaler,UZH_FPV,"indoor_45_13_snapdragon,indoor_45_14_snapdragon,indoor_45_2_snapdragon,indoor_45_4_snapdragon,indoor_forward_10_snapdragon,indoor_forward_6_snapdragon,indoor_forward_9_snapdragon",source_validation_selection,SOURCE_SELECTION_UZH
B2_RIDGE_QF_lag25_alpha0.0001_valgrp_indoor_forward,Ridge+SourceStandardScaler,UZH_FPV,"indoor_45_13_snapdragon,indoor_45_14_snapdragon,indoor_45_2_snapdragon,indoor_45_4_snapdragon,outdoor_forward_1_snapdragon",source_validation_selection,SOURCE_SELECTION_UZH
B2_RIDGE_QF_lag25_alpha0.0001_valgrp_indoor_45,Ridge+SourceStandardScaler,UZH_FPV,"indoor_forward_10_snapdragon,indoor_forward_6_snapdragon,indoor_forward_9_snapdragon,outdoor_forward_1_snapdragon",source_validation_selection,SOURCE_SELECTION_UZH
B2_RIDGE_QF_lag25_alpha0.0001_valgrp_outdoor_forward,Ridge+SourceStandardScaler,UZH_FPV,"indoor_45_13_snapdragon,indoor_45_14_snapdragon,indoor_45_2_snapdragon,indoor_45_4_snapdragon,indoor_forward_10_snapdragon,indoor_forward_6_snapdragon,indoor_forward_9_snapdragon",source_validation_selection,SOURCE_SELECTION_UZH
B2_RIDGE_QF_lag25_alpha0.01_valgrp_indoor_forward,Ridge+SourceStandardScaler,UZH_FPV,"indoor_45_13_snapdragon,indoor_45_14_snapdragon,indoor_45_2_snapdragon,indoor_45_4_snapdragon,outdoor_forward_1_snapdragon",source_validation_selection,SOURCE_SELECTION_UZH
B2_RIDGE_QF_lag25_alpha0.01_valgrp_indoor_45,Ridge+SourceStandardScaler,UZH_FPV,"indoor_forward_10_snapdragon,indoor_forward_6_snapdragon,indoor_forward_9_snapdragon,outdoor_forward_1_snapdragon",source_validation_selection,SOURCE_SELECTION_UZH
B2_RIDGE_QF_lag25_alpha0.01_valgrp_outdoor_forward,Ridge+SourceStandardScaler,UZH_FPV,"indoor_45_13_snapdragon,indoor_45_14_snapdragon,indoor_45_2_snapdragon,indoor_45_4_snapdragon,indoor_forward_10_snapdragon,indoor_forward_6_snapdragon,indoor_forward_9_snapdragon",source_validation_selection,SOURCE_SELECTION_UZH
B2_RIDGE_QF_lag25_alpha1.0_valgrp_indoor_forward,Ridge+SourceStandardScaler,UZH_FPV,"indoor_45_13_snapdragon,indoor_45_14_snapdragon,indoor_45_2_snapdragon,indoor_45_4_snapdragon,outdoor_forward_1_snapdragon",source_validation_selection,SOURCE_SELECTION_UZH
B2_RIDGE_QF_lag25_alpha1.0_valgrp_indoor_45,Ridge+SourceStandardScaler,UZH_FPV,"indoor_forward_10_snapdragon,indoor_forward_6_snapdragon,indoor_forward_9_snapdragon,outdoor_forward_1_snapdragon",source_validation_selection,SOURCE_SELECTION_UZH
B2_RIDGE_QF_lag25_alpha1.0_valgrp_outdoor_forward,Ridge+SourceStandardScaler,UZH_FPV,"indoor_45_13_snapdragon,indoor_45_14_snapdragon,indoor_45_2_snapdragon,indoor_45_4_snapdragon,indoor_forward_10_snapdragon,indoor_forward_6_snapdragon,indoor_forward_9_snapdragon",source_validation_selection,SOURCE_SELECTION_UZH
B2_RIDGE_QF_lag25_alpha100.0_valgrp_indoor_forward,Ridge+SourceStandardScaler,UZH_FPV,"indoor_45_13_snapdragon,indoor_45_14_snapdragon,indoor_45_2_snapdragon,indoor_45_4_snapdragon,outdoor_forward_1_snapdragon",source_validation_selection,SOURCE_SELECTION_UZH
B2_RIDGE_QF_lag25_alpha100.0_valgrp_indoor_45,Ridge+SourceStandardScaler,UZH_FPV,"indoor_forward_10_snapdragon,indoor_forward_6_snapdragon,indoor_forward_9_snapdragon,outdoor_forward_1_snapdragon",source_validation_selection,SOURCE_SELECTION_UZH
B2_RIDGE_QF_lag25_alpha100.0_valgrp_outdoor_forward,Ridge+SourceStandardScaler,UZH_FPV,"indoor_45_13_snapdragon,indoor_45_14_snapdragon,indoor_45_2_snapdragon,indoor_45_4_snapdragon,indoor_forward_10_snapdragon,indoor_forward_6_snapdragon,indoor_forward_9_snapdragon",source_validation_selection,SOURCE_SELECTION_UZH
B2_RIDGE_QF_lag50_alpha1e-06_valgrp_indoor_forward,Ridge+SourceStandardScaler,UZH_FPV,"indoor_45_13_snapdragon,indoor_45_14_snapdragon,indoor_45_2_snapdragon,indoor_45_4_snapdragon,outdoor_forward_1_snapdragon",source_validation_selection,SOURCE_SELECTION_UZH
B2_RIDGE_QF_lag50_alpha1e-06_valgrp_indoor_45,Ridge+SourceStandardScaler,UZH_FPV,"indoor_forward_10_snapdragon,indoor_forward_6_snapdragon,indoor_forward_9_snapdragon,outdoor_forward_1_snapdragon",source_validation_selection,SOURCE_SELECTION_UZH
B2_RIDGE_QF_lag50_alpha1e-06_valgrp_outdoor_forward,Ridge+SourceStandardScaler,UZH_FPV,"indoor_45_13_snapdragon,indoor_45_14_snapdragon,indoor_45_2_snapdragon,indoor_45_4_snapdragon,indoor_forward_10_snapdragon,indoor_forward_6_snapdragon,indoor_forward_9_snapdragon",source_validation_selection,SOURCE_SELECTION_UZH
B2_RIDGE_QF_lag50_alpha0.0001_valgrp_indoor_forward,Ridge+SourceStandardScaler,UZH_FPV,"indoor_45_13_snapdragon,indoor_45_14_snapdragon,indoor_45_2_snapdragon,indoor_45_4_snapdragon,outdoor_forward_1_snapdragon",source_validation_selection,SOURCE_SELECTION_UZH
B2_RIDGE_QF_lag50_alpha0.0001_valgrp_indoor_45,Ridge+SourceStandardScaler,UZH_FPV,"indoor_forward_10_snapdragon,indoor_forward_6_snapdragon,indoor_forward_9_snapdragon,outdoor_forward_1_snapdragon",source_validation_selection,SOURCE_SELECTION_UZH
B2_RIDGE_QF_lag50_alpha0.0001_valgrp_outdoor_forward,Ridge+SourceStandardScaler,UZH_FPV,"indoor_45_13_snapdragon,indoor_45_14_snapdragon,indoor_45_2_snapdragon,indoor_45_4_snapdragon,indoor_forward_10_snapdragon,indoor_forward_6_snapdragon,indoor_forward_9_snapdragon",source_validation_selection,SOURCE_SELECTION_UZH
B2_RIDGE_QF_lag50_alpha0.01_valgrp_indoor_forward,Ridge+SourceStandardScaler,UZH_FPV,"indoor_45_13_snapdragon,indoor_45_14_snapdragon,indoor_45_2_snapdragon,indoor_45_4_snapdragon,outdoor_forward_1_snapdragon",source_validation_selection,SOURCE_SELECTION_UZH
B2_RIDGE_QF_lag50_alpha0.01_valgrp_indoor_45,Ridge+SourceStandardScaler,UZH_FPV,"indoor_forward_10_snapdragon,indoor_forward_6_snapdragon,indoor_forward_9_snapdragon,outdoor_forward_1_snapdragon",source_validation_selection,SOURCE_SELECTION_UZH
B2_RIDGE_QF_lag50_alpha0.01_valgrp_outdoor_forward,Ridge+SourceStandardScaler,UZH_FPV,"indoor_45_13_snapdragon,indoor_45_14_snapdragon,indoor_45_2_snapdragon,indoor_45_4_snapdragon,indoor_forward_10_snapdragon,indoor_forward_6_snapdragon,indoor_forward_9_snapdragon",source_validation_selection,SOURCE_SELECTION_UZH
B2_RIDGE_QF_lag50_alpha1.0_valgrp_indoor_forward,Ridge+SourceStandardScaler,UZH_FPV,"indoor_45_13_snapdragon,indoor_45_14_snapdragon,indoor_45_2_snapdragon,indoor_45_4_snapdragon,outdoor_forward_1_snapdragon",source_validation_selection,SOURCE_SELECTION_UZH
B2_RIDGE_QF_lag50_alpha1.0_valgrp_indoor_45,Ridge+SourceStandardScaler,UZH_FPV,"indoor_forward_10_snapdragon,indoor_forward_6_snapdragon,indoor_forward_9_snapdragon,outdoor_forward_1_snapdragon",source_validation_selection,SOURCE_SELECTION_UZH
B2_RIDGE_QF_lag50_alpha1.0_valgrp_outdoor_forward,Ridge+SourceStandardScaler,UZH_FPV,"indoor_45_13_snapdragon,indoor_45_14_snapdragon,indoor_45_2_snapdragon,indoor_45_4_snapdragon,indoor_forward_10_snapdragon,indoor_forward_6_snapdragon,indoor_forward_9_snapdragon",source_validation_selection,SOURCE_SELECTION_UZH
B2_RIDGE_QF_lag50_alpha100.0_valgrp_indoor_forward,Ridge+SourceStandardScaler,UZH_FPV,"indoor_45_13_snapdragon,indoor_45_14_snapdragon,indoor_45_2_snapdragon,indoor_45_4_snapdragon,outdoor_forward_1_snapdragon",source_validation_selection,SOURCE_SELECTION_UZH
B2_RIDGE_QF_lag50_alpha100.0_valgrp_indoor_45,Ridge+SourceStandardScaler,UZH_FPV,"indoor_forward_10_snapdragon,indoor_forward_6_snapdragon,indoor_forward_9_snapdragon,outdoor_forward_1_snapdragon",source_validation_selection,SOURCE_SELECTION_UZH
B2_RIDGE_QF_lag50_alpha100.0_valgrp_outdoor_forward,Ridge+SourceStandardScaler,UZH_FPV,"indoor_45_13_snapdragon,indoor_45_14_snapdragon,indoor_45_2_snapdragon,indoor_45_4_snapdragon,indoor_forward_10_snapdragon,indoor_forward_6_snapdragon,indoor_forward_9_snapdragon",source_validation_selection,SOURCE_SELECTION_UZH
B2_RIDGE_QF_lag100_alpha1e-06_valgrp_indoor_forward,Ridge+SourceStandardScaler,UZH_FPV,"indoor_45_13_snapdragon,indoor_45_14_snapdragon,indoor_45_2_snapdragon,indoor_45_4_snapdragon,outdoor_forward_1_snapdragon",source_validation_selection,SOURCE_SELECTION_UZH
B2_RIDGE_QF_lag100_alpha1e-06_valgrp_indoor_45,Ridge+SourceStandardScaler,UZH_FPV,"indoor_forward_10_snapdragon,indoor_forward_6_snapdragon,indoor_forward_9_snapdragon,outdoor_forward_1_snapdragon",source_validation_selection,SOURCE_SELECTION_UZH
B2_RIDGE_QF_lag100_alpha1e-06_valgrp_outdoor_forward,Ridge+SourceStandardScaler,UZH_FPV,"indoor_45_13_snapdragon,indoor_45_14_snapdragon,indoor_45_2_snapdragon,indoor_45_4_snapdragon,indoor_forward_10_snapdragon,indoor_forward_6_snapdragon,indoor_forward_9_snapdragon",source_validation_selection,SOURCE_SELECTION_UZH
B2_RIDGE_QF_lag100_alpha0.0001_valgrp_indoor_forward,Ridge+SourceStandardScaler,UZH_FPV,"indoor_45_13_snapdragon,indoor_45_14_snapdragon,indoor_45_2_snapdragon,indoor_45_4_snapdragon,outdoor_forward_1_snapdragon",source_validation_selection,SOURCE_SELECTION_UZH
B2_RIDGE_QF_lag100_alpha0.0001_valgrp_indoor_45,Ridge+SourceStandardScaler,UZH_FPV,"indoor_forward_10_snapdragon,indoor_forward_6_snapdragon,indoor_forward_9_snapdragon,outdoor_forward_1_snapdragon",source_validation_selection,SOURCE_SELECTION_UZH
B2_RIDGE_QF_lag100_alpha0.0001_valgrp_outdoor_forward,Ridge+SourceStandardScaler,UZH_FPV,"indoor_45_13_snapdragon,indoor_45_14_snapdragon,indoor_45_2_snapdragon,indoor_45_4_snapdragon,indoor_forward_10_snapdragon,indoor_forward_6_snapdragon,indoor_forward_9_snapdragon",source_validation_selection,SOURCE_SELECTION_UZH
B2_RIDGE_QF_lag100_alpha0.01_valgrp_indoor_forward,Ridge+SourceStandardScaler,UZH_FPV,"indoor_45_13_snapdragon,indoor_45_14_snapdragon,indoor_45_2_snapdragon,indoor_45_4_snapdragon,outdoor_forward_1_snapdragon",source_validation_selection,SOURCE_SELECTION_UZH
B2_RIDGE_QF_lag100_alpha0.01_valgrp_indoor_45,Ridge+SourceStandardScaler,UZH_FPV,"indoor_forward_10_snapdragon,indoor_forward_6_snapdragon,indoor_forward_9_snapdragon,outdoor_forward_1_snapdragon",source_validation_selection,SOURCE_SELECTION_UZH
B2_RIDGE_QF_lag100_alpha0.01_valgrp_outdoor_forward,Ridge+SourceStandardScaler,UZH_FPV,"indoor_45_13_snapdragon,indoor_45_14_snapdragon,indoor_45_2_snapdragon,indoor_45_4_snapdragon,indoor_forward_10_snapdragon,indoor_forward_6_snapdragon,indoor_forward_9_snapdragon",source_validation_selection,SOURCE_SELECTION_UZH
B2_RIDGE_QF_lag100_alpha1.0_valgrp_indoor_forward,Ridge+SourceStandardScaler,UZH_FPV,"indoor_45_13_snapdragon,indoor_45_14_snapdragon,indoor_45_2_snapdragon,indoor_45_4_snapdragon,outdoor_forward_1_snapdragon",source_validation_selection,SOURCE_SELECTION_UZH
B2_RIDGE_QF_lag100_alpha1.0_valgrp_indoor_45,Ridge+SourceStandardScaler,UZH_FPV,"indoor_forward_10_snapdragon,indoor_forward_6_snapdragon,indoor_forward_9_snapdragon,outdoor_forward_1_snapdragon",source_validation_selection,SOURCE_SELECTION_UZH
B2_RIDGE_QF_lag100_alpha1.0_valgrp_outdoor_forward,Ridge+SourceStandardScaler,UZH_FPV,"indoor_45_13_snapdragon,indoor_45_14_snapdragon,indoor_45_2_snapdragon,indoor_45_4_snapdragon,indoor_forward_10_snapdragon,indoor_forward_6_snapdragon,indoor_forward_9_snapdragon",source_validation_selection,SOURCE_SELECTION_UZH
B2_RIDGE_QF_lag100_alpha100.0_valgrp_indoor_forward,Ridge+SourceStandardScaler,UZH_FPV,"indoor_45_13_snapdragon,indoor_45_14_snapdragon,indoor_45_2_snapdragon,indoor_45_4_snapdragon,outdoor_forward_1_snapdragon",source_validation_selection,SOURCE_SELECTION_UZH
B2_RIDGE_QF_lag100_alpha100.0_valgrp_indoor_45,Ridge+SourceStandardScaler,UZH_FPV,"indoor_forward_10_snapdragon,indoor_forward_6_snapdragon,indoor_forward_9_snapdragon,outdoor_forward_1_snapdragon",source_validation_selection,SOURCE_SELECTION_UZH
B2_RIDGE_QF_lag100_alpha100.0_valgrp_outdoor_forward,Ridge+SourceStandardScaler,UZH_FPV,"indoor_45_13_snapdragon,indoor_45_14_snapdragon,indoor_45_2_snapdragon,indoor_45_4_snapdragon,indoor_forward_10_snapdragon,indoor_forward_6_snapdragon,indoor_forward_9_snapdragon",source_validation_selection,SOURCE_SELECTION_UZH
B3_RIDGE_QF_QW_lag10_alpha1e-06_valgrp_indoor_forward,Ridge+SourceStandardScaler,UZH_FPV,"indoor_45_13_snapdragon,indoor_45_14_snapdragon,indoor_45_2_snapdragon,indoor_45_4_snapdragon,outdoor_forward_1_snapdragon",source_validation_selection,SOURCE_SELECTION_UZH
B3_RIDGE_QF_QW_lag10_alpha1e-06_valgrp_indoor_45,Ridge+SourceStandardScaler,UZH_FPV,"indoor_forward_10_snapdragon,indoor_forward_6_snapdragon,indoor_forward_9_snapdragon,outdoor_forward_1_snapdragon",source_validation_selection,SOURCE_SELECTION_UZH
B3_RIDGE_QF_QW_lag10_alpha1e-06_valgrp_outdoor_forward,Ridge+SourceStandardScaler,UZH_FPV,"indoor_45_13_snapdragon,indoor_45_14_snapdragon,indoor_45_2_snapdragon,indoor_45_4_snapdragon,indoor_forward_10_snapdragon,indoor_forward_6_snapdragon,indoor_forward_9_snapdragon",source_validation_selection,SOURCE_SELECTION_UZH
B3_RIDGE_QF_QW_lag10_alpha0.0001_valgrp_indoor_forward,Ridge+SourceStandardScaler,UZH_FPV,"indoor_45_13_snapdragon,indoor_45_14_snapdragon,indoor_45_2_snapdragon,indoor_45_4_snapdragon,outdoor_forward_1_snapdragon",source_validation_selection,SOURCE_SELECTION_UZH
B3_RIDGE_QF_QW_lag10_alpha0.0001_valgrp_indoor_45,Ridge+SourceStandardScaler,UZH_FPV,"indoor_forward_10_snapdragon,indoor_forward_6_snapdragon,indoor_forward_9_snapdragon,outdoor_forward_1_snapdragon",source_validation_selection,SOURCE_SELECTION_UZH
B3_RIDGE_QF_QW_lag10_alpha0.0001_valgrp_outdoor_forward,Ridge+SourceStandardScaler,UZH_FPV,"indoor_45_13_snapdragon,indoor_45_14_snapdragon,indoor_45_2_snapdragon,indoor_45_4_snapdragon,indoor_forward_10_snapdragon,indoor_forward_6_snapdragon,indoor_forward_9_snapdragon",source_validation_selection,SOURCE_SELECTION_UZH
B3_RIDGE_QF_QW_lag10_alpha0.01_valgrp_indoor_forward,Ridge+SourceStandardScaler,UZH_FPV,"indoor_45_13_snapdragon,indoor_45_14_snapdragon,indoor_45_2_snapdragon,indoor_45_4_snapdragon,outdoor_forward_1_snapdragon",source_validation_selection,SOURCE_SELECTION_UZH
B3_RIDGE_QF_QW_lag10_alpha0.01_valgrp_indoor_45,Ridge+SourceStandardScaler,UZH_FPV,"indoor_forward_10_snapdragon,indoor_forward_6_snapdragon,indoor_forward_9_snapdragon,outdoor_forward_1_snapdragon",source_validation_selection,SOURCE_SELECTION_UZH
B3_RIDGE_QF_QW_lag10_alpha0.01_valgrp_outdoor_forward,Ridge+SourceStandardScaler,UZH_FPV,"indoor_45_13_snapdragon,indoor_45_14_snapdragon,indoor_45_2_snapdragon,indoor_45_4_snapdragon,indoor_forward_10_snapdragon,indoor_forward_6_snapdragon,indoor_forward_9_snapdragon",source_validation_selection,SOURCE_SELECTION_UZH
B3_RIDGE_QF_QW_lag10_alpha1.0_valgrp_indoor_forward,Ridge+SourceStandardScaler,UZH_FPV,"indoor_45_13_snapdragon,indoor_45_14_snapdragon,indoor_45_2_snapdragon,indoor_45_4_snapdragon,outdoor_forward_1_snapdragon",source_validation_selection,SOURCE_SELECTION_UZH
B3_RIDGE_QF_QW_lag10_alpha1.0_valgrp_indoor_45,Ridge+SourceStandardScaler,UZH_FPV,"indoor_forward_10_snapdragon,indoor_forward_6_snapdragon,indoor_forward_9_snapdragon,outdoor_forward_1_snapdragon",source_validation_selection,SOURCE_SELECTION_UZH
B3_RIDGE_QF_QW_lag10_alpha1.0_valgrp_outdoor_forward,Ridge+SourceStandardScaler,UZH_FPV,"indoor_45_13_snapdragon,indoor_45_14_snapdragon,indoor_45_2_snapdragon,indoor_45_4_snapdragon,indoor_forward_10_snapdragon,indoor_forward_6_snapdragon,indoor_forward_9_snapdragon",source_validation_selection,SOURCE_SELECTION_UZH
B3_RIDGE_QF_QW_lag10_alpha100.0_valgrp_indoor_forward,Ridge+SourceStandardScaler,UZH_FPV,"indoor_45_13_snapdragon,indoor_45_14_snapdragon,indoor_45_2_snapdragon,indoor_45_4_snapdragon,outdoor_forward_1_snapdragon",source_validation_selection,SOURCE_SELECTION_UZH
B3_RIDGE_QF_QW_lag10_alpha100.0_valgrp_indoor_45,Ridge+SourceStandardScaler,UZH_FPV,"indoor_forward_10_snapdragon,indoor_forward_6_snapdragon,indoor_forward_9_snapdragon,outdoor_forward_1_snapdragon",source_validation_selection,SOURCE_SELECTION_UZH
B3_RIDGE_QF_QW_lag10_alpha100.0_valgrp_outdoor_forward,Ridge+SourceStandardScaler,UZH_FPV,"indoor_45_13_snapdragon,indoor_45_14_snapdragon,indoor_45_2_snapdragon,indoor_45_4_snapdragon,indoor_forward_10_snapdragon,indoor_forward_6_snapdragon,indoor_forward_9_snapdragon",source_validation_selection,SOURCE_SELECTION_UZH
B3_RIDGE_QF_QW_lag25_alpha1e-06_valgrp_indoor_forward,Ridge+SourceStandardScaler,UZH_FPV,"indoor_45_13_snapdragon,indoor_45_14_snapdragon,indoor_45_2_snapdragon,indoor_45_4_snapdragon,outdoor_forward_1_snapdragon",source_validation_selection,SOURCE_SELECTION_UZH
B3_RIDGE_QF_QW_lag25_alpha1e-06_valgrp_indoor_45,Ridge+SourceStandardScaler,UZH_FPV,"indoor_forward_10_snapdragon,indoor_forward_6_snapdragon,indoor_forward_9_snapdragon,outdoor_forward_1_snapdragon",source_validation_selection,SOURCE_SELECTION_UZH
B3_RIDGE_QF_QW_lag25_alpha1e-06_valgrp_outdoor_forward,Ridge+SourceStandardScaler,UZH_FPV,"indoor_45_13_snapdragon,indoor_45_14_snapdragon,indoor_45_2_snapdragon,indoor_45_4_snapdragon,indoor_forward_10_snapdragon,indoor_forward_6_snapdragon,indoor_forward_9_snapdragon",source_validation_selection,SOURCE_SELECTION_UZH
B3_RIDGE_QF_QW_lag25_alpha0.0001_valgrp_indoor_forward,Ridge+SourceStandardScaler,UZH_FPV,"indoor_45_13_snapdragon,indoor_45_14_snapdragon,indoor_45_2_snapdragon,indoor_45_4_snapdragon,outdoor_forward_1_snapdragon",source_validation_selection,SOURCE_SELECTION_UZH
B3_RIDGE_QF_QW_lag25_alpha0.0001_valgrp_indoor_45,Ridge+SourceStandardScaler,UZH_FPV,"indoor_forward_10_snapdragon,indoor_forward_6_snapdragon,indoor_forward_9_snapdragon,outdoor_forward_1_snapdragon",source_validation_selection,SOURCE_SELECTION_UZH
B3_RIDGE_QF_QW_lag25_alpha0.0001_valgrp_outdoor_forward,Ridge+SourceStandardScaler,UZH_FPV,"indoor_45_13_snapdragon,indoor_45_14_snapdragon,indoor_45_2_snapdragon,indoor_45_4_snapdragon,indoor_forward_10_snapdragon,indoor_forward_6_snapdragon,indoor_forward_9_snapdragon",source_validation_selection,SOURCE_SELECTION_UZH
B3_RIDGE_QF_QW_lag25_alpha0.01_valgrp_indoor_forward,Ridge+SourceStandardScaler,UZH_FPV,"indoor_45_13_snapdragon,indoor_45_14_snapdragon,indoor_45_2_snapdragon,indoor_45_4_snapdragon,outdoor_forward_1_snapdragon",source_validation_selection,SOURCE_SELECTION_UZH
B3_RIDGE_QF_QW_lag25_alpha0.01_valgrp_indoor_45,Ridge+SourceStandardScaler,UZH_FPV,"indoor_forward_10_snapdragon,indoor_forward_6_snapdragon,indoor_forward_9_snapdragon,outdoor_forward_1_snapdragon",source_validation_selection,SOURCE_SELECTION_UZH
B3_RIDGE_QF_QW_lag25_alpha0.01_valgrp_outdoor_forward,Ridge+SourceStandardScaler,UZH_FPV,"indoor_45_13_snapdragon,indoor_45_14_snapdragon,indoor_45_2_snapdragon,indoor_45_4_snapdragon,indoor_forward_10_snapdragon,indoor_forward_6_snapdragon,indoor_forward_9_snapdragon",source_validation_selection,SOURCE_SELECTION_UZH
B3_RIDGE_QF_QW_lag25_alpha1.0_valgrp_indoor_forward,Ridge+SourceStandardScaler,UZH_FPV,"indoor_45_13_snapdragon,indoor_45_14_snapdragon,indoor_45_2_snapdragon,indoor_45_4_snapdragon,outdoor_forward_1_snapdragon",source_validation_selection,SOURCE_SELECTION_UZH
B3_RIDGE_QF_QW_lag25_alpha1.0_valgrp_indoor_45,Ridge+SourceStandardScaler,UZH_FPV,"indoor_forward_10_snapdragon,indoor_forward_6_snapdragon,indoor_forward_9_snapdragon,outdoor_forward_1_snapdragon",source_validation_selection,SOURCE_SELECTION_UZH
B3_RIDGE_QF_QW_lag25_alpha1.0_valgrp_outdoor_forward,Ridge+SourceStandardScaler,UZH_FPV,"indoor_45_13_snapdragon,indoor_45_14_snapdragon,indoor_45_2_snapdragon,indoor_45_4_snapdragon,indoor_forward_10_snapdragon,indoor_forward_6_snapdragon,indoor_forward_9_snapdragon",source_validation_selection,SOURCE_SELECTION_UZH
B3_RIDGE_QF_QW_lag25_alpha100.0_valgrp_indoor_forward,Ridge+SourceStandardScaler,UZH_FPV,"indoor_45_13_snapdragon,indoor_45_14_snapdragon,indoor_45_2_snapdragon,indoor_45_4_snapdragon,outdoor_forward_1_snapdragon",source_validation_selection,SOURCE_SELECTION_UZH
B3_RIDGE_QF_QW_lag25_alpha100.0_valgrp_indoor_45,Ridge+SourceStandardScaler,UZH_FPV,"indoor_forward_10_snapdragon,indoor_forward_6_snapdragon,indoor_forward_9_snapdragon,outdoor_forward_1_snapdragon",source_validation_selection,SOURCE_SELECTION_UZH
B3_RIDGE_QF_QW_lag25_alpha100.0_valgrp_outdoor_forward,Ridge+SourceStandardScaler,UZH_FPV,"indoor_45_13_snapdragon,indoor_45_14_snapdragon,indoor_45_2_snapdragon,indoor_45_4_snapdragon,indoor_forward_10_snapdragon,indoor_forward_6_snapdragon,indoor_forward_9_snapdragon",source_validation_selection,SOURCE_SELECTION_UZH
B3_RIDGE_QF_QW_lag50_alpha1e-06_valgrp_indoor_forward,Ridge+SourceStandardScaler,UZH_FPV,"indoor_45_13_snapdragon,indoor_45_14_snapdragon,indoor_45_2_snapdragon,indoor_45_4_snapdragon,outdoor_forward_1_snapdragon",source_validation_selection,SOURCE_SELECTION_UZH
B3_RIDGE_QF_QW_lag50_alpha1e-06_valgrp_indoor_45,Ridge+SourceStandardScaler,UZH_FPV,"indoor_forward_10_snapdragon,indoor_forward_6_snapdragon,indoor_forward_9_snapdragon,outdoor_forward_1_snapdragon",source_validation_selection,SOURCE_SELECTION_UZH
B3_RIDGE_QF_QW_lag50_alpha1e-06_valgrp_outdoor_forward,Ridge+SourceStandardScaler,UZH_FPV,"indoor_45_13_snapdragon,indoor_45_14_snapdragon,indoor_45_2_snapdragon,indoor_45_4_snapdragon,indoor_forward_10_snapdragon,indoor_forward_6_snapdragon,indoor_forward_9_snapdragon",source_validation_selection,SOURCE_SELECTION_UZH
B3_RIDGE_QF_QW_lag50_alpha0.0001_valgrp_indoor_forward,Ridge+SourceStandardScaler,UZH_FPV,"indoor_45_13_snapdragon,indoor_45_14_snapdragon,indoor_45_2_snapdragon,indoor_45_4_snapdragon,outdoor_forward_1_snapdragon",source_validation_selection,SOURCE_SELECTION_UZH
B3_RIDGE_QF_QW_lag50_alpha0.0001_valgrp_indoor_45,Ridge+SourceStandardScaler,UZH_FPV,"indoor_forward_10_snapdragon,indoor_forward_6_snapdragon,indoor_forward_9_snapdragon,outdoor_forward_1_snapdragon",source_validation_selection,SOURCE_SELECTION_UZH
B3_RIDGE_QF_QW_lag50_alpha0.0001_valgrp_outdoor_forward,Ridge+SourceStandardScaler,UZH_FPV,"indoor_45_13_snapdragon,indoor_45_14_snapdragon,indoor_45_2_snapdragon,indoor_45_4_snapdragon,indoor_forward_10_snapdragon,indoor_forward_6_snapdragon,indoor_forward_9_snapdragon",source_validation_selection,SOURCE_SELECTION_UZH
B3_RIDGE_QF_QW_lag50_alpha0.01_valgrp_indoor_forward,Ridge+SourceStandardScaler,UZH_FPV,"indoor_45_13_snapdragon,indoor_45_14_snapdragon,indoor_45_2_snapdragon,indoor_45_4_snapdragon,outdoor_forward_1_snapdragon",source_validation_selection,SOURCE_SELECTION_UZH
B3_RIDGE_QF_QW_lag50_alpha0.01_valgrp_indoor_45,Ridge+SourceStandardScaler,UZH_FPV,"indoor_forward_10_snapdragon,indoor_forward_6_snapdragon,indoor_forward_9_snapdragon,outdoor_forward_1_snapdragon",source_validation_selection,SOURCE_SELECTION_UZH
B3_RIDGE_QF_QW_lag50_alpha0.01_valgrp_outdoor_forward,Ridge+SourceStandardScaler,UZH_FPV,"indoor_45_13_snapdragon,indoor_45_14_snapdragon,indoor_45_2_snapdragon,indoor_45_4_snapdragon,indoor_forward_10_snapdragon,indoor_forward_6_snapdragon,indoor_forward_9_snapdragon",source_validation_selection,SOURCE_SELECTION_UZH
B3_RIDGE_QF_QW_lag50_alpha1.0_valgrp_indoor_forward,Ridge+SourceStandardScaler,UZH_FPV,"indoor_45_13_snapdragon,indoor_45_14_snapdragon,indoor_45_2_snapdragon,indoor_45_4_snapdragon,outdoor_forward_1_snapdragon",source_validation_selection,SOURCE_SELECTION_UZH
B3_RIDGE_QF_QW_lag50_alpha1.0_valgrp_indoor_45,Ridge+SourceStandardScaler,UZH_FPV,"indoor_forward_10_snapdragon,indoor_forward_6_snapdragon,indoor_forward_9_snapdragon,outdoor_forward_1_snapdragon",source_validation_selection,SOURCE_SELECTION_UZH
B3_RIDGE_QF_QW_lag50_alpha1.0_valgrp_outdoor_forward,Ridge+SourceStandardScaler,UZH_FPV,"indoor_45_13_snapdragon,indoor_45_14_snapdragon,indoor_45_2_snapdragon,indoor_45_4_snapdragon,indoor_forward_10_snapdragon,indoor_forward_6_snapdragon,indoor_forward_9_snapdragon",source_validation_selection,SOURCE_SELECTION_UZH
B3_RIDGE_QF_QW_lag50_alpha100.0_valgrp_indoor_forward,Ridge+SourceStandardScaler,UZH_FPV,"indoor_45_13_snapdragon,indoor_45_14_snapdragon,indoor_45_2_snapdragon,indoor_45_4_snapdragon,outdoor_forward_1_snapdragon",source_validation_selection,SOURCE_SELECTION_UZH
B3_RIDGE_QF_QW_lag50_alpha100.0_valgrp_indoor_45,Ridge+SourceStandardScaler,UZH_FPV,"indoor_forward_10_snapdragon,indoor_forward_6_snapdragon,indoor_forward_9_snapdragon,outdoor_forward_1_snapdragon",source_validation_selection,SOURCE_SELECTION_UZH
B3_RIDGE_QF_QW_lag50_alpha100.0_valgrp_outdoor_forward,Ridge+SourceStandardScaler,UZH_FPV,"indoor_45_13_snapdragon,indoor_45_14_snapdragon,indoor_45_2_snapdragon,indoor_45_4_snapdragon,indoor_forward_10_snapdragon,indoor_forward_6_snapdragon,indoor_forward_9_snapdragon",source_validation_selection,SOURCE_SELECTION_UZH
B3_RIDGE_QF_QW_lag100_alpha1e-06_valgrp_indoor_forward,Ridge+SourceStandardScaler,UZH_FPV,"indoor_45_13_snapdragon,indoor_45_14_snapdragon,indoor_45_2_snapdragon,indoor_45_4_snapdragon,outdoor_forward_1_snapdragon",source_validation_selection,SOURCE_SELECTION_UZH
B3_RIDGE_QF_QW_lag100_alpha1e-06_valgrp_indoor_45,Ridge+SourceStandardScaler,UZH_FPV,"indoor_forward_10_snapdragon,indoor_forward_6_snapdragon,indoor_forward_9_snapdragon,outdoor_forward_1_snapdragon",source_validation_selection,SOURCE_SELECTION_UZH
B3_RIDGE_QF_QW_lag100_alpha1e-06_valgrp_outdoor_forward,Ridge+SourceStandardScaler,UZH_FPV,"indoor_45_13_snapdragon,indoor_45_14_snapdragon,indoor_45_2_snapdragon,indoor_45_4_snapdragon,indoor_forward_10_snapdragon,indoor_forward_6_snapdragon,indoor_forward_9_snapdragon",source_validation_selection,SOURCE_SELECTION_UZH
B3_RIDGE_QF_QW_lag100_alpha0.0001_valgrp_indoor_forward,Ridge+SourceStandardScaler,UZH_FPV,"indoor_45_13_snapdragon,indoor_45_14_snapdragon,indoor_45_2_snapdragon,indoor_45_4_snapdragon,outdoor_forward_1_snapdragon",source_validation_selection,SOURCE_SELECTION_UZH
B3_RIDGE_QF_QW_lag100_alpha0.0001_valgrp_indoor_45,Ridge+SourceStandardScaler,UZH_FPV,"indoor_forward_10_snapdragon,indoor_forward_6_snapdragon,indoor_forward_9_snapdragon,outdoor_forward_1_snapdragon",source_validation_selection,SOURCE_SELECTION_UZH
B3_RIDGE_QF_QW_lag100_alpha0.0001_valgrp_outdoor_forward,Ridge+SourceStandardScaler,UZH_FPV,"indoor_45_13_snapdragon,indoor_45_14_snapdragon,indoor_45_2_snapdragon,indoor_45_4_snapdragon,indoor_forward_10_snapdragon,indoor_forward_6_snapdragon,indoor_forward_9_snapdragon",source_validation_selection,SOURCE_SELECTION_UZH
B3_RIDGE_QF_QW_lag100_alpha0.01_valgrp_indoor_forward,Ridge+SourceStandardScaler,UZH_FPV,"indoor_45_13_snapdragon,indoor_45_14_snapdragon,indoor_45_2_snapdragon,indoor_45_4_snapdragon,outdoor_forward_1_snapdragon",source_validation_selection,SOURCE_SELECTION_UZH
B3_RIDGE_QF_QW_lag100_alpha0.01_valgrp_indoor_45,Ridge+SourceStandardScaler,UZH_FPV,"indoor_forward_10_snapdragon,indoor_forward_6_snapdragon,indoor_forward_9_snapdragon,outdoor_forward_1_snapdragon",source_validation_selection,SOURCE_SELECTION_UZH
B3_RIDGE_QF_QW_lag100_alpha0.01_valgrp_outdoor_forward,Ridge+SourceStandardScaler,UZH_FPV,"indoor_45_13_snapdragon,indoor_45_14_snapdragon,indoor_45_2_snapdragon,indoor_45_4_snapdragon,indoor_forward_10_snapdragon,indoor_forward_6_snapdragon,indoor_forward_9_snapdragon",source_validation_selection,SOURCE_SELECTION_UZH
B3_RIDGE_QF_QW_lag100_alpha1.0_valgrp_indoor_forward,Ridge+SourceStandardScaler,UZH_FPV,"indoor_45_13_snapdragon,indoor_45_14_snapdragon,indoor_45_2_snapdragon,indoor_45_4_snapdragon,outdoor_forward_1_snapdragon",source_validation_selection,SOURCE_SELECTION_UZH
B3_RIDGE_QF_QW_lag100_alpha1.0_valgrp_indoor_45,Ridge+SourceStandardScaler,UZH_FPV,"indoor_forward_10_snapdragon,indoor_forward_6_snapdragon,indoor_forward_9_snapdragon,outdoor_forward_1_snapdragon",source_validation_selection,SOURCE_SELECTION_UZH
B3_RIDGE_QF_QW_lag100_alpha1.0_valgrp_outdoor_forward,Ridge+SourceStandardScaler,UZH_FPV,"indoor_45_13_snapdragon,indoor_45_14_snapdragon,indoor_45_2_snapdragon,indoor_45_4_snapdragon,indoor_forward_10_snapdragon,indoor_forward_6_snapdragon,indoor_forward_9_snapdragon",source_validation_selection,SOURCE_SELECTION_UZH
B3_RIDGE_QF_QW_lag100_alpha100.0_valgrp_indoor_forward,Ridge+SourceStandardScaler,UZH_FPV,"indoor_45_13_snapdragon,indoor_45_14_snapdragon,indoor_45_2_snapdragon,indoor_45_4_snapdragon,outdoor_forward_1_snapdragon",source_validation_selection,SOURCE_SELECTION_UZH
B3_RIDGE_QF_QW_lag100_alpha100.0_valgrp_indoor_45,Ridge+SourceStandardScaler,UZH_FPV,"indoor_forward_10_snapdragon,indoor_forward_6_snapdragon,indoor_forward_9_snapdragon,outdoor_forward_1_snapdragon",source_validation_selection,SOURCE_SELECTION_UZH
B3_RIDGE_QF_QW_lag100_alpha100.0_valgrp_outdoor_forward,Ridge+SourceStandardScaler,UZH_FPV,"indoor_45_13_snapdragon,indoor_45_14_snapdragon,indoor_45_2_snapdragon,indoor_45_4_snapdragon,indoor_forward_10_snapdragon,indoor_forward_6_snapdragon,indoor_forward_9_snapdragon",source_validation_selection,SOURCE_SELECTION_UZH
TRANSFER_EUROC_TO_UZH_B2_RIDGE_QF,Ridge+SourceStandardScaler,EUROC,"V1_01_easy,V1_02_medium,V1_03_difficult,V2_01_easy,V2_02_medium,V2_03_difficult",zero_shot_source_final,EUROC_TO_UZH
TRANSFER_EUROC_TO_UZH_B3_RIDGE_QF_QW,Ridge+SourceStandardScaler,EUROC,"V1_01_easy,V1_02_medium,V1_03_difficult,V2_01_easy,V2_02_medium,V2_03_difficult",zero_shot_source_final,EUROC_TO_UZH
TRANSFER_UZH_TO_EUROC_B2_RIDGE_QF,Ridge+SourceStandardScaler,UZH_FPV,"indoor_45_13_snapdragon,indoor_45_14_snapdragon,indoor_45_2_snapdragon,indoor_45_4_snapdragon,indoor_forward_10_snapdragon,indoor_forward_6_snapdragon,indoor_forward_9_snapdragon,outdoor_forward_1_snapdragon",zero_shot_source_final,UZH_TO_EUROC
TRANSFER_UZH_TO_EUROC_B3_RIDGE_QF_QW,Ridge+SourceStandardScaler,UZH_FPV,"indoor_45_13_snapdragon,indoor_45_14_snapdragon,indoor_45_2_snapdragon,indoor_45_4_snapdragon,indoor_forward_10_snapdragon,indoor_forward_6_snapdragon,indoor_forward_9_snapdragon,outdoor_forward_1_snapdragon",zero_shot_source_final,UZH_TO_EUROC
